
   INFO  Server running on [http://127.0.0.1:8000].  

  Press Ctrl+C to stop the server

  Xdebug: [Step Debug] Time-out connecting to debugging client, waited: 200 ms. Tried: localhost:9003 (through xdebug.client_host/xdebug.client_port).
  2026-09-28 20:56:32 /api/storefront .......................................................................... ~ 7s
  Xdebug: [Step Debug] Time-out connecting to debugging client, waited: 200 ms. Tried: localhost:9003 (through xdebug.client_host/xdebug.client_port).
  2026-09-28 21:02:42 /api/storefront .......................................................................... ~ 8s
  Xdebug: [Step Debug] Time-out connecting to debugging client, waited: 200 ms. Tried: localhost:9003 (through xdebug.client_host/xdebug.client_port).
  2026-09-28 21:03:06 /api/storefront .......................................................................... ~ 9s
  Xdebug: [Step Debug] Time-out connecting to debugging client, waited: 200 ms. Tried: localhost:9003 (through xdebug.client_host/xdebug.client_port).
  2026-09-28 21:03:15 /api/storefront .......................................................................... ~ 7s
  Xdebug: [Step Debug] Time-out connecting to debugging client, waited: 200 ms. Tried: localhost:9003 (through xdebug.client_host/xdebug.client_port).
  2026-09-28 21:03:23 /api/media/01a0da49-8e7c-73b7-b3e8-dfc8d35c49da/ef04e23b-292a-4d1f-a3df-97f027eeb584.png . ~ 1s
  Xdebug: [Step Debug] Time-out connecting to debugging client, waited: 200 ms. Tried: localhost:9003 (through xdebug.client_host/xdebug.client_port).
  2026-09-28 21:03:25 /api/media/01a0da49-8e7c-73b7-b3e8-dfc8d35c49da/b7b292d3-d23b-468d-9f6d-c4877959fb39.png . ~ 1s
  Xdebug: [Step Debug] Time-out connecting to debugging client, waited: 200 ms. Tried: localhost:9003 (through xdebug.client_host/xdebug.client_port).
  2026-09-28 21:03:25 /api/media/01a0da49-8e7c-73b7-b3e8-dfc8d35c49da/0cf2e763-bbe8-481b-acd7-7c9409052281.png . ~ 1s
  Xdebug: [Step Debug] Time-out connecting to debugging client, waited: 200 ms. Tried: localhost:9003 (through xdebug.client_host/xdebug.client_port).
  2026-09-28 21:03:31 /api/storefront .......................................................................... ~ 7s
  Xdebug: [Step Debug] Time-out connecting to debugging client, waited: 200 ms. Tried: localhost:9003 (through xdebug.client_host/xdebug.client_port).
  2026-09-28 21:03:39 /api/storefront .......................................................................... ~ 8s
  Xdebug: [Step Debug] Time-out connecting to debugging client, waited: 200 ms. Tried: localhost:9003 (through xdebug.client_host/xdebug.client_port).
  2026-09-28 21:03:48 /api/media/01a0da49-8e7c-73b7-b3e8-dfc8d35c49da/ef04e23b-292a-4d1f-a3df-97f027eeb584.png . ~ 1s
  Xdebug: [Step Debug] Time-out connecting to debugging client, waited: 200 ms. Tried: localhost:9003 (through xdebug.client_host/xdebug.client_port).
  2026-09-28 21:03:48 /api/media/01a0da49-8e7c-73b7-b3e8-dfc8d35c49da/b7b292d3-d23b-468d-9f6d-c4877959fb39.png  ~ 511.35ms
  Xdebug: [Step Debug] Time-out connecting to debugging client, waited: 200 ms. Tried: localhost:9003 (through xdebug.client_host/xdebug.client_port).
  2026-09-28 21:03:48 /api/media/01a0da49-8e7c-73b7-b3e8-dfc8d35c49da/0cf2e763-bbe8-481b-acd7-7c9409052281.png . ~ 1s
  Xdebug: [Step Debug] Time-out connecting to debugging client, waited: 200 ms. Tried: localhost:9003 (through xdebug.client_host/xdebug.client_port).
  2026-09-28 21:04:05 /api/storefront .......................................................................... ~ 7s
  Xdebug: [Step Debug] Time-out connecting to debugging client, waited: 200 ms. Tried: localhost:9003 (through xdebug.client_host/xdebug.client_port).
  2026-09-28 21:04:31 /api/storefront ......................................................................... ~ 12s
  Xdebug: [Step Debug] Time-out connecting to debugging client, waited: 200 ms. Tried: localhost:9003 (through xdebug.client_host/xdebug.client_port).
  2026-09-28 21:05:05 /api/storefront .......................................................................... ~ 9s
  Xdebug: [Step Debug] Time-out connecting to debugging client, waited: 200 ms. Tried: localhost:9003 (through xdebug.client_host/xdebug.client_port).
  2026-09-28 21:05:34 /api/storefront .......................................................................... ~ 7s
  Xdebug: [Step Debug] Time-out connecting to debugging client, waited: 200 ms. Tried: localhost:9003 (through xdebug.client_host/xdebug.client_port).
  2026-09-28 21:06:05 /api/storefront ......................................................................... ~ 12s
  Xdebug: [Step Debug] Time-out connecting to debugging client, waited: 200 ms. Tried: localhost:9003 (through xdebug.client_host/xdebug.client_port).
  2026-09-28 21:06:32 /api/storefront .......................................................................... ~ 8s
  Xdebug: [Step Debug] Time-out connecting to debugging client, waited: 200 ms. Tried: localhost:9003 (through xdebug.client_host/xdebug.client_port).
  2026-09-28 21:06:46 /api/storefront .......................................................................... ~ 8s
  Xdebug: [Step Debug] Time-out connecting to debugging client, waited: 200 ms. Tried: localhost:9003 (through xdebug.client_host/xdebug.client_port).
  2026-09-28 21:06:54 /api/storefront .......................................................................... ~ 7s
  Xdebug: [Step Debug] Time-out connecting to debugging client, waited: 200 ms. Tried: localhost:9003 (through xdebug.client_host/xdebug.client_port).
  2026-09-28 21:07:06 /api/storefront .......................................................................... ~ 8s
  Xdebug: [Step Debug] Time-out connecting to debugging client, waited: 200 ms. Tried: localhost:9003 (through xdebug.client_host/xdebug.client_port).
  2026-09-28 21:07:32 /api/customers/addresses ................................................................. ~ 2s
  Xdebug: [Step Debug] Time-out connecting to debugging client, waited: 200 ms. Tried: localhost:9003 (through xdebug.client_host/xdebug.client_port).
  2026-09-28 21:07:39 /api/orders .............................................................................. ~ 5s
  Xdebug: [Step Debug] Time-out connecting to debugging client, waited: 200 ms. Tried: localhost:9003 (through xdebug.client_host/xdebug.client_port).
  2026-09-28 21:07:44 /api/storefront .......................................................................... ~ 6s
  Xdebug: [Step Debug] Time-out connecting to debugging client, waited: 200 ms. Tried: localhost:9003 (through xdebug.client_host/xdebug.client_port).
  2026-09-28 21:07:51 /api/orders/c6c1de4f-ccbb-4647-9a2c-b4662c2ad2f0 ......................................... ~ 1s
  Xdebug: [Step Debug] Time-out connecting to debugging client, waited: 200 ms. Tried: localhost:9003 (through xdebug.client_host/xdebug.client_port).
  2026-09-28 21:07:51 /api/storefront .......................................................................... ~ 8s
  Xdebug: [Step Debug] Time-out connecting to debugging client, waited: 200 ms. Tried: localhost:9003 (through xdebug.client_host/xdebug.client_port).
  2026-09-28 21:07:52 /api/orders/c6c1de4f-ccbb-4647-9a2c-b4662c2ad2f0 ......................................... ~ 8s
  Xdebug: [Step Debug] Time-out connecting to debugging client, waited: 200 ms. Tried: localhost:9003 (through xdebug.client_host/xdebug.client_port).
  2026-09-28 21:07:59 /api/storefront .......................................................................... ~ 8s
  Xdebug: [Step Debug] Time-out connecting to debugging client, waited: 200 ms. Tried: localhost:9003 (through xdebug.client_host/xdebug.client_port).
  2026-09-28 21:08:07 /api/orders/c6c1de4f-ccbb-4647-9a2c-b4662c2ad2f0 ......................................... ~ 1s
  Xdebug: [Step Debug] Time-out connecting to debugging client, waited: 200 ms. Tried: localhost:9003 (through xdebug.client_host/xdebug.client_port).
  2026-09-28 21:08:07 /api/storefront .......................................................................... ~ 8s
  Xdebug: [Step Debug] Time-out connecting to debugging client, waited: 200 ms. Tried: localhost:9003 (through xdebug.client_host/xdebug.client_port).
  2026-09-28 21:08:08 /api/storefront ......................................................................... ~ 14s
  Xdebug: [Step Debug] Time-out connecting to debugging client, waited: 200 ms. Tried: localhost:9003 (through xdebug.client_host/xdebug.client_port).
  2026-09-28 21:08:15 /api/orders/c6c1de4f-ccbb-4647-9a2c-b4662c2ad2f0 ......................................... ~ 8s
  Xdebug: [Step Debug] Time-out connecting to debugging client, waited: 200 ms. Tried: localhost:9003 (through xdebug.client_host/xdebug.client_port).
  2026-09-28 21:08:23 /api/storefront .......................................................................... ~ 8s
  Xdebug: [Step Debug] Time-out connecting to debugging client, waited: 200 ms. Tried: localhost:9003 (through xdebug.client_host/xdebug.client_port).
  2026-09-28 21:08:31 /api/orders/c6c1de4f-ccbb-4647-9a2c-b4662c2ad2f0 ......................................... ~ 1s
  Xdebug: [Step Debug] Time-out connecting to debugging client, waited: 200 ms. Tried: localhost:9003 (through xdebug.client_host/xdebug.client_port).
  2026-09-28 21:08:33 /api/orders/c6c1de4f-ccbb-4647-9a2c-b4662c2ad2f0 ......................................... ~ 1s
  Xdebug: [Step Debug] Time-out connecting to debugging client, waited: 200 ms. Tried: localhost:9003 (through xdebug.client_host/xdebug.client_port).
  2026-09-28 21:08:41 /api/orders/c6c1de4f-ccbb-4647-9a2c-b4662c2ad2f0 ......................................... ~ 1s
  Xdebug: [Step Debug] Time-out connecting to debugging client, waited: 200 ms. Tried: localhost:9003 (through xdebug.client_host/xdebug.client_port).
  2026-09-28 21:08:46 /api/storefront .......................................................................... ~ 6s
  Xdebug: [Step Debug] Time-out connecting to debugging client, waited: 200 ms. Tried: localhost:9003 (through xdebug.client_host/xdebug.client_port).
  2026-09-28 21:08:53 /api/orders/c6c1de4f-ccbb-4647-9a2c-b4662c2ad2f0 ......................................... ~ 1s
  Xdebug: [Step Debug] Time-out connecting to debugging client, waited: 200 ms. Tried: localhost:9003 (through xdebug.client_host/xdebug.client_port).
  2026-09-28 21:08:53 /api/storefront .......................................................................... ~ 7s
  Xdebug: [Step Debug] Time-out connecting to debugging client, waited: 200 ms. Tried: localhost:9003 (through xdebug.client_host/xdebug.client_port).
  2026-09-28 21:09:01 /api/orders/c6c1de4f-ccbb-4647-9a2c-b4662c2ad2f0 ......................................... ~ 1s
  Xdebug: [Step Debug] Time-out connecting to debugging client, waited: 200 ms. Tried: localhost:9003 (through xdebug.client_host/xdebug.client_port).
  2026-09-28 21:09:01 /api/storefront .......................................................................... ~ 8s
  Xdebug: [Step Debug] Time-out connecting to debugging client, waited: 200 ms. Tried: localhost:9003 (through xdebug.client_host/xdebug.client_port).
  2026-09-28 21:09:09 /api/orders/c6c1de4f-ccbb-4647-9a2c-b4662c2ad2f0 ......................................... ~ 1s
  Xdebug: [Step Debug] Time-out connecting to debugging client, waited: 200 ms. Tried: localhost:9003 (through xdebug.client_host/xdebug.client_port).
  2026-09-28 21:09:09 /api/storefront .......................................................................... ~ 7s
  Xdebug: [Step Debug] Time-out connecting to debugging client, waited: 200 ms. Tried: localhost:9003 (through xdebug.client_host/xdebug.client_port).
  2026-09-28 21:09:17 /api/orders/c6c1de4f-ccbb-4647-9a2c-b4662c2ad2f0 ......................................... ~ 1s
  Xdebug: [Step Debug] Time-out connecting to debugging client, waited: 200 ms. Tried: localhost:9003 (through xdebug.client_host/xdebug.client_port).
  2026-09-28 21:09:17 /api/storefront .......................................................................... ~ 7s
  Xdebug: [Step Debug] Time-out connecting to debugging client, waited: 200 ms. Tried: localhost:9003 (through xdebug.client_host/xdebug.client_port).
  2026-09-28 21:09:25 /api/orders/c6c1de4f-ccbb-4647-9a2c-b4662c2ad2f0 ................................... ~ 512.51ms
  Xdebug: [Step Debug] Time-out connecting to debugging client, waited: 200 ms. Tried: localhost:9003 (through xdebug.client_host/xdebug.client_port).
  2026-09-28 21:09:29 /api/orders/c6c1de4f-ccbb-4647-9a2c-b4662c2ad2f0 ......................................... ~ 1s
  Xdebug: [Step Debug] Time-out connecting to debugging client, waited: 200 ms. Tried: localhost:9003 (through xdebug.client_host/xdebug.client_port).
  2026-09-28 21:09:33 /api/admin/login ......................................................................... ~ 1s
  Xdebug: [Step Debug] Time-out connecting to debugging client, waited: 200 ms. Tried: localhost:9003 (through xdebug.client_host/xdebug.client_port).
  2026-09-28 21:09:35 /api/admin/orders ........................................................................ ~ 1s
  Xdebug: [Step Debug] Time-out connecting to debugging client, waited: 200 ms. Tried: localhost:9003 (through xdebug.client_host/xdebug.client_port).
  2026-09-28 21:09:35 /api/admin/menu .......................................................................... ~ 7s
  Xdebug: [Step Debug] Time-out connecting to debugging client, waited: 200 ms. Tried: localhost:9003 (through xdebug.client_host/xdebug.client_port).
  2026-09-28 21:09:35 /api/admin/settings ...................................................................... ~ 8s
  Xdebug: [Step Debug] Time-out connecting to debugging client, waited: 200 ms. Tried: localhost:9003 (through xdebug.client_host/xdebug.client_port).
  2026-09-28 21:09:43 /api/admin/orders ........................................................................ ~ 1s
  Xdebug: [Step Debug] Time-out connecting to debugging client, waited: 200 ms. Tried: localhost:9003 (through xdebug.client_host/xdebug.client_port).
  2026-09-28 21:09:43 /api/admin/menu .......................................................................... ~ 7s
  Xdebug: [Step Debug] Time-out connecting to debugging client, waited: 200 ms. Tried: localhost:9003 (through xdebug.client_host/xdebug.client_port).
  2026-09-28 21:09:44 /api/storefront ......................................................................... ~ 12s
  Xdebug: [Step Debug] Time-out connecting to debugging client, waited: 200 ms. Tried: localhost:9003 (through xdebug.client_host/xdebug.client_port).
  2026-09-28 21:09:51 /api/orders/c6c1de4f-ccbb-4647-9a2c-b4662c2ad2f0 ......................................... ~ 7s
  Xdebug: [Step Debug] Time-out connecting to debugging client, waited: 200 ms. Tried: localhost:9003 (through xdebug.client_host/xdebug.client_port).
  2026-09-28 21:09:57 /api/storefront .......................................................................... ~ 7s
  Xdebug: [Step Debug] Time-out connecting to debugging client, waited: 200 ms. Tried: localhost:9003 (through xdebug.client_host/xdebug.client_port).
  2026-09-28 21:09:58 /api/admin/orders ........................................................................ ~ 7s
  Xdebug: [Step Debug] Time-out connecting to debugging client, waited: 200 ms. Tried: localhost:9003 (through xdebug.client_host/xdebug.client_port).
  2026-09-28 21:10:05 /api/admin/settings ...................................................................... ~ 2s
  Xdebug: [Step Debug] Time-out connecting to debugging client, waited: 200 ms. Tried: localhost:9003 (through xdebug.client_host/xdebug.client_port).
  2026-09-28 21:10:06 /api/storefront .......................................................................... ~ 8s
  Xdebug: [Step Debug] Time-out connecting to debugging client, waited: 200 ms. Tried: localhost:9003 (through xdebug.client_host/xdebug.client_port).
  2026-09-28 21:10:07 /api/admin/settings ...................................................................... ~ 8s
  Xdebug: [Step Debug] Time-out connecting to debugging client, waited: 200 ms. Tried: localhost:9003 (through xdebug.client_host/xdebug.client_port).
  2026-09-28 21:10:14 /api/admin/orders ........................................................................ ~ 2s
  Xdebug: [Step Debug] Time-out connecting to debugging client, waited: 200 ms. Tried: localhost:9003 (through xdebug.client_host/xdebug.client_port).
  2026-09-28 21:10:16 /api/storefront .......................................................................... ~ 7s
  Xdebug: [Step Debug] Time-out connecting to debugging client, waited: 200 ms. Tried: localhost:9003 (through xdebug.client_host/xdebug.client_port).
  2026-09-28 21:10:16 /api/orders/c6c1de4f-ccbb-4647-9a2c-b4662c2ad2f0 ......................................... ~ 8s
  Xdebug: [Step Debug] Time-out connecting to debugging client, waited: 200 ms. Tried: localhost:9003 (through xdebug.client_host/xdebug.client_port).
  2026-09-28 21:10:24 /api/admin/orders ........................................................................ ~ 2s
  Xdebug: [Step Debug] Time-out connecting to debugging client, waited: 200 ms. Tried: localhost:9003 (through xdebug.client_host/xdebug.client_port).
  2026-09-28 21:10:25 /api/storefront .......................................................................... ~ 7s
  Xdebug: [Step Debug] Time-out connecting to debugging client, waited: 200 ms. Tried: localhost:9003 (through xdebug.client_host/xdebug.client_port).
  2026-09-28 21:10:33 /api/admin/orders ........................................................................ ~ 1s
  Xdebug: [Step Debug] Time-out connecting to debugging client, waited: 200 ms. Tried: localhost:9003 (through xdebug.client_host/xdebug.client_port).
  2026-09-28 21:10:33 /api/orders/c6c1de4f-ccbb-4647-9a2c-b4662c2ad2f0 ......................................... ~ 2s
  Xdebug: [Step Debug] Time-out connecting to debugging client, waited: 200 ms. Tried: localhost:9003 (through xdebug.client_host/xdebug.client_port).
  2026-09-28 21:10:39 /api/admin/orders ........................................................................ ~ 1s
  Xdebug: [Step Debug] Time-out connecting to debugging client, waited: 200 ms. Tried: localhost:9003 (through xdebug.client_host/xdebug.client_port).
  2026-09-28 21:10:41 /api/orders/c6c1de4f-ccbb-4647-9a2c-b4662c2ad2f0 ......................................... ~ 1s
  Xdebug: [Step Debug] Time-out connecting to debugging client, waited: 200 ms. Tried: localhost:9003 (through xdebug.client_host/xdebug.client_port).
  2026-09-28 21:10:47 /api/storefront .......................................................................... ~ 6s
  Xdebug: [Step Debug] Time-out connecting to debugging client, waited: 200 ms. Tried: localhost:9003 (through xdebug.client_host/xdebug.client_port).
  2026-09-28 21:10:53 /api/admin/orders .................................................................. ~ 514.28ms
  Xdebug: [Step Debug] Time-out connecting to debugging client, waited: 200 ms. Tried: localhost:9003 (through xdebug.client_host/xdebug.client_port).
  2026-09-28 21:10:53 /api/orders/c6c1de4f-ccbb-4647-9a2c-b4662c2ad2f0 ......................................... ~ 1s
  Xdebug: [Step Debug] Time-out connecting to debugging client, waited: 200 ms. Tried: localhost:9003 (through xdebug.client_host/xdebug.client_port).
  2026-09-28 21:10:55 /api/admin/orders ........................................................................ ~ 1s
  Xdebug: [Step Debug] Time-out connecting to debugging client, waited: 200 ms. Tried: localhost:9003 (through xdebug.client_host/xdebug.client_port).
  2026-09-28 21:10:57 /api/orders/c6c1de4f-ccbb-4647-9a2c-b4662c2ad2f0 ......................................... ~ 1s
  Xdebug: [Step Debug] Time-out connecting to debugging client, waited: 200 ms. Tried: localhost:9003 (through xdebug.client_host/xdebug.client_port).
  2026-09-28 21:11:03 /api/admin/orders .................................................................. ~ 514.52ms
  Xdebug: [Step Debug] Time-out connecting to debugging client, waited: 200 ms. Tried: localhost:9003 (through xdebug.client_host/xdebug.client_port).
  2026-09-28 21:11:05 /api/orders/c6c1de4f-ccbb-4647-9a2c-b4662c2ad2f0 ......................................... ~ 1s
  Xdebug: [Step Debug] Time-out connecting to debugging client, waited: 200 ms. Tried: localhost:9003 (through xdebug.client_host/xdebug.client_port).
  2026-09-28 21:11:06 /api/storefront .......................................................................... ~ 7s
  Xdebug: [Step Debug] Time-out connecting to debugging client, waited: 200 ms. Tried: localhost:9003 (through xdebug.client_host/xdebug.client_port).
  2026-09-28 21:11:13 /api/admin/orders ........................................................................ ~ 1s
  Xdebug: [Step Debug] Time-out connecting to debugging client, waited: 200 ms. Tried: localhost:9003 (through xdebug.client_host/xdebug.client_port).
  2026-09-28 21:11:13 /api/orders/c6c1de4f-ccbb-4647-9a2c-b4662c2ad2f0 ......................................... ~ 2s
  Xdebug: [Step Debug] Time-out connecting to debugging client, waited: 200 ms. Tried: localhost:9003 (through xdebug.client_host/xdebug.client_port).
  2026-09-28 21:11:20 /api/admin/orders ........................................................................ ~ 1s
  Xdebug: [Step Debug] Time-out connecting to debugging client, waited: 200 ms. Tried: localhost:9003 (through xdebug.client_host/xdebug.client_port).
  2026-09-28 21:11:21 /api/orders/c6c1de4f-ccbb-4647-9a2c-b4662c2ad2f0 ......................................... ~ 1s
  Xdebug: [Step Debug] Time-out connecting to debugging client, waited: 200 ms. Tried: localhost:9003 (through xdebug.client_host/xdebug.client_port).
  2026-09-28 21:11:28 /api/admin/orders ........................................................................ ~ 2s
  Xdebug: [Step Debug] Time-out connecting to debugging client, waited: 200 ms. Tried: localhost:9003 (through xdebug.client_host/xdebug.client_port).
  2026-09-28 21:11:30 /api/orders/c6c1de4f-ccbb-4647-9a2c-b4662c2ad2f0 ................................... ~ 512.71ms
  Xdebug: [Step Debug] Time-out connecting to debugging client, waited: 200 ms. Tried: localhost:9003 (through xdebug.client_host/xdebug.client_port).
  2026-09-28 21:11:36 /api/admin/orders ........................................................................ ~ 1s
  Xdebug: [Step Debug] Time-out connecting to debugging client, waited: 200 ms. Tried: localhost:9003 (through xdebug.client_host/xdebug.client_port).
  2026-09-28 21:11:44 /api/admin/orders ........................................................................ ~ 1s
  Xdebug: [Step Debug] Time-out connecting to debugging client, waited: 200 ms. Tried: localhost:9003 (through xdebug.client_host/xdebug.client_port).
  2026-09-28 21:11:47 /api/orders/c6c1de4f-ccbb-4647-9a2c-b4662c2ad2f0 ......................................... ~ 1s
  Xdebug: [Step Debug] Time-out connecting to debugging client, waited: 200 ms. Tried: localhost:9003 (through xdebug.client_host/xdebug.client_port).
  2026-09-28 21:11:48 /api/storefront .......................................................................... ~ 6s
  Xdebug: [Step Debug] Time-out connecting to debugging client, waited: 200 ms. Tried: localhost:9003 (through xdebug.client_host/xdebug.client_port).
  2026-09-28 21:11:54 /api/admin/orders ....................................................................... ~ 11s
  Xdebug: [Step Debug] Time-out connecting to debugging client, waited: 200 ms. Tried: localhost:9003 (through xdebug.client_host/xdebug.client_port).
  2026-09-28 21:12:06 /api/orders/c6c1de4f-ccbb-4647-9a2c-b4662c2ad2f0 ......................................... ~ 1s
  Xdebug: [Step Debug] Time-out connecting to debugging client, waited: 200 ms. Tried: localhost:9003 (through xdebug.client_host/xdebug.client_port).
  2026-09-28 21:12:06 /api/storefront .......................................................................... ~ 8s
  Xdebug: [Step Debug] Time-out connecting to debugging client, waited: 200 ms. Tried: localhost:9003 (through xdebug.client_host/xdebug.client_port).
  2026-09-28 21:12:14 /api/admin/orders ........................................................................ ~ 1s
  Xdebug: [Step Debug] Time-out connecting to debugging client, waited: 200 ms. Tried: localhost:9003 (through xdebug.client_host/xdebug.client_port).
  2026-09-28 21:12:14 /api/orders/c6c1de4f-ccbb-4647-9a2c-b4662c2ad2f0 ......................................... ~ 2s
  Xdebug: [Step Debug] Time-out connecting to debugging client, waited: 200 ms. Tried: localhost:9003 (through xdebug.client_host/xdebug.client_port).
  2026-09-28 21:12:17 /api/orders/c6c1de4f-ccbb-4647-9a2c-b4662c2ad2f0 ......................................... ~ 1s
  Xdebug: [Step Debug] Time-out connecting to debugging client, waited: 200 ms. Tried: localhost:9003 (through xdebug.client_host/xdebug.client_port).
  2026-09-28 21:12:25 /api/orders/c6c1de4f-ccbb-4647-9a2c-b4662c2ad2f0 ......................................... ~ 1s
  Xdebug: [Step Debug] Time-out connecting to debugging client, waited: 200 ms. Tried: localhost:9003 (through xdebug.client_host/xdebug.client_port).
  2026-09-28 21:12:33 /api/orders/c6c1de4f-ccbb-4647-9a2c-b4662c2ad2f0 ......................................... ~ 1s
  Xdebug: [Step Debug] Time-out connecting to debugging client, waited: 200 ms. Tried: localhost:9003 (through xdebug.client_host/xdebug.client_port).
  2026-09-28 21:12:38 /api/storefront .......................................................................... ~ 7s
  Xdebug: [Step Debug] Time-out connecting to debugging client, waited: 200 ms. Tried: localhost:9003 (through xdebug.client_host/xdebug.client_port).
  2026-09-28 21:12:45 /api/orders/c6c1de4f-ccbb-4647-9a2c-b4662c2ad2f0 ................................... ~ 514.27ms
  Xdebug: [Step Debug] Time-out connecting to debugging client, waited: 200 ms. Tried: localhost:9003 (through xdebug.client_host/xdebug.client_port).
  2026-09-28 21:12:45 /api/storefront .......................................................................... ~ 7s
  Xdebug: [Step Debug] Time-out connecting to debugging client, waited: 200 ms. Tried: localhost:9003 (through xdebug.client_host/xdebug.client_port).
  2026-09-28 21:12:52 /api/admin/orders ........................................................................ ~ 1s
  Xdebug: [Step Debug] Time-out connecting to debugging client, waited: 200 ms. Tried: localhost:9003 (through xdebug.client_host/xdebug.client_port).
  2026-09-28 21:12:52 /api/storefront .......................................................................... ~ 8s
  Xdebug: [Step Debug] Time-out connecting to debugging client, waited: 200 ms. Tried: localhost:9003 (through xdebug.client_host/xdebug.client_port).
  2026-09-28 21:12:54 /api/orders/c6c1de4f-ccbb-4647-9a2c-b4662c2ad2f0 ......................................... ~ 7s
  Xdebug: [Step Debug] Time-out connecting to debugging client, waited: 200 ms. Tried: localhost:9003 (through xdebug.client_host/xdebug.client_port).
  2026-09-28 21:13:00 /api/storefront .......................................................................... ~ 8s
  Xdebug: [Step Debug] Time-out connecting to debugging client, waited: 200 ms. Tried: localhost:9003 (through xdebug.client_host/xdebug.client_port).
  2026-09-28 21:13:09 /api/orders/c6c1de4f-ccbb-4647-9a2c-b4662c2ad2f0 ......................................... ~ 1s
  Xdebug: [Step Debug] Time-out connecting to debugging client, waited: 200 ms. Tried: localhost:9003 (through xdebug.client_host/xdebug.client_port).
  2026-09-28 21:13:32 /api/storefront .......................................................................... ~ 7s
  Xdebug: [Step Debug] Time-out connecting to debugging client, waited: 200 ms. Tried: localhost:9003 (through xdebug.client_host/xdebug.client_port).
  2026-09-28 21:13:40 /api/storefront ......................................................................... ~ 15s
  Xdebug: [Step Debug] Time-out connecting to debugging client, waited: 200 ms. Tried: localhost:9003 (through xdebug.client_host/xdebug.client_port).
  2026-09-28 21:13:47 /api/storefront .................................................................... ~ 505.59ms
  Xdebug: [Step Debug] Time-out connecting to debugging client, waited: 200 ms. Tried: localhost:9003 (through xdebug.client_host/xdebug.client_port).
  2026-09-28 21:13:54 /api/storefront .................................................................... ~ 519.57ms
  Xdebug: [Step Debug] Time-out connecting to debugging client, waited: 200 ms. Tried: localhost:9003 (through xdebug.client_host/xdebug.client_port).
  2026-09-28 21:14:01 /api/orders/c6c1de4f-ccbb-4647-9a2c-b4662c2ad2f0 ......................................... ~ 1s
  Xdebug: [Step Debug] Time-out connecting to debugging client, waited: 200 ms. Tried: localhost:9003 (through xdebug.client_host/xdebug.client_port).
  2026-09-28 21:14:01 /api/storefront .......................................................................... ~ 8s
  Xdebug: [Step Debug] Time-out connecting to debugging client, waited: 200 ms. Tried: localhost:9003 (through xdebug.client_host/xdebug.client_port).
  2026-09-28 21:14:02 /api/admin/orders ........................................................................ ~ 8s
  Xdebug: [Step Debug] Time-out connecting to debugging client, waited: 200 ms. Tried: localhost:9003 (through xdebug.client_host/xdebug.client_port).
  2026-09-28 21:14:11 /api/orders/c6c1de4f-ccbb-4647-9a2c-b4662c2ad2f0 ......................................... ~ 1s
  Xdebug: [Step Debug] Time-out connecting to debugging client, waited: 200 ms. Tried: localhost:9003 (through xdebug.client_host/xdebug.client_port).
  2026-09-28 21:14:13 /api/admin/orders ........................................................................ ~ 1s
  Xdebug: [Step Debug] Time-out connecting to debugging client, waited: 200 ms. Tried: localhost:9003 (through xdebug.client_host/xdebug.client_port).
  2026-09-28 21:14:15 /api/admin/orders ........................................................................ ~ 1s
  Xdebug: [Step Debug] Time-out connecting to debugging client, waited: 200 ms. Tried: localhost:9003 (through xdebug.client_host/xdebug.client_port).
  2026-09-28 21:14:16 /api/admin/orders/01a0ea7d-2044-7058-80b8-c878b2e1fcf7 ................................... ~ 1s
  Xdebug: [Step Debug] Time-out connecting to debugging client, waited: 200 ms. Tried: localhost:9003 (through xdebug.client_host/xdebug.client_port).
  2026-09-28 21:14:17 /api/orders/c6c1de4f-ccbb-4647-9a2c-b4662c2ad2f0 ......................................... ~ 1s
  Xdebug: [Step Debug] Time-out connecting to debugging client, waited: 200 ms. Tried: localhost:9003 (through xdebug.client_host/xdebug.client_port).
  2026-09-28 21:14:18 /api/admin/orders/01a0ea7d-2044-7058-80b8-c878b2e1fcf7/payment ........................... ~ 1s
  Xdebug: [Step Debug] Time-out connecting to debugging client, waited: 200 ms. Tried: localhost:9003 (through xdebug.client_host/xdebug.client_port).
  2026-09-28 21:14:24 /api/admin/orders ........................................................................ ~ 1s
  Xdebug: [Step Debug] Time-out connecting to debugging client, waited: 200 ms. Tried: localhost:9003 (through xdebug.client_host/xdebug.client_port).
  2026-09-28 21:14:25 /api/orders/c6c1de4f-ccbb-4647-9a2c-b4662c2ad2f0 ......................................... ~ 1s
  Xdebug: [Step Debug] Time-out connecting to debugging client, waited: 200 ms. Tried: localhost:9003 (through xdebug.client_host/xdebug.client_port).
  2026-09-28 21:14:32 /api/admin/orders ........................................................................ ~ 1s
  Xdebug: [Step Debug] Time-out connecting to debugging client, waited: 200 ms. Tried: localhost:9003 (through xdebug.client_host/xdebug.client_port).
  2026-09-28 21:14:40 /api/admin/orders ........................................................................ ~ 1s
  Xdebug: [Step Debug] Time-out connecting to debugging client, waited: 200 ms. Tried: localhost:9003 (through xdebug.client_host/xdebug.client_port).
  2026-09-28 21:14:41 /api/storefront .......................................................................... ~ 6s
  Xdebug: [Step Debug] Time-out connecting to debugging client, waited: 200 ms. Tried: localhost:9003 (through xdebug.client_host/xdebug.client_port).
  2026-09-28 21:14:47 /api/storefront .......................................................................... ~ 6s
  Xdebug: [Step Debug] Time-out connecting to debugging client, waited: 200 ms. Tried: localhost:9003 (through xdebug.client_host/xdebug.client_port).
  2026-09-28 21:14:47 /api/admin/orders ........................................................................ ~ 7s
  Xdebug: [Step Debug] Time-out connecting to debugging client, waited: 200 ms. Tried: localhost:9003 (through xdebug.client_host/xdebug.client_port).
  2026-09-28 21:14:54 /api/admin/settings ...................................................................... ~ 2s
  Xdebug: [Step Debug] Time-out connecting to debugging client, waited: 200 ms. Tried: localhost:9003 (through xdebug.client_host/xdebug.client_port).
  2026-09-28 21:14:56 /api/admin/orders .................................................................. ~ 514.32ms
  Xdebug: [Step Debug] Time-out connecting to debugging client, waited: 200 ms. Tried: localhost:9003 (through xdebug.client_host/xdebug.client_port).
  2026-09-28 21:14:56 /api/admin/settings ...................................................................... ~ 1s
  Xdebug: [Step Debug] Time-out connecting to debugging client, waited: 200 ms. Tried: localhost:9003 (through xdebug.client_host/xdebug.client_port).
  2026-09-28 21:15:03 /api/admin/orders ........................................................................ ~ 1s
  Xdebug: [Step Debug] Time-out connecting to debugging client, waited: 200 ms. Tried: localhost:9003 (through xdebug.client_host/xdebug.client_port).
  2026-09-28 21:15:11 /api/admin/orders ........................................................................ ~ 1s
  Xdebug: [Step Debug] Time-out connecting to debugging client, waited: 200 ms. Tried: localhost:9003 (through xdebug.client_host/xdebug.client_port).
  2026-09-28 21:15:17 /api/admin/settings ...................................................................... ~ 1s
  Xdebug: [Step Debug] Time-out connecting to debugging client, waited: 200 ms. Tried: localhost:9003 (through xdebug.client_host/xdebug.client_port).
  2026-09-28 21:15:20 /api/admin/orders ........................................................................ ~ 1s
  Xdebug: [Step Debug] Time-out connecting to debugging client, waited: 200 ms. Tried: localhost:9003 (through xdebug.client_host/xdebug.client_port).
  2026-09-28 21:15:21 /api/storefront .......................................................................... ~ 6s
  Xdebug: [Step Debug] Time-out connecting to debugging client, waited: 200 ms. Tried: localhost:9003 (through xdebug.client_host/xdebug.client_port).
  2026-09-28 21:15:27 /api/storefront .......................................................................... ~ 6s
  Xdebug: [Step Debug] Time-out connecting to debugging client, waited: 200 ms. Tried: localhost:9003 (through xdebug.client_host/xdebug.client_port).
  2026-09-28 21:15:34 /api/admin/orders ........................................................................ ~ 1s
  Xdebug: [Step Debug] Time-out connecting to debugging client, waited: 200 ms. Tried: localhost:9003 (through xdebug.client_host/xdebug.client_port).
  2026-09-28 21:15:35 /api/admin/orders ........................................................................ ~ 1s
  Xdebug: [Step Debug] Time-out connecting to debugging client, waited: 200 ms. Tried: localhost:9003 (through xdebug.client_host/xdebug.client_port).
  2026-09-28 21:15:41 /api/storefront .......................................................................... ~ 6s
  Xdebug: [Step Debug] Time-out connecting to debugging client, waited: 200 ms. Tried: localhost:9003 (through xdebug.client_host/xdebug.client_port).
  2026-09-28 21:15:47 /api/admin/orders ........................................................................ ~ 1s
  Xdebug: [Step Debug] Time-out connecting to debugging client, waited: 200 ms. Tried: localhost:9003 (through xdebug.client_host/xdebug.client_port).
  2026-09-28 21:15:51 /api/admin/orders ........................................................................ ~ 1s
  Xdebug: [Step Debug] Time-out connecting to debugging client, waited: 200 ms. Tried: localhost:9003 (through xdebug.client_host/xdebug.client_port).
  2026-09-28 21:15:53 /api/admin/settings ................................................................ ~ 515.97ms
  Xdebug: [Step Debug] Time-out connecting to debugging client, waited: 200 ms. Tried: localhost:9003 (through xdebug.client_host/xdebug.client_port).
  2026-09-28 21:16:00 /api/admin/orders .................................................................. ~ 513.80ms
  Xdebug: [Step Debug] Time-out connecting to debugging client, waited: 200 ms. Tried: localhost:9003 (through xdebug.client_host/xdebug.client_port).
  2026-09-28 21:16:08 /api/admin/orders ........................................................................ ~ 1s
  Xdebug: [Step Debug] Time-out connecting to debugging client, waited: 200 ms. Tried: localhost:9003 (through xdebug.client_host/xdebug.client_port).
  2026-09-28 21:16:16 /api/admin/orders ........................................................................ ~ 1s
  Xdebug: [Step Debug] Time-out connecting to debugging client, waited: 200 ms. Tried: localhost:9003 (through xdebug.client_host/xdebug.client_port).
  2026-09-28 21:16:21 /api/storefront .......................................................................... ~ 6s
  Xdebug: [Step Debug] Time-out connecting to debugging client, waited: 200 ms. Tried: localhost:9003 (through xdebug.client_host/xdebug.client_port).
  2026-09-28 21:16:27 /api/admin/orders ........................................................................ ~ 1s
  Xdebug: [Step Debug] Time-out connecting to debugging client, waited: 200 ms. Tried: localhost:9003 (through xdebug.client_host/xdebug.client_port).
  2026-09-28 21:16:32 /api/admin/orders ........................................................................ ~ 1s
  Xdebug: [Step Debug] Time-out connecting to debugging client, waited: 200 ms. Tried: localhost:9003 (through xdebug.client_host/xdebug.client_port).
  2026-09-28 21:16:40 /api/admin/orders ........................................................................ ~ 1s
  Xdebug: [Step Debug] Time-out connecting to debugging client, waited: 200 ms. Tried: localhost:9003 (through xdebug.client_host/xdebug.client_port).
  2026-09-28 21:16:41 /api/storefront .......................................................................... ~ 6s
  Xdebug: [Step Debug] Time-out connecting to debugging client, waited: 200 ms. Tried: localhost:9003 (through xdebug.client_host/xdebug.client_port).
  2026-09-28 21:16:48 /api/admin/orders ........................................................................ ~ 1s
  Xdebug: [Step Debug] Time-out connecting to debugging client, waited: 200 ms. Tried: localhost:9003 (through xdebug.client_host/xdebug.client_port).
  2026-09-28 21:17:22 /api/storefront .......................................................................... ~ 7s
  Xdebug: [Step Debug] Time-out connecting to debugging client, waited: 200 ms. Tried: localhost:9003 (through xdebug.client_host/xdebug.client_port).
  2026-09-28 21:17:41 /api/storefront .......................................................................... ~ 7s
  Xdebug: [Step Debug] Time-out connecting to debugging client, waited: 200 ms. Tried: localhost:9003 (through xdebug.client_host/xdebug.client_port).
  2026-09-28 21:17:48 /api/admin/orders ........................................................................ ~ 1s
  Xdebug: [Step Debug] Time-out connecting to debugging client, waited: 200 ms. Tried: localhost:9003 (through xdebug.client_host/xdebug.client_port).
  2026-09-28 21:17:52 /api/admin/orders ........................................................................ ~ 1s
  Xdebug: [Step Debug] Time-out connecting to debugging client, waited: 200 ms. Tried: localhost:9003 (through xdebug.client_host/xdebug.client_port).
  2026-09-28 21:17:53 /api/customers/addresses ................................................................. ~ 1s
  Xdebug: [Step Debug] Time-out connecting to debugging client, waited: 200 ms. Tried: localhost:9003 (through xdebug.client_host/xdebug.client_port).
  2026-09-28 21:18:00 /api/admin/orders ........................................................................ ~ 1s
  Xdebug: [Step Debug] Time-out connecting to debugging client, waited: 200 ms. Tried: localhost:9003 (through xdebug.client_host/xdebug.client_port).
  2026-09-28 21:18:08 /api/admin/orders ........................................................................ ~ 1s
  Xdebug: [Step Debug] Time-out connecting to debugging client, waited: 200 ms. Tried: localhost:9003 (through xdebug.client_host/xdebug.client_port).
  2026-09-28 21:18:16 /api/admin/orders ........................................................................ ~ 1s
  Xdebug: [Step Debug] Time-out connecting to debugging client, waited: 200 ms. Tried: localhost:9003 (through xdebug.client_host/xdebug.client_port).
  2026-09-28 21:18:21 /api/storefront .......................................................................... ~ 6s
  Xdebug: [Step Debug] Time-out connecting to debugging client, waited: 200 ms. Tried: localhost:9003 (through xdebug.client_host/xdebug.client_port).
  2026-09-28 21:18:27 /api/admin/orders ........................................................................ ~ 1s
  Xdebug: [Step Debug] Time-out connecting to debugging client, waited: 200 ms. Tried: localhost:9003 (through xdebug.client_host/xdebug.client_port).
  2026-09-28 21:18:32 /api/admin/orders ........................................................................ ~ 1s
  Xdebug: [Step Debug] Time-out connecting to debugging client, waited: 200 ms. Tried: localhost:9003 (through xdebug.client_host/xdebug.client_port).
  2026-09-28 21:18:40 /api/admin/orders ........................................................................ ~ 1s
  Xdebug: [Step Debug] Time-out connecting to debugging client, waited: 200 ms. Tried: localhost:9003 (through xdebug.client_host/xdebug.client_port).
  2026-09-28 21:18:41 /api/storefront .......................................................................... ~ 6s
  Xdebug: [Step Debug] Time-out connecting to debugging client, waited: 200 ms. Tried: localhost:9003 (through xdebug.client_host/xdebug.client_port).
  2026-09-28 21:18:48 /api/admin/orders .................................................................. ~ 500.90ms
  Xdebug: [Step Debug] Time-out connecting to debugging client, waited: 200 ms. Tried: localhost:9003 (through xdebug.client_host/xdebug.client_port).
  2026-09-28 21:18:56 /api/admin/orders ........................................................................ ~ 1s
  Xdebug: [Step Debug] Time-out connecting to debugging client, waited: 200 ms. Tried: localhost:9003 (through xdebug.client_host/xdebug.client_port).
  2026-09-28 21:19:03 /api/storefront .......................................................................... ~ 6s
  Xdebug: [Step Debug] Time-out connecting to debugging client, waited: 200 ms. Tried: localhost:9003 (through xdebug.client_host/xdebug.client_port).
  2026-09-28 21:19:10 /api/admin/orders ........................................................................ ~ 1s
  Xdebug: [Step Debug] Time-out connecting to debugging client, waited: 200 ms. Tried: localhost:9003 (through xdebug.client_host/xdebug.client_port).
  2026-09-28 21:19:12 /api/admin/orders ........................................................................ ~ 1s
  Xdebug: [Step Debug] Time-out connecting to debugging client, waited: 200 ms. Tried: localhost:9003 (through xdebug.client_host/xdebug.client_port).
  2026-09-28 21:19:20 /api/admin/orders ........................................................................ ~ 1s
  Xdebug: [Step Debug] Time-out connecting to debugging client, waited: 200 ms. Tried: localhost:9003 (through xdebug.client_host/xdebug.client_port).
  2026-09-28 21:19:21 /api/storefront .......................................................................... ~ 6s
  Xdebug: [Step Debug] Time-out connecting to debugging client, waited: 200 ms. Tried: localhost:9003 (through xdebug.client_host/xdebug.client_port).
  2026-09-28 21:19:41 /api/storefront .......................................................................... ~ 7s
  Xdebug: [Step Debug] Time-out connecting to debugging client, waited: 200 ms. Tried: localhost:9003 (through xdebug.client_host/xdebug.client_port).
  2026-09-28 21:19:48 /api/admin/orders .................................................................. ~ 516.16ms
  Xdebug: [Step Debug] Time-out connecting to debugging client, waited: 200 ms. Tried: localhost:9003 (through xdebug.client_host/xdebug.client_port).
  2026-09-28 21:20:21 /api/storefront .......................................................................... ~ 7s
  Xdebug: [Step Debug] Time-out connecting to debugging client, waited: 200 ms. Tried: localhost:9003 (through xdebug.client_host/xdebug.client_port).
  2026-09-28 21:20:41 /api/storefront .......................................................................... ~ 7s
  Xdebug: [Step Debug] Time-out connecting to debugging client, waited: 200 ms. Tried: localhost:9003 (through xdebug.client_host/xdebug.client_port).
  2026-09-28 21:20:48 /api/admin/orders ........................................................................ ~ 1s
  Xdebug: [Step Debug] Time-out connecting to debugging client, waited: 200 ms. Tried: localhost:9003 (through xdebug.client_host/xdebug.client_port).
  2026-09-28 21:21:22 /api/storefront .......................................................................... ~ 7s
  Xdebug: [Step Debug] Time-out connecting to debugging client, waited: 200 ms. Tried: localhost:9003 (through xdebug.client_host/xdebug.client_port).
  2026-09-28 21:21:41 /api/storefront .......................................................................... ~ 7s
  Xdebug: [Step Debug] Time-out connecting to debugging client, waited: 200 ms. Tried: localhost:9003 (through xdebug.client_host/xdebug.client_port).
  2026-09-28 21:21:48 /api/admin/orders ........................................................................ ~ 1s
  Xdebug: [Step Debug] Time-out connecting to debugging client, waited: 200 ms. Tried: localhost:9003 (through xdebug.client_host/xdebug.client_port).
  2026-09-28 21:22:05 /api/storefront .......................................................................... ~ 8s
  Xdebug: [Step Debug] Time-out connecting to debugging client, waited: 200 ms. Tried: localhost:9003 (through xdebug.client_host/xdebug.client_port).
  2026-09-28 21:22:12 /api/storefront .......................................................................... ~ 5s
  Xdebug: [Step Debug] Time-out connecting to debugging client, waited: 200 ms. Tried: localhost:9003 (through xdebug.client_host/xdebug.client_port).
  2026-09-28 21:22:19 /api/admin/orders ........................................................................ ~ 1s
  Xdebug: [Step Debug] Time-out connecting to debugging client, waited: 200 ms. Tried: localhost:9003 (through xdebug.client_host/xdebug.client_port).
  2026-09-28 21:22:24 /api/admin/orders ........................................................................ ~ 1s
  Xdebug: [Step Debug] Time-out connecting to debugging client, waited: 200 ms. Tried: localhost:9003 (through xdebug.client_host/xdebug.client_port).
  2026-09-28 21:22:27 /api/admin/orders ........................................................................ ~ 1s
  Xdebug: [Step Debug] Time-out connecting to debugging client, waited: 200 ms. Tried: localhost:9003 (through xdebug.client_host/xdebug.client_port).
  2026-09-28 21:22:32 /api/admin/orders ........................................................................ ~ 1s
  Xdebug: [Step Debug] Time-out connecting to debugging client, waited: 200 ms. Tried: localhost:9003 (through xdebug.client_host/xdebug.client_port).
  2026-09-28 21:22:35 /api/admin/orders ........................................................................ ~ 1s
  Xdebug: [Step Debug] Time-out connecting to debugging client, waited: 200 ms. Tried: localhost:9003 (through xdebug.client_host/xdebug.client_port).
  2026-09-28 21:22:40 /api/admin/orders ........................................................................ ~ 3s
  Xdebug: [Step Debug] Time-out connecting to debugging client, waited: 200 ms. Tried: localhost:9003 (through xdebug.client_host/xdebug.client_port).
  2026-09-28 21:22:41 /api/storefront .......................................................................... ~ 4s
  Xdebug: [Step Debug] Time-out connecting to debugging client, waited: 200 ms. Tried: localhost:9003 (through xdebug.client_host/xdebug.client_port).
  2026-09-28 21:22:48 /api/admin/orders ........................................................................ ~ 1s
  Xdebug: [Step Debug] Time-out connecting to debugging client, waited: 200 ms. Tried: localhost:9003 (through xdebug.client_host/xdebug.client_port).
  2026-09-28 21:22:56 /api/admin/orders ........................................................................ ~ 1s
  Xdebug: [Step Debug] Time-out connecting to debugging client, waited: 200 ms. Tried: localhost:9003 (through xdebug.client_host/xdebug.client_port).
  2026-09-28 21:23:04 /api/admin/orders ........................................................................ ~ 1s
  Xdebug: [Step Debug] Time-out connecting to debugging client, waited: 200 ms. Tried: localhost:9003 (through xdebug.client_host/xdebug.client_port).
  2026-09-28 21:23:05 /api/storefront .......................................................................... ~ 6s
  Xdebug: [Step Debug] Time-out connecting to debugging client, waited: 200 ms. Tried: localhost:9003 (through xdebug.client_host/xdebug.client_port).
  2026-09-28 21:23:12 /api/admin/orders ........................................................................ ~ 1s
  Xdebug: [Step Debug] Time-out connecting to debugging client, waited: 200 ms. Tried: localhost:9003 (through xdebug.client_host/xdebug.client_port).
  2026-09-28 21:23:20 /api/admin/orders ........................................................................ ~ 1s
  Xdebug: [Step Debug] Time-out connecting to debugging client, waited: 200 ms. Tried: localhost:9003 (through xdebug.client_host/xdebug.client_port).
  2026-09-28 21:23:28 /api/admin/orders ........................................................................ ~ 1s
  Xdebug: [Step Debug] Time-out connecting to debugging client, waited: 200 ms. Tried: localhost:9003 (through xdebug.client_host/xdebug.client_port).
  2026-09-28 21:23:33 /api/storefront .......................................................................... ~ 7s
  Xdebug: [Step Debug] Time-out connecting to debugging client, waited: 200 ms. Tried: localhost:9003 (through xdebug.client_host/xdebug.client_port).
  2026-09-28 21:23:40 /api/admin/orders ........................................................................ ~ 1s
  Xdebug: [Step Debug] Time-out connecting to debugging client, waited: 200 ms. Tried: localhost:9003 (through xdebug.client_host/xdebug.client_port).
  2026-09-28 21:23:42 /api/storefront .......................................................................... ~ 7s
  Xdebug: [Step Debug] Time-out connecting to debugging client, waited: 200 ms. Tried: localhost:9003 (through xdebug.client_host/xdebug.client_port).
  2026-09-28 21:23:49 /api/admin/orders ........................................................................ ~ 1s
  Xdebug: [Step Debug] Time-out connecting to debugging client, waited: 200 ms. Tried: localhost:9003 (through xdebug.client_host/xdebug.client_port).
  2026-09-28 21:24:06 /api/storefront .......................................................................... ~ 6s
  Xdebug: [Step Debug] Time-out connecting to debugging client, waited: 200 ms. Tried: localhost:9003 (through xdebug.client_host/xdebug.client_port).
  2026-09-28 21:24:41 /api/storefront .......................................................................... ~ 6s
  Xdebug: [Step Debug] Time-out connecting to debugging client, waited: 200 ms. Tried: localhost:9003 (through xdebug.client_host/xdebug.client_port).
  2026-09-28 21:24:47 /api/admin/orders ........................................................................ ~ 1s
  Xdebug: [Step Debug] Time-out connecting to debugging client, waited: 200 ms. Tried: localhost:9003 (through xdebug.client_host/xdebug.client_port).
  2026-09-28 21:25:06 /api/storefront .......................................................................... ~ 6s
  Xdebug: [Step Debug] Time-out connecting to debugging client, waited: 200 ms. Tried: localhost:9003 (through xdebug.client_host/xdebug.client_port).
  2026-09-28 21:25:34 /api/admin/orders ........................................................................ ~ 1s
  Xdebug: [Step Debug] Time-out connecting to debugging client, waited: 200 ms. Tried: localhost:9003 (through xdebug.client_host/xdebug.client_port).
  2026-09-28 21:25:36 /api/admin/orders ........................................................................ ~ 1s
  Xdebug: [Step Debug] Time-out connecting to debugging client, waited: 200 ms. Tried: localhost:9003 (through xdebug.client_host/xdebug.client_port).
  2026-09-28 21:25:41 /api/storefront .......................................................................... ~ 6s
  Xdebug: [Step Debug] Time-out connecting to debugging client, waited: 200 ms. Tried: localhost:9003 (through xdebug.client_host/xdebug.client_port).
  2026-09-28 21:25:48 /api/admin/orders ........................................................................ ~ 1s
  Xdebug: [Step Debug] Time-out connecting to debugging client, waited: 200 ms. Tried: localhost:9003 (through xdebug.client_host/xdebug.client_port).
  2026-09-28 21:25:52 /api/admin/orders ........................................................................ ~ 1s
  Xdebug: [Step Debug] Time-out connecting to debugging client, waited: 200 ms. Tried: localhost:9003 (through xdebug.client_host/xdebug.client_port).
  2026-09-28 21:26:00 /api/admin/orders ........................................................................ ~ 1s
  Xdebug: [Step Debug] Time-out connecting to debugging client, waited: 200 ms. Tried: localhost:9003 (through xdebug.client_host/xdebug.client_port).
  2026-09-28 21:26:06 /api/storefront .......................................................................... ~ 6s
  Xdebug: [Step Debug] Time-out connecting to debugging client, waited: 200 ms. Tried: localhost:9003 (through xdebug.client_host/xdebug.client_port).
  2026-09-28 21:26:12 /api/admin/orders ........................................................................ ~ 1s
  Xdebug: [Step Debug] Time-out connecting to debugging client, waited: 200 ms. Tried: localhost:9003 (through xdebug.client_host/xdebug.client_port).
  2026-09-28 21:26:16 /api/admin/orders ........................................................................ ~ 1s
  Xdebug: [Step Debug] Time-out connecting to debugging client, waited: 200 ms. Tried: localhost:9003 (through xdebug.client_host/xdebug.client_port).
  2026-09-28 21:26:24 /api/admin/orders .................................................................. ~ 514.89ms
  Xdebug: [Step Debug] Time-out connecting to debugging client, waited: 200 ms. Tried: localhost:9003 (through xdebug.client_host/xdebug.client_port).
  2026-09-28 21:26:32 /api/admin/orders ........................................................................ ~ 1s
  Xdebug: [Step Debug] Time-out connecting to debugging client, waited: 200 ms. Tried: localhost:9003 (through xdebug.client_host/xdebug.client_port).
  2026-09-28 21:26:41 /api/storefront .......................................................................... ~ 6s
  Xdebug: [Step Debug] Time-out connecting to debugging client, waited: 200 ms. Tried: localhost:9003 (through xdebug.client_host/xdebug.client_port).
  2026-09-28 21:26:47 /api/admin/orders ........................................................................ ~ 1s
  Xdebug: [Step Debug] Time-out connecting to debugging client, waited: 200 ms. Tried: localhost:9003 (through xdebug.client_host/xdebug.client_port).
  2026-09-28 21:27:06 /api/storefront .......................................................................... ~ 7s
  Xdebug: [Step Debug] Time-out connecting to debugging client, waited: 200 ms. Tried: localhost:9003 (through xdebug.client_host/xdebug.client_port).
  2026-09-28 21:27:41 /api/storefront .......................................................................... ~ 6s
  Xdebug: [Step Debug] Time-out connecting to debugging client, waited: 200 ms. Tried: localhost:9003 (through xdebug.client_host/xdebug.client_port).
  2026-09-28 21:27:48 /api/admin/orders ........................................................................ ~ 1s
  Xdebug: [Step Debug] Time-out connecting to debugging client, waited: 200 ms. Tried: localhost:9003 (through xdebug.client_host/xdebug.client_port).
  2026-09-28 21:28:06 /api/storefront .......................................................................... ~ 6s
  Xdebug: [Step Debug] Time-out connecting to debugging client, waited: 200 ms. Tried: localhost:9003 (through xdebug.client_host/xdebug.client_port).
  2026-09-28 21:28:41 /api/storefront .......................................................................... ~ 6s
  Xdebug: [Step Debug] Time-out connecting to debugging client, waited: 200 ms. Tried: localhost:9003 (through xdebug.client_host/xdebug.client_port).
  2026-09-28 21:28:47 /api/admin/orders ........................................................................ ~ 1s
  Xdebug: [Step Debug] Time-out connecting to debugging client, waited: 200 ms. Tried: localhost:9003 (through xdebug.client_host/xdebug.client_port).
  2026-09-28 21:29:39 /api/storefront .......................................................................... ~ 6s
  Xdebug: [Step Debug] Time-out connecting to debugging client, waited: 200 ms. Tried: localhost:9003 (through xdebug.client_host/xdebug.client_port).
  2026-09-28 21:29:45 /api/storefront .......................................................................... ~ 7s
  Xdebug: [Step Debug] Time-out connecting to debugging client, waited: 200 ms. Tried: localhost:9003 (through xdebug.client_host/xdebug.client_port).
  2026-09-28 21:29:51 /api/admin/orders .................................................................. ~ 527.74ms
  Xdebug: [Step Debug] Time-out connecting to debugging client, waited: 200 ms. Tried: localhost:9003 (through xdebug.client_host/xdebug.client_port).
  2026-09-28 21:30:40 /api/storefront .......................................................................... ~ 5s
  Xdebug: [Step Debug] Time-out connecting to debugging client, waited: 200 ms. Tried: localhost:9003 (through xdebug.client_host/xdebug.client_port).
  2026-09-28 21:30:46 /api/storefront .......................................................................... ~ 6s
  Xdebug: [Step Debug] Time-out connecting to debugging client, waited: 200 ms. Tried: localhost:9003 (through xdebug.client_host/xdebug.client_port).
  2026-09-28 21:30:52 /api/admin/orders .................................................................. ~ 502.31ms
  Xdebug: [Step Debug] Time-out connecting to debugging client, waited: 200 ms. Tried: localhost:9003 (through xdebug.client_host/xdebug.client_port).
  2026-09-28 21:31:41 /api/storefront .......................................................................... ~ 5s
  Xdebug: [Step Debug] Time-out connecting to debugging client, waited: 200 ms. Tried: localhost:9003 (through xdebug.client_host/xdebug.client_port).
  2026-09-28 21:31:47 /api/storefront .......................................................................... ~ 6s
  Xdebug: [Step Debug] Time-out connecting to debugging client, waited: 200 ms. Tried: localhost:9003 (through xdebug.client_host/xdebug.client_port).
  2026-09-28 21:31:47 /api/admin/orders ........................................................................ ~ 7s
  Xdebug: [Step Debug] Time-out connecting to debugging client, waited: 200 ms. Tried: localhost:9003 (through xdebug.client_host/xdebug.client_port).
  2026-09-28 21:32:41 /api/storefront .......................................................................... ~ 6s
  Xdebug: [Step Debug] Time-out connecting to debugging client, waited: 200 ms. Tried: localhost:9003 (through xdebug.client_host/xdebug.client_port).
  2026-09-28 21:32:47 /api/storefront .......................................................................... ~ 6s
  Xdebug: [Step Debug] Time-out connecting to debugging client, waited: 200 ms. Tried: localhost:9003 (through xdebug.client_host/xdebug.client_port).
  2026-09-28 21:32:47 /api/admin/orders ........................................................................ ~ 6s
  Xdebug: [Step Debug] Time-out connecting to debugging client, waited: 200 ms. Tried: localhost:9003 (through xdebug.client_host/xdebug.client_port).
  2026-09-28 21:33:41 /api/storefront .......................................................................... ~ 6s
  Xdebug: [Step Debug] Time-out connecting to debugging client, waited: 200 ms. Tried: localhost:9003 (through xdebug.client_host/xdebug.client_port).
  2026-09-28 21:33:47 /api/storefront .......................................................................... ~ 6s
  Xdebug: [Step Debug] Time-out connecting to debugging client, waited: 200 ms. Tried: localhost:9003 (through xdebug.client_host/xdebug.client_port).
  2026-09-28 21:33:47 /api/admin/orders ........................................................................ ~ 6s
  Xdebug: [Step Debug] Time-out connecting to debugging client, waited: 200 ms. Tried: localhost:9003 (through xdebug.client_host/xdebug.client_port).
  2026-09-28 21:34:41 /api/storefront .......................................................................... ~ 6s
  Xdebug: [Step Debug] Time-out connecting to debugging client, waited: 200 ms. Tried: localhost:9003 (through xdebug.client_host/xdebug.client_port).
  2026-09-28 21:34:47 /api/storefront .......................................................................... ~ 6s
  Xdebug: [Step Debug] Time-out connecting to debugging client, waited: 200 ms. Tried: localhost:9003 (through xdebug.client_host/xdebug.client_port).
  2026-09-28 21:34:47 /api/admin/orders ........................................................................ ~ 7s
  Xdebug: [Step Debug] Time-out connecting to debugging client, waited: 200 ms. Tried: localhost:9003 (through xdebug.client_host/xdebug.client_port).
  2026-09-28 21:35:41 /api/storefront .......................................................................... ~ 6s
  Xdebug: [Step Debug] Time-out connecting to debugging client, waited: 200 ms. Tried: localhost:9003 (through xdebug.client_host/xdebug.client_port).
  2026-09-28 21:35:47 /api/storefront .......................................................................... ~ 5s
  Xdebug: [Step Debug] Time-out connecting to debugging client, waited: 200 ms. Tried: localhost:9003 (through xdebug.client_host/xdebug.client_port).
  2026-09-28 21:35:47 /api/admin/orders ........................................................................ ~ 6s
  Xdebug: [Step Debug] Time-out connecting to debugging client, waited: 200 ms. Tried: localhost:9003 (through xdebug.client_host/xdebug.client_port).
  2026-09-28 21:36:41 /api/storefront .......................................................................... ~ 5s
  Xdebug: [Step Debug] Time-out connecting to debugging client, waited: 200 ms. Tried: localhost:9003 (through xdebug.client_host/xdebug.client_port).
  2026-09-28 21:36:47 /api/storefront .......................................................................... ~ 6s
  Xdebug: [Step Debug] Time-out connecting to debugging client, waited: 200 ms. Tried: localhost:9003 (through xdebug.client_host/xdebug.client_port).
  2026-09-28 21:36:47 /api/admin/orders ........................................................................ ~ 7s
  Xdebug: [Step Debug] Time-out connecting to debugging client, waited: 200 ms. Tried: localhost:9003 (through xdebug.client_host/xdebug.client_port).
  2026-09-28 21:37:41 /api/storefront .......................................................................... ~ 6s
  Xdebug: [Step Debug] Time-out connecting to debugging client, waited: 200 ms. Tried: localhost:9003 (through xdebug.client_host/xdebug.client_port).
  2026-09-28 21:37:47 /api/admin/orders ........................................................................ ~ 1s
  Xdebug: [Step Debug] Time-out connecting to debugging client, waited: 200 ms. Tried: localhost:9003 (through xdebug.client_host/xdebug.client_port).
  2026-09-28 21:37:47 /api/storefront .......................................................................... ~ 8s
  Xdebug: [Step Debug] Time-out connecting to debugging client, waited: 200 ms. Tried: localhost:9003 (through xdebug.client_host/xdebug.client_port).
  2026-09-28 21:38:41 /api/storefront .......................................................................... ~ 6s
  Xdebug: [Step Debug] Time-out connecting to debugging client, waited: 200 ms. Tried: localhost:9003 (through xdebug.client_host/xdebug.client_port).
  2026-09-28 21:38:47 /api/admin/orders ........................................................................ ~ 1s
  Xdebug: [Step Debug] Time-out connecting to debugging client, waited: 200 ms. Tried: localhost:9003 (through xdebug.client_host/xdebug.client_port).
  2026-09-28 21:38:47 /api/storefront .......................................................................... ~ 6s
  Xdebug: [Step Debug] Time-out connecting to debugging client, waited: 200 ms. Tried: localhost:9003 (through xdebug.client_host/xdebug.client_port).
  2026-09-28 21:39:41 /api/storefront .......................................................................... ~ 6s
  Xdebug: [Step Debug] Time-out connecting to debugging client, waited: 200 ms. Tried: localhost:9003 (through xdebug.client_host/xdebug.client_port).
  2026-09-28 21:39:47 /api/admin/orders ........................................................................ ~ 1s
  Xdebug: [Step Debug] Time-out connecting to debugging client, waited: 200 ms. Tried: localhost:9003 (through xdebug.client_host/xdebug.client_port).
  2026-09-28 21:39:47 /api/storefront .......................................................................... ~ 8s
  Xdebug: [Step Debug] Time-out connecting to debugging client, waited: 200 ms. Tried: localhost:9003 (through xdebug.client_host/xdebug.client_port).
  2026-09-28 21:40:41 /api/storefront .......................................................................... ~ 6s
  Xdebug: [Step Debug] Time-out connecting to debugging client, waited: 200 ms. Tried: localhost:9003 (through xdebug.client_host/xdebug.client_port).
  2026-09-28 21:41:39 /api/storefront .......................................................................... ~ 8s
  Xdebug: [Step Debug] Time-out connecting to debugging client, waited: 200 ms. Tried: localhost:9003 (through xdebug.client_host/xdebug.client_port).
  2026-09-28 21:41:47 /api/storefront .......................................................................... ~ 6s
  Xdebug: [Step Debug] Time-out connecting to debugging client, waited: 200 ms. Tried: localhost:9003 (through xdebug.client_host/xdebug.client_port).
  2026-09-28 21:42:39 /api/storefront .......................................................................... ~ 6s
  Xdebug: [Step Debug] Time-out connecting to debugging client, waited: 200 ms. Tried: localhost:9003 (through xdebug.client_host/xdebug.client_port).
  2026-09-28 21:43:39 /api/storefront .......................................................................... ~ 6s
  Xdebug: [Step Debug] Time-out connecting to debugging client, waited: 200 ms. Tried: localhost:9003 (through xdebug.client_host/xdebug.client_port).
  2026-09-28 21:44:39 /api/storefront .......................................................................... ~ 6s
  Xdebug: [Step Debug] Time-out connecting to debugging client, waited: 200 ms. Tried: localhost:9003 (through xdebug.client_host/xdebug.client_port).
  2026-09-28 21:45:39 /api/storefront .......................................................................... ~ 6s
  Xdebug: [Step Debug] Time-out connecting to debugging client, waited: 200 ms. Tried: localhost:9003 (through xdebug.client_host/xdebug.client_port).
  2026-09-28 21:46:13 /api/storefront .......................................................................... ~ 6s
  Xdebug: [Step Debug] Time-out connecting to debugging client, waited: 200 ms. Tried: localhost:9003 (through xdebug.client_host/xdebug.client_port).
  2026-09-28 21:46:19 /api/storefront .......................................................................... ~ 6s
  Xdebug: [Step Debug] Time-out connecting to debugging client, waited: 200 ms. Tried: localhost:9003 (through xdebug.client_host/xdebug.client_port).
  2026-09-28 21:46:25 /api/storefront .......................................................................... ~ 6s
  Xdebug: [Step Debug] Time-out connecting to debugging client, waited: 200 ms. Tried: localhost:9003 (through xdebug.client_host/xdebug.client_port).
  2026-09-28 21:46:39 /api/storefront .......................................................................... ~ 6s
  Xdebug: [Step Debug] Time-out connecting to debugging client, waited: 200 ms. Tried: localhost:9003 (through xdebug.client_host/xdebug.client_port).
  2026-09-28 21:46:45 /api/storefront .......................................................................... ~ 6s
  Xdebug: [Step Debug] Time-out connecting to debugging client, waited: 200 ms. Tried: localhost:9003 (through xdebug.client_host/xdebug.client_port).
  2026-09-28 21:46:51 /api/storefront .......................................................................... ~ 6s
  Xdebug: [Step Debug] Time-out connecting to debugging client, waited: 200 ms. Tried: localhost:9003 (through xdebug.client_host/xdebug.client_port).
  2026-09-28 21:47:03 /api/storefront .......................................................................... ~ 6s
  Xdebug: [Step Debug] Time-out connecting to debugging client, waited: 200 ms. Tried: localhost:9003 (through xdebug.client_host/xdebug.client_port).
  2026-09-28 21:47:39 /api/storefront .......................................................................... ~ 6s
  Xdebug: [Step Debug] Time-out connecting to debugging client, waited: 200 ms. Tried: localhost:9003 (through xdebug.client_host/xdebug.client_port).
  2026-09-28 21:48:39 /api/storefront .......................................................................... ~ 6s
  Xdebug: [Step Debug] Time-out connecting to debugging client, waited: 200 ms. Tried: localhost:9003 (through xdebug.client_host/xdebug.client_port).
  2026-09-28 21:49:39 /api/storefront .......................................................................... ~ 7s
  Xdebug: [Step Debug] Time-out connecting to debugging client, waited: 200 ms. Tried: localhost:9003 (through xdebug.client_host/xdebug.client_port).
  2026-09-28 21:50:39 /api/storefront ......................................................................... ~ 16s
  Xdebug: [Step Debug] Time-out connecting to debugging client, waited: 200 ms. Tried: localhost:9003 (through xdebug.client_host/xdebug.client_port).
  2026-09-28 21:51:39 /api/storefront .......................................................................... ~ 6s
  Xdebug: [Step Debug] Time-out connecting to debugging client, waited: 200 ms. Tried: localhost:9003 (through xdebug.client_host/xdebug.client_port).
  2026-09-28 21:52:39 /api/storefront .......................................................................... ~ 6s
  Xdebug: [Step Debug] Time-out connecting to debugging client, waited: 200 ms. Tried: localhost:9003 (through xdebug.client_host/xdebug.client_port).
  2026-09-28 21:53:39 /api/storefront .......................................................................... ~ 6s
  Xdebug: [Step Debug] Time-out connecting to debugging client, waited: 200 ms. Tried: localhost:9003 (through xdebug.client_host/xdebug.client_port).
  2026-09-28 21:53:46 /api/admin/orders ........................................................................ ~ 1s
  Xdebug: [Step Debug] Time-out connecting to debugging client, waited: 200 ms. Tried: localhost:9003 (through xdebug.client_host/xdebug.client_port).
  2026-09-28 21:53:47 /api/admin/orders ........................................................................ ~ 1s
  Xdebug: [Step Debug] Time-out connecting to debugging client, waited: 200 ms. Tried: localhost:9003 (through xdebug.client_host/xdebug.client_port).
  2026-09-28 21:53:47 /api/admin/menu .......................................................................... ~ 8s
  Xdebug: [Step Debug] Time-out connecting to debugging client, waited: 200 ms. Tried: localhost:9003 (through xdebug.client_host/xdebug.client_port).
  2026-09-28 21:53:48 /api/admin/settings ...................................................................... ~ 7s
  Xdebug: [Step Debug] Time-out connecting to debugging client, waited: 200 ms. Tried: localhost:9003 (through xdebug.client_host/xdebug.client_port).
  2026-09-28 21:53:55 /api/storefront .......................................................................... ~ 8s
  Xdebug: [Step Debug] Time-out connecting to debugging client, waited: 200 ms. Tried: localhost:9003 (through xdebug.client_host/xdebug.client_port).
  2026-09-28 21:53:56 /api/admin/orders ........................................................................ ~ 8s
  Xdebug: [Step Debug] Time-out connecting to debugging client, waited: 200 ms. Tried: localhost:9003 (through xdebug.client_host/xdebug.client_port).
  2026-09-28 21:54:04 /api/admin/menu .......................................................................... ~ 7s
  Xdebug: [Step Debug] Time-out connecting to debugging client, waited: 200 ms. Tried: localhost:9003 (through xdebug.client_host/xdebug.client_port).
  2026-09-28 21:54:05 /api/admin/settings ...................................................................... ~ 7s
  Xdebug: [Step Debug] Time-out connecting to debugging client, waited: 200 ms. Tried: localhost:9003 (through xdebug.client_host/xdebug.client_port).
  2026-09-28 21:54:11 /api/storefront .......................................................................... ~ 7s
  Xdebug: [Step Debug] Time-out connecting to debugging client, waited: 200 ms. Tried: localhost:9003 (through xdebug.client_host/xdebug.client_port).
  2026-09-28 21:54:12 /api/storefront ......................................................................... ~ 12s
  Xdebug: [Step Debug] Time-out connecting to debugging client, waited: 200 ms. Tried: localhost:9003 (through xdebug.client_host/xdebug.client_port).
  2026-09-28 21:54:18 /api/storefront ......................................................................... ~ 12s
  Xdebug: [Step Debug] Time-out connecting to debugging client, waited: 200 ms. Tried: localhost:9003 (through xdebug.client_host/xdebug.client_port).
  2026-09-28 21:54:24 /api/admin/orders ........................................................................ ~ 7s
  Xdebug: [Step Debug] Time-out connecting to debugging client, waited: 200 ms. Tried: localhost:9003 (through xdebug.client_host/xdebug.client_port).
  2026-09-28 21:54:34 /api/admin/orders .................................................................. ~ 502.14ms
  Xdebug: [Step Debug] Time-out connecting to debugging client, waited: 200 ms. Tried: localhost:9003 (through xdebug.client_host/xdebug.client_port).
  2026-09-28 21:54:36 /api/admin/orders ........................................................................ ~ 1s
  Xdebug: [Step Debug] Time-out connecting to debugging client, waited: 200 ms. Tried: localhost:9003 (through xdebug.client_host/xdebug.client_port).
  2026-09-28 21:54:39 /api/storefront .......................................................................... ~ 6s
  Xdebug: [Step Debug] Time-out connecting to debugging client, waited: 200 ms. Tried: localhost:9003 (through xdebug.client_host/xdebug.client_port).
  2026-09-28 21:54:45 /api/admin/orders ........................................................................ ~ 1s
  Xdebug: [Step Debug] Time-out connecting to debugging client, waited: 200 ms. Tried: localhost:9003 (through xdebug.client_host/xdebug.client_port).
  2026-09-28 21:54:49 /api/storefront .......................................................................... ~ 6s
  Xdebug: [Step Debug] Time-out connecting to debugging client, waited: 200 ms. Tried: localhost:9003 (through xdebug.client_host/xdebug.client_port).
  2026-09-28 21:54:55 /api/admin/orders ........................................................................ ~ 1s
  Xdebug: [Step Debug] Time-out connecting to debugging client, waited: 200 ms. Tried: localhost:9003 (through xdebug.client_host/xdebug.client_port).
  2026-09-28 21:55:00 /api/admin/orders .................................................................. ~ 504.49ms
  Xdebug: [Step Debug] Time-out connecting to debugging client, waited: 200 ms. Tried: localhost:9003 (through xdebug.client_host/xdebug.client_port).
  2026-09-28 21:55:08 /api/admin/orders ........................................................................ ~ 1s
  Xdebug: [Step Debug] Time-out connecting to debugging client, waited: 200 ms. Tried: localhost:9003 (through xdebug.client_host/xdebug.client_port).
  2026-09-28 21:55:16 /api/admin/orders ........................................................................ ~ 1s
  Xdebug: [Step Debug] Time-out connecting to debugging client, waited: 200 ms. Tried: localhost:9003 (through xdebug.client_host/xdebug.client_port).
  2026-09-28 21:55:24 /api/admin/orders .................................................................. ~ 506.19ms
  Xdebug: [Step Debug] Time-out connecting to debugging client, waited: 200 ms. Tried: localhost:9003 (through xdebug.client_host/xdebug.client_port).
  2026-09-28 21:55:32 /api/admin/orders ........................................................................ ~ 1s
  Xdebug: [Step Debug] Time-out connecting to debugging client, waited: 200 ms. Tried: localhost:9003 (through xdebug.client_host/xdebug.client_port).
  2026-09-28 21:55:39 /api/storefront .......................................................................... ~ 6s
  Xdebug: [Step Debug] Time-out connecting to debugging client, waited: 200 ms. Tried: localhost:9003 (through xdebug.client_host/xdebug.client_port).
  2026-09-28 21:55:45 /api/admin/orders .................................................................. ~ 513.78ms
  Xdebug: [Step Debug] Time-out connecting to debugging client, waited: 200 ms. Tried: localhost:9003 (through xdebug.client_host/xdebug.client_port).
  2026-09-28 21:55:49 /api/storefront .......................................................................... ~ 6s
  Xdebug: [Step Debug] Time-out connecting to debugging client, waited: 200 ms. Tried: localhost:9003 (through xdebug.client_host/xdebug.client_port).
  2026-09-28 21:56:39 /api/storefront .......................................................................... ~ 6s
  Xdebug: [Step Debug] Time-out connecting to debugging client, waited: 200 ms. Tried: localhost:9003 (through xdebug.client_host/xdebug.client_port).
  2026-09-28 21:56:45 /api/admin/orders ........................................................................ ~ 1s
  Xdebug: [Step Debug] Time-out connecting to debugging client, waited: 200 ms. Tried: localhost:9003 (through xdebug.client_host/xdebug.client_port).
  2026-09-28 21:56:47 /api/admin/orders ........................................................................ ~ 1s
  Xdebug: [Step Debug] Time-out connecting to debugging client, waited: 200 ms. Tried: localhost:9003 (through xdebug.client_host/xdebug.client_port).
  2026-09-28 21:56:49 /api/storefront .......................................................................... ~ 6s
  Xdebug: [Step Debug] Time-out connecting to debugging client, waited: 200 ms. Tried: localhost:9003 (through xdebug.client_host/xdebug.client_port).
  2026-09-28 21:57:39 /api/storefront .......................................................................... ~ 6s
  Xdebug: [Step Debug] Time-out connecting to debugging client, waited: 200 ms. Tried: localhost:9003 (through xdebug.client_host/xdebug.client_port).
  2026-09-28 21:57:47 /api/admin/orders ........................................................................ ~ 1s
  Xdebug: [Step Debug] Time-out connecting to debugging client, waited: 200 ms. Tried: localhost:9003 (through xdebug.client_host/xdebug.client_port).
  2026-09-28 21:57:49 /api/storefront .......................................................................... ~ 6s
  Xdebug: [Step Debug] Time-out connecting to debugging client, waited: 200 ms. Tried: localhost:9003 (through xdebug.client_host/xdebug.client_port).
  2026-09-28 21:58:39 /api/storefront .......................................................................... ~ 6s
  Xdebug: [Step Debug] Time-out connecting to debugging client, waited: 200 ms. Tried: localhost:9003 (through xdebug.client_host/xdebug.client_port).
  2026-09-28 21:58:47 /api/admin/orders ........................................................................ ~ 1s
  Xdebug: [Step Debug] Time-out connecting to debugging client, waited: 200 ms. Tried: localhost:9003 (through xdebug.client_host/xdebug.client_port).
  2026-09-28 21:58:49 /api/storefront .......................................................................... ~ 6s
  Xdebug: [Step Debug] Time-out connecting to debugging client, waited: 200 ms. Tried: localhost:9003 (through xdebug.client_host/xdebug.client_port).
  2026-09-28 21:59:39 /api/storefront .......................................................................... ~ 7s
  Xdebug: [Step Debug] Time-out connecting to debugging client, waited: 200 ms. Tried: localhost:9003 (through xdebug.client_host/xdebug.client_port).
  2026-09-28 21:59:47 /api/admin/orders ........................................................................ ~ 1s
  Xdebug: [Step Debug] Time-out connecting to debugging client, waited: 200 ms. Tried: localhost:9003 (through xdebug.client_host/xdebug.client_port).
  2026-09-28 21:59:49 /api/storefront .......................................................................... ~ 7s
  Xdebug: [Step Debug] Time-out connecting to debugging client, waited: 200 ms. Tried: localhost:9003 (through xdebug.client_host/xdebug.client_port).
  2026-09-28 22:00:39 /api/storefront .......................................................................... ~ 6s
  Xdebug: [Step Debug] Time-out connecting to debugging client, waited: 200 ms. Tried: localhost:9003 (through xdebug.client_host/xdebug.client_port).
  2026-09-28 22:00:47 /api/admin/orders ........................................................................ ~ 1s
  Xdebug: [Step Debug] Time-out connecting to debugging client, waited: 200 ms. Tried: localhost:9003 (through xdebug.client_host/xdebug.client_port).
  2026-09-28 22:01:39 /api/storefront .......................................................................... ~ 6s
  Xdebug: [Step Debug] Time-out connecting to debugging client, waited: 200 ms. Tried: localhost:9003 (through xdebug.client_host/xdebug.client_port).
  2026-09-28 22:01:47 /api/storefront .......................................................................... ~ 6s
  Xdebug: [Step Debug] Time-out connecting to debugging client, waited: 200 ms. Tried: localhost:9003 (through xdebug.client_host/xdebug.client_port).
  2026-09-28 22:01:47 /api/admin/orders ........................................................................ ~ 7s
  Xdebug: [Step Debug] Time-out connecting to debugging client, waited: 200 ms. Tried: localhost:9003 (through xdebug.client_host/xdebug.client_port).
  2026-09-28 22:02:39 /api/storefront .......................................................................... ~ 8s
  Xdebug: [Step Debug] Time-out connecting to debugging client, waited: 200 ms. Tried: localhost:9003 (through xdebug.client_host/xdebug.client_port).
  2026-09-28 22:02:47 /api/admin/orders ........................................................................ ~ 1s
  Xdebug: [Step Debug] Time-out connecting to debugging client, waited: 200 ms. Tried: localhost:9003 (through xdebug.client_host/xdebug.client_port).
  2026-09-28 22:03:39 /api/storefront .......................................................................... ~ 7s
  Xdebug: [Step Debug] Time-out connecting to debugging client, waited: 200 ms. Tried: localhost:9003 (through xdebug.client_host/xdebug.client_port).
  2026-09-28 22:03:47 /api/storefront .......................................................................... ~ 7s
  Xdebug: [Step Debug] Time-out connecting to debugging client, waited: 200 ms. Tried: localhost:9003 (through xdebug.client_host/xdebug.client_port).
  2026-09-28 22:03:54 /api/admin/orders ........................................................................ ~ 1s
  Xdebug: [Step Debug] Time-out connecting to debugging client, waited: 200 ms. Tried: localhost:9003 (through xdebug.client_host/xdebug.client_port).
  2026-09-28 22:04:39 /api/storefront .......................................................................... ~ 7s
  Xdebug: [Step Debug] Time-out connecting to debugging client, waited: 200 ms. Tried: localhost:9003 (through xdebug.client_host/xdebug.client_port).
  2026-09-28 22:04:47 /api/admin/orders ........................................................................ ~ 1s
  Xdebug: [Step Debug] Time-out connecting to debugging client, waited: 200 ms. Tried: localhost:9003 (through xdebug.client_host/xdebug.client_port).
  2026-09-28 22:05:39 /api/storefront .......................................................................... ~ 6s
  Xdebug: [Step Debug] Time-out connecting to debugging client, waited: 200 ms. Tried: localhost:9003 (through xdebug.client_host/xdebug.client_port).
  2026-09-28 22:05:47 /api/storefront .......................................................................... ~ 6s
  Xdebug: [Step Debug] Time-out connecting to debugging client, waited: 200 ms. Tried: localhost:9003 (through xdebug.client_host/xdebug.client_port).
  2026-09-28 22:05:53 /api/admin/orders ........................................................................ ~ 1s
  Xdebug: [Step Debug] Time-out connecting to debugging client, waited: 200 ms. Tried: localhost:9003 (through xdebug.client_host/xdebug.client_port).
  2026-09-28 22:06:39 /api/storefront .......................................................................... ~ 7s
  Xdebug: [Step Debug] Time-out connecting to debugging client, waited: 200 ms. Tried: localhost:9003 (through xdebug.client_host/xdebug.client_port).
  2026-09-28 22:06:47 /api/admin/orders ........................................................................ ~ 1s
  Xdebug: [Step Debug] Time-out connecting to debugging client, waited: 200 ms. Tried: localhost:9003 (through xdebug.client_host/xdebug.client_port).
  2026-09-28 22:07:39 /api/storefront .......................................................................... ~ 7s
  Xdebug: [Step Debug] Time-out connecting to debugging client, waited: 200 ms. Tried: localhost:9003 (through xdebug.client_host/xdebug.client_port).
  2026-09-28 22:07:47 /api/storefront .......................................................................... ~ 7s
  Xdebug: [Step Debug] Time-out connecting to debugging client, waited: 200 ms. Tried: localhost:9003 (through xdebug.client_host/xdebug.client_port).
  2026-09-28 22:07:47 /api/admin/orders ........................................................................ ~ 8s
  Xdebug: [Step Debug] Time-out connecting to debugging client, waited: 200 ms. Tried: localhost:9003 (through xdebug.client_host/xdebug.client_port).
  2026-09-28 22:08:39 /api/storefront .......................................................................... ~ 6s
  Xdebug: [Step Debug] Time-out connecting to debugging client, waited: 200 ms. Tried: localhost:9003 (through xdebug.client_host/xdebug.client_port).
  2026-09-28 22:08:47 /api/admin/orders ........................................................................ ~ 1s
  Xdebug: [Step Debug] Time-out connecting to debugging client, waited: 200 ms. Tried: localhost:9003 (through xdebug.client_host/xdebug.client_port).
  2026-09-28 22:09:39 /api/storefront .......................................................................... ~ 7s
  Xdebug: [Step Debug] Time-out connecting to debugging client, waited: 200 ms. Tried: localhost:9003 (through xdebug.client_host/xdebug.client_port).
  2026-09-28 22:10:39 /api/storefront .......................................................................... ~ 7s
  Xdebug: [Step Debug] Time-out connecting to debugging client, waited: 200 ms. Tried: localhost:9003 (through xdebug.client_host/xdebug.client_port).
  2026-09-28 22:11:39 /api/storefront .......................................................................... ~ 6s
  Xdebug: [Step Debug] Time-out connecting to debugging client, waited: 200 ms. Tried: localhost:9003 (through xdebug.client_host/xdebug.client_port).
  2026-09-28 22:12:39 /api/storefront .......................................................................... ~ 6s
  Xdebug: [Step Debug] Time-out connecting to debugging client, waited: 200 ms. Tried: localhost:9003 (through xdebug.client_host/xdebug.client_port).
  2026-09-28 22:13:39 /api/storefront .......................................................................... ~ 6s
  Xdebug: [Step Debug] Time-out connecting to debugging client, waited: 200 ms. Tried: localhost:9003 (through xdebug.client_host/xdebug.client_port).
  2026-09-28 22:14:39 /api/storefront .......................................................................... ~ 6s
  Xdebug: [Step Debug] Time-out connecting to debugging client, waited: 200 ms. Tried: localhost:9003 (through xdebug.client_host/xdebug.client_port).
  2026-09-28 22:15:39 /api/storefront .......................................................................... ~ 6s
  Xdebug: [Step Debug] Time-out connecting to debugging client, waited: 200 ms. Tried: localhost:9003 (through xdebug.client_host/xdebug.client_port).
  2026-09-28 22:16:39 /api/storefront .......................................................................... ~ 6s
  Xdebug: [Step Debug] Time-out connecting to debugging client, waited: 200 ms. Tried: localhost:9003 (through xdebug.client_host/xdebug.client_port).
  2026-09-28 22:17:39 /api/storefront .......................................................................... ~ 6s
  Xdebug: [Step Debug] Time-out connecting to debugging client, waited: 200 ms. Tried: localhost:9003 (through xdebug.client_host/xdebug.client_port).
  2026-09-28 22:18:39 /api/storefront .......................................................................... ~ 6s
  Xdebug: [Step Debug] Time-out connecting to debugging client, waited: 200 ms. Tried: localhost:9003 (through xdebug.client_host/xdebug.client_port).
  2026-09-28 22:19:39 /api/storefront .......................................................................... ~ 6s
  Xdebug: [Step Debug] Time-out connecting to debugging client, waited: 200 ms. Tried: localhost:9003 (through xdebug.client_host/xdebug.client_port).
  2026-09-28 22:20:39 /api/storefront .......................................................................... ~ 6s
  Xdebug: [Step Debug] Time-out connecting to debugging client, waited: 200 ms. Tried: localhost:9003 (through xdebug.client_host/xdebug.client_port).
  2026-09-28 22:21:39 /api/storefront .......................................................................... ~ 6s
  Xdebug: [Step Debug] Time-out connecting to debugging client, waited: 200 ms. Tried: localhost:9003 (through xdebug.client_host/xdebug.client_port).
  2026-09-28 22:22:39 /api/storefront .......................................................................... ~ 6s
  Xdebug: [Step Debug] Time-out connecting to debugging client, waited: 200 ms. Tried: localhost:9003 (through xdebug.client_host/xdebug.client_port).
  2026-09-28 22:23:39 /api/storefront .......................................................................... ~ 6s
  Xdebug: [Step Debug] Time-out connecting to debugging client, waited: 200 ms. Tried: localhost:9003 (through xdebug.client_host/xdebug.client_port).
  2026-09-28 22:24:39 /api/storefront .......................................................................... ~ 6s
  Xdebug: [Step Debug] Time-out connecting to debugging client, waited: 200 ms. Tried: localhost:9003 (through xdebug.client_host/xdebug.client_port).
  2026-09-28 22:25:39 /api/storefront .......................................................................... ~ 6s
  Xdebug: [Step Debug] Time-out connecting to debugging client, waited: 200 ms. Tried: localhost:9003 (through xdebug.client_host/xdebug.client_port).
  2026-09-28 22:26:39 /api/storefront .......................................................................... ~ 6s
  Xdebug: [Step Debug] Time-out connecting to debugging client, waited: 200 ms. Tried: localhost:9003 (through xdebug.client_host/xdebug.client_port).
  2026-09-28 22:27:39 /api/storefront .......................................................................... ~ 6s
  Xdebug: [Step Debug] Time-out connecting to debugging client, waited: 200 ms. Tried: localhost:9003 (through xdebug.client_host/xdebug.client_port).
  2026-09-28 22:28:39 /api/storefront .......................................................................... ~ 6s
  Xdebug: [Step Debug] Time-out connecting to debugging client, waited: 200 ms. Tried: localhost:9003 (through xdebug.client_host/xdebug.client_port).
  2026-09-28 22:29:39 /api/storefront .......................................................................... ~ 6s
  Xdebug: [Step Debug] Time-out connecting to debugging client, waited: 200 ms. Tried: localhost:9003 (through xdebug.client_host/xdebug.client_port).
  2026-09-28 22:30:39 /api/storefront .......................................................................... ~ 6s
  Xdebug: [Step Debug] Time-out connecting to debugging client, waited: 200 ms. Tried: localhost:9003 (through xdebug.client_host/xdebug.client_port).
  2026-09-28 22:31:39 /api/storefront .......................................................................... ~ 6s
  Xdebug: [Step Debug] Time-out connecting to debugging client, waited: 200 ms. Tried: localhost:9003 (through xdebug.client_host/xdebug.client_port).
  2026-09-28 22:32:39 /api/storefront .......................................................................... ~ 6s
  Xdebug: [Step Debug] Time-out connecting to debugging client, waited: 200 ms. Tried: localhost:9003 (through xdebug.client_host/xdebug.client_port).
  2026-09-28 22:33:39 /api/storefront .......................................................................... ~ 6s
  Xdebug: [Step Debug] Time-out connecting to debugging client, waited: 200 ms. Tried: localhost:9003 (through xdebug.client_host/xdebug.client_port).
  2026-09-28 22:34:39 /api/storefront .......................................................................... ~ 6s
  Xdebug: [Step Debug] Time-out connecting to debugging client, waited: 200 ms. Tried: localhost:9003 (through xdebug.client_host/xdebug.client_port).
  2026-09-28 22:35:39 /api/storefront .......................................................................... ~ 6s
  Xdebug: [Step Debug] Time-out connecting to debugging client, waited: 200 ms. Tried: localhost:9003 (through xdebug.client_host/xdebug.client_port).
  2026-09-28 22:36:39 /api/storefront .......................................................................... ~ 6s
  Xdebug: [Step Debug] Time-out connecting to debugging client, waited: 200 ms. Tried: localhost:9003 (through xdebug.client_host/xdebug.client_port).
  2026-09-28 22:37:39 /api/storefront .......................................................................... ~ 6s
  Xdebug: [Step Debug] Time-out connecting to debugging client, waited: 200 ms. Tried: localhost:9003 (through xdebug.client_host/xdebug.client_port).
  2026-09-28 22:38:39 /api/storefront .......................................................................... ~ 6s
  Xdebug: [Step Debug] Time-out connecting to debugging client, waited: 200 ms. Tried: localhost:9003 (through xdebug.client_host/xdebug.client_port).
  2026-09-28 22:39:39 /api/storefront .......................................................................... ~ 6s
  Xdebug: [Step Debug] Time-out connecting to debugging client, waited: 200 ms. Tried: localhost:9003 (through xdebug.client_host/xdebug.client_port).
  2026-09-28 22:40:39 /api/storefront .......................................................................... ~ 6s
  Xdebug: [Step Debug] Time-out connecting to debugging client, waited: 200 ms. Tried: localhost:9003 (through xdebug.client_host/xdebug.client_port).
  2026-09-28 22:41:39 /api/storefront .......................................................................... ~ 6s
  Xdebug: [Step Debug] Time-out connecting to debugging client, waited: 200 ms. Tried: localhost:9003 (through xdebug.client_host/xdebug.client_port).
  2026-09-28 22:42:39 /api/storefront .......................................................................... ~ 6s
  Xdebug: [Step Debug] Time-out connecting to debugging client, waited: 200 ms. Tried: localhost:9003 (through xdebug.client_host/xdebug.client_port).
  2026-09-28 22:43:39 /api/storefront .......................................................................... ~ 6s
  Xdebug: [Step Debug] Time-out connecting to debugging client, waited: 200 ms. Tried: localhost:9003 (through xdebug.client_host/xdebug.client_port).
  2026-09-28 22:44:39 /api/storefront .......................................................................... ~ 6s
  Xdebug: [Step Debug] Time-out connecting to debugging client, waited: 200 ms. Tried: localhost:9003 (through xdebug.client_host/xdebug.client_port).
  2026-09-28 22:45:39 /api/storefront .......................................................................... ~ 6s
  Xdebug: [Step Debug] Time-out connecting to debugging client, waited: 200 ms. Tried: localhost:9003 (through xdebug.client_host/xdebug.client_port).
  2026-09-28 22:46:39 /api/storefront .......................................................................... ~ 6s
  Xdebug: [Step Debug] Time-out connecting to debugging client, waited: 200 ms. Tried: localhost:9003 (through xdebug.client_host/xdebug.client_port).
  2026-09-28 22:47:39 /api/storefront .......................................................................... ~ 6s
  Xdebug: [Step Debug] Time-out connecting to debugging client, waited: 200 ms. Tried: localhost:9003 (through xdebug.client_host/xdebug.client_port).
  2026-09-28 22:48:39 /api/storefront .......................................................................... ~ 6s
  Xdebug: [Step Debug] Time-out connecting to debugging client, waited: 200 ms. Tried: localhost:9003 (through xdebug.client_host/xdebug.client_port).
  2026-09-28 22:49:39 /api/storefront .......................................................................... ~ 6s
  Xdebug: [Step Debug] Time-out connecting to debugging client, waited: 200 ms. Tried: localhost:9003 (through xdebug.client_host/xdebug.client_port).
  2026-09-28 22:50:39 /api/storefront .......................................................................... ~ 6s
  Xdebug: [Step Debug] Time-out connecting to debugging client, waited: 200 ms. Tried: localhost:9003 (through xdebug.client_host/xdebug.client_port).
  2026-09-28 22:51:39 /api/storefront .......................................................................... ~ 6s
  Xdebug: [Step Debug] Time-out connecting to debugging client, waited: 200 ms. Tried: localhost:9003 (through xdebug.client_host/xdebug.client_port).
  2026-09-28 22:52:39 /api/storefront .......................................................................... ~ 5s
  Xdebug: [Step Debug] Time-out connecting to debugging client, waited: 200 ms. Tried: localhost:9003 (through xdebug.client_host/xdebug.client_port).
  2026-09-28 22:53:39 /api/storefront .......................................................................... ~ 6s
  Xdebug: [Step Debug] Time-out connecting to debugging client, waited: 200 ms. Tried: localhost:9003 (through xdebug.client_host/xdebug.client_port).
  2026-09-28 22:54:39 /api/storefront .......................................................................... ~ 6s
  Xdebug: [Step Debug] Time-out connecting to debugging client, waited: 200 ms. Tried: localhost:9003 (through xdebug.client_host/xdebug.client_port).
  2026-09-28 22:55:39 /api/storefront .......................................................................... ~ 6s
  Xdebug: [Step Debug] Time-out connecting to debugging client, waited: 200 ms. Tried: localhost:9003 (through xdebug.client_host/xdebug.client_port).
  2026-09-28 22:56:39 /api/storefront .......................................................................... ~ 6s
  Xdebug: [Step Debug] Time-out connecting to debugging client, waited: 200 ms. Tried: localhost:9003 (through xdebug.client_host/xdebug.client_port).
  2026-09-28 22:57:39 /api/storefront .......................................................................... ~ 6s
  Xdebug: [Step Debug] Time-out connecting to debugging client, waited: 200 ms. Tried: localhost:9003 (through xdebug.client_host/xdebug.client_port).
  2026-09-28 22:58:39 /api/storefront .......................................................................... ~ 6s
  Xdebug: [Step Debug] Time-out connecting to debugging client, waited: 200 ms. Tried: localhost:9003 (through xdebug.client_host/xdebug.client_port).
  2026-09-28 22:59:39 /api/storefront .......................................................................... ~ 6s
  Xdebug: [Step Debug] Time-out connecting to debugging client, waited: 200 ms. Tried: localhost:9003 (through xdebug.client_host/xdebug.client_port).
  2026-09-28 23:00:39 /api/storefront .......................................................................... ~ 6s
  Xdebug: [Step Debug] Time-out connecting to debugging client, waited: 200 ms. Tried: localhost:9003 (through xdebug.client_host/xdebug.client_port).
  2026-09-28 23:01:39 /api/storefront .......................................................................... ~ 6s
  Xdebug: [Step Debug] Time-out connecting to debugging client, waited: 200 ms. Tried: localhost:9003 (through xdebug.client_host/xdebug.client_port).
  2026-09-28 23:02:39 /api/storefront .......................................................................... ~ 6s
  Xdebug: [Step Debug] Time-out connecting to debugging client, waited: 200 ms. Tried: localhost:9003 (through xdebug.client_host/xdebug.client_port).
  2026-09-28 23:03:39 /api/storefront .......................................................................... ~ 6s
  Xdebug: [Step Debug] Time-out connecting to debugging client, waited: 200 ms. Tried: localhost:9003 (through xdebug.client_host/xdebug.client_port).
  2026-09-28 23:04:39 /api/storefront .......................................................................... ~ 6s
  Xdebug: [Step Debug] Time-out connecting to debugging client, waited: 200 ms. Tried: localhost:9003 (through xdebug.client_host/xdebug.client_port).
  2026-09-28 23:05:39 /api/storefront .......................................................................... ~ 6s
  Xdebug: [Step Debug] Time-out connecting to debugging client, waited: 200 ms. Tried: localhost:9003 (through xdebug.client_host/xdebug.client_port).
  2026-09-28 23:06:39 /api/storefront .......................................................................... ~ 6s
  Xdebug: [Step Debug] Time-out connecting to debugging client, waited: 200 ms. Tried: localhost:9003 (through xdebug.client_host/xdebug.client_port).
  2026-09-28 23:07:39 /api/storefront .......................................................................... ~ 6s
  Xdebug: [Step Debug] Time-out connecting to debugging client, waited: 200 ms. Tried: localhost:9003 (through xdebug.client_host/xdebug.client_port).
  2026-09-28 23:08:39 /api/storefront .......................................................................... ~ 6s
  Xdebug: [Step Debug] Time-out connecting to debugging client, waited: 200 ms. Tried: localhost:9003 (through xdebug.client_host/xdebug.client_port).
  2026-09-28 23:09:39 /api/storefront .......................................................................... ~ 5s
  Xdebug: [Step Debug] Time-out connecting to debugging client, waited: 200 ms. Tried: localhost:9003 (through xdebug.client_host/xdebug.client_port).
  2026-09-28 23:10:39 /api/storefront .......................................................................... ~ 6s
  Xdebug: [Step Debug] Time-out connecting to debugging client, waited: 200 ms. Tried: localhost:9003 (through xdebug.client_host/xdebug.client_port).
  2026-09-28 23:11:39 /api/storefront .......................................................................... ~ 6s
  Xdebug: [Step Debug] Time-out connecting to debugging client, waited: 200 ms. Tried: localhost:9003 (through xdebug.client_host/xdebug.client_port).
  2026-09-28 23:12:39 /api/storefront .......................................................................... ~ 6s
  Xdebug: [Step Debug] Time-out connecting to debugging client, waited: 200 ms. Tried: localhost:9003 (through xdebug.client_host/xdebug.client_port).
  2026-09-28 23:13:39 /api/storefront .......................................................................... ~ 6s
  Xdebug: [Step Debug] Time-out connecting to debugging client, waited: 200 ms. Tried: localhost:9003 (through xdebug.client_host/xdebug.client_port).
  2026-09-28 23:14:39 /api/storefront .......................................................................... ~ 6s
  Xdebug: [Step Debug] Time-out connecting to debugging client, waited: 200 ms. Tried: localhost:9003 (through xdebug.client_host/xdebug.client_port).
  2026-09-28 23:15:39 /api/storefront .......................................................................... ~ 6s
  Xdebug: [Step Debug] Time-out connecting to debugging client, waited: 200 ms. Tried: localhost:9003 (through xdebug.client_host/xdebug.client_port).
  2026-09-28 23:16:39 /api/storefront .......................................................................... ~ 6s
  Xdebug: [Step Debug] Time-out connecting to debugging client, waited: 200 ms. Tried: localhost:9003 (through xdebug.client_host/xdebug.client_port).
  2026-09-28 23:17:39 /api/storefront .......................................................................... ~ 6s
  Xdebug: [Step Debug] Time-out connecting to debugging client, waited: 200 ms. Tried: localhost:9003 (through xdebug.client_host/xdebug.client_port).
  2026-09-28 23:18:39 /api/storefront .......................................................................... ~ 6s
  Xdebug: [Step Debug] Time-out connecting to debugging client, waited: 200 ms. Tried: localhost:9003 (through xdebug.client_host/xdebug.client_port).
  2026-09-28 23:19:39 /api/storefront .......................................................................... ~ 6s
  Xdebug: [Step Debug] Time-out connecting to debugging client, waited: 200 ms. Tried: localhost:9003 (through xdebug.client_host/xdebug.client_port).
  2026-09-28 23:20:39 /api/storefront .......................................................................... ~ 6s
  Xdebug: [Step Debug] Time-out connecting to debugging client, waited: 200 ms. Tried: localhost:9003 (through xdebug.client_host/xdebug.client_port).
  2026-09-28 23:21:39 /api/storefront .......................................................................... ~ 6s
  Xdebug: [Step Debug] Time-out connecting to debugging client, waited: 200 ms. Tried: localhost:9003 (through xdebug.client_host/xdebug.client_port).
  2026-09-28 23:22:39 /api/storefront .......................................................................... ~ 6s
  Xdebug: [Step Debug] Time-out connecting to debugging client, waited: 200 ms. Tried: localhost:9003 (through xdebug.client_host/xdebug.client_port).
  2026-09-28 23:23:39 /api/storefront .......................................................................... ~ 6s
  Xdebug: [Step Debug] Time-out connecting to debugging client, waited: 200 ms. Tried: localhost:9003 (through xdebug.client_host/xdebug.client_port).
  2026-09-28 23:24:39 /api/storefront .......................................................................... ~ 6s
  Xdebug: [Step Debug] Time-out connecting to debugging client, waited: 200 ms. Tried: localhost:9003 (through xdebug.client_host/xdebug.client_port).
  2026-09-28 23:25:39 /api/storefront .......................................................................... ~ 6s
  Xdebug: [Step Debug] Time-out connecting to debugging client, waited: 200 ms. Tried: localhost:9003 (through xdebug.client_host/xdebug.client_port).
  2026-09-28 23:26:39 /api/storefront .......................................................................... ~ 6s
  Xdebug: [Step Debug] Time-out connecting to debugging client, waited: 200 ms. Tried: localhost:9003 (through xdebug.client_host/xdebug.client_port).
  2026-09-28 23:27:39 /api/storefront .......................................................................... ~ 6s
  Xdebug: [Step Debug] Time-out connecting to debugging client, waited: 200 ms. Tried: localhost:9003 (through xdebug.client_host/xdebug.client_port).
  2026-09-28 23:28:39 /api/storefront .......................................................................... ~ 6s
  Xdebug: [Step Debug] Time-out connecting to debugging client, waited: 200 ms. Tried: localhost:9003 (through xdebug.client_host/xdebug.client_port).
  2026-09-28 23:29:39 /api/storefront .......................................................................... ~ 6s
  Xdebug: [Step Debug] Time-out connecting to debugging client, waited: 200 ms. Tried: localhost:9003 (through xdebug.client_host/xdebug.client_port).
  2026-09-28 23:30:39 /api/storefront .......................................................................... ~ 6s
  Xdebug: [Step Debug] Time-out connecting to debugging client, waited: 200 ms. Tried: localhost:9003 (through xdebug.client_host/xdebug.client_port).
  2026-09-28 23:31:39 /api/storefront .......................................................................... ~ 6s
  Xdebug: [Step Debug] Time-out connecting to debugging client, waited: 200 ms. Tried: localhost:9003 (through xdebug.client_host/xdebug.client_port).
  2026-09-28 23:32:39 /api/storefront .......................................................................... ~ 6s
  Xdebug: [Step Debug] Time-out connecting to debugging client, waited: 200 ms. Tried: localhost:9003 (through xdebug.client_host/xdebug.client_port).
  2026-09-28 23:33:39 /api/storefront .......................................................................... ~ 5s
  Xdebug: [Step Debug] Time-out connecting to debugging client, waited: 200 ms. Tried: localhost:9003 (through xdebug.client_host/xdebug.client_port).
  2026-09-28 23:34:39 /api/storefront .......................................................................... ~ 6s
  Xdebug: [Step Debug] Time-out connecting to debugging client, waited: 200 ms. Tried: localhost:9003 (through xdebug.client_host/xdebug.client_port).
  2026-09-28 23:35:39 /api/storefront .......................................................................... ~ 6s
  Xdebug: [Step Debug] Time-out connecting to debugging client, waited: 200 ms. Tried: localhost:9003 (through xdebug.client_host/xdebug.client_port).
  2026-09-28 23:36:39 /api/storefront .......................................................................... ~ 6s
  Xdebug: [Step Debug] Time-out connecting to debugging client, waited: 200 ms. Tried: localhost:9003 (through xdebug.client_host/xdebug.client_port).
  2026-09-28 23:37:39 /api/storefront .......................................................................... ~ 6s
  Xdebug: [Step Debug] Time-out connecting to debugging client, waited: 200 ms. Tried: localhost:9003 (through xdebug.client_host/xdebug.client_port).
  2026-09-28 23:38:39 /api/storefront .......................................................................... ~ 6s
  Xdebug: [Step Debug] Time-out connecting to debugging client, waited: 200 ms. Tried: localhost:9003 (through xdebug.client_host/xdebug.client_port).
  2026-09-28 23:39:39 /api/storefront .......................................................................... ~ 6s
  Xdebug: [Step Debug] Time-out connecting to debugging client, waited: 200 ms. Tried: localhost:9003 (through xdebug.client_host/xdebug.client_port).
  2026-09-28 23:40:39 /api/storefront .......................................................................... ~ 6s
  Xdebug: [Step Debug] Time-out connecting to debugging client, waited: 200 ms. Tried: localhost:9003 (through xdebug.client_host/xdebug.client_port).
  2026-09-28 23:41:39 /api/storefront .......................................................................... ~ 6s
  Xdebug: [Step Debug] Time-out connecting to debugging client, waited: 200 ms. Tried: localhost:9003 (through xdebug.client_host/xdebug.client_port).
  2026-09-28 23:42:39 /api/storefront .......................................................................... ~ 6s
  Xdebug: [Step Debug] Time-out connecting to debugging client, waited: 200 ms. Tried: localhost:9003 (through xdebug.client_host/xdebug.client_port).
  2026-09-28 23:43:39 /api/storefront .......................................................................... ~ 6s
  Xdebug: [Step Debug] Time-out connecting to debugging client, waited: 200 ms. Tried: localhost:9003 (through xdebug.client_host/xdebug.client_port).
  2026-09-28 23:44:39 /api/storefront .......................................................................... ~ 6s
  Xdebug: [Step Debug] Time-out connecting to debugging client, waited: 200 ms. Tried: localhost:9003 (through xdebug.client_host/xdebug.client_port).
  2026-09-28 23:45:39 /api/storefront .......................................................................... ~ 6s
  Xdebug: [Step Debug] Time-out connecting to debugging client, waited: 200 ms. Tried: localhost:9003 (through xdebug.client_host/xdebug.client_port).
  2026-09-28 23:46:39 /api/storefront .......................................................................... ~ 6s
  Xdebug: [Step Debug] Time-out connecting to debugging client, waited: 200 ms. Tried: localhost:9003 (through xdebug.client_host/xdebug.client_port).
  2026-09-28 23:47:39 /api/storefront .......................................................................... ~ 6s
  Xdebug: [Step Debug] Time-out connecting to debugging client, waited: 200 ms. Tried: localhost:9003 (through xdebug.client_host/xdebug.client_port).
  2026-09-28 23:48:39 /api/storefront .......................................................................... ~ 6s
  Xdebug: [Step Debug] Time-out connecting to debugging client, waited: 200 ms. Tried: localhost:9003 (through xdebug.client_host/xdebug.client_port).
  2026-09-28 23:49:39 /api/storefront .......................................................................... ~ 6s
  Xdebug: [Step Debug] Time-out connecting to debugging client, waited: 200 ms. Tried: localhost:9003 (through xdebug.client_host/xdebug.client_port).
  2026-09-28 23:50:39 /api/storefront .......................................................................... ~ 6s
  Xdebug: [Step Debug] Time-out connecting to debugging client, waited: 200 ms. Tried: localhost:9003 (through xdebug.client_host/xdebug.client_port).
  2026-09-28 23:51:39 /api/storefront .......................................................................... ~ 6s
  Xdebug: [Step Debug] Time-out connecting to debugging client, waited: 200 ms. Tried: localhost:9003 (through xdebug.client_host/xdebug.client_port).
  2026-09-28 23:52:39 /api/storefront .......................................................................... ~ 6s
  Xdebug: [Step Debug] Time-out connecting to debugging client, waited: 200 ms. Tried: localhost:9003 (through xdebug.client_host/xdebug.client_port).
  2026-09-28 23:53:39 /api/storefront .......................................................................... ~ 6s
  Xdebug: [Step Debug] Time-out connecting to debugging client, waited: 200 ms. Tried: localhost:9003 (through xdebug.client_host/xdebug.client_port).
  2026-09-28 23:54:39 /api/storefront .......................................................................... ~ 6s
  Xdebug: [Step Debug] Time-out connecting to debugging client, waited: 200 ms. Tried: localhost:9003 (through xdebug.client_host/xdebug.client_port).
  2026-09-28 23:55:39 /api/storefront .......................................................................... ~ 6s
  Xdebug: [Step Debug] Time-out connecting to debugging client, waited: 200 ms. Tried: localhost:9003 (through xdebug.client_host/xdebug.client_port).
  2026-09-28 23:56:39 /api/storefront .......................................................................... ~ 6s
  Xdebug: [Step Debug] Time-out connecting to debugging client, waited: 200 ms. Tried: localhost:9003 (through xdebug.client_host/xdebug.client_port).
  2026-09-28 23:57:39 /api/storefront .......................................................................... ~ 6s
  Xdebug: [Step Debug] Time-out connecting to debugging client, waited: 200 ms. Tried: localhost:9003 (through xdebug.client_host/xdebug.client_port).
  2026-09-28 23:58:39 /api/storefront .......................................................................... ~ 6s
  Xdebug: [Step Debug] Time-out connecting to debugging client, waited: 200 ms. Tried: localhost:9003 (through xdebug.client_host/xdebug.client_port).
  2026-09-28 23:59:39 /api/storefront .......................................................................... ~ 6s
  Xdebug: [Step Debug] Time-out connecting to debugging client, waited: 200 ms. Tried: localhost:9003 (through xdebug.client_host/xdebug.client_port).
  2026-09-29 00:00:39 /api/storefront .......................................................................... ~ 6s
  Xdebug: [Step Debug] Time-out connecting to debugging client, waited: 200 ms. Tried: localhost:9003 (through xdebug.client_host/xdebug.client_port).
  2026-09-29 00:01:39 /api/storefront .......................................................................... ~ 6s
  Xdebug: [Step Debug] Time-out connecting to debugging client, waited: 200 ms. Tried: localhost:9003 (through xdebug.client_host/xdebug.client_port).
  2026-09-29 00:02:39 /api/storefront .......................................................................... ~ 6s
  Xdebug: [Step Debug] Time-out connecting to debugging client, waited: 200 ms. Tried: localhost:9003 (through xdebug.client_host/xdebug.client_port).
  2026-09-29 00:03:39 /api/storefront .......................................................................... ~ 6s
  Xdebug: [Step Debug] Time-out connecting to debugging client, waited: 200 ms. Tried: localhost:9003 (through xdebug.client_host/xdebug.client_port).
  2026-09-29 00:04:39 /api/storefront .......................................................................... ~ 6s
  Xdebug: [Step Debug] Time-out connecting to debugging client, waited: 200 ms. Tried: localhost:9003 (through xdebug.client_host/xdebug.client_port).
  2026-09-29 00:05:39 /api/storefront .......................................................................... ~ 6s
  Xdebug: [Step Debug] Time-out connecting to debugging client, waited: 200 ms. Tried: localhost:9003 (through xdebug.client_host/xdebug.client_port).
  2026-09-29 00:06:39 /api/storefront .......................................................................... ~ 6s
  Xdebug: [Step Debug] Time-out connecting to debugging client, waited: 200 ms. Tried: localhost:9003 (through xdebug.client_host/xdebug.client_port).
  2026-09-29 00:07:39 /api/storefront .......................................................................... ~ 6s
  Xdebug: [Step Debug] Time-out connecting to debugging client, waited: 200 ms. Tried: localhost:9003 (through xdebug.client_host/xdebug.client_port).
  2026-09-29 00:08:39 /api/storefront .......................................................................... ~ 6s
  Xdebug: [Step Debug] Time-out connecting to debugging client, waited: 200 ms. Tried: localhost:9003 (through xdebug.client_host/xdebug.client_port).
  2026-09-29 00:09:39 /api/storefront .......................................................................... ~ 5s
  Xdebug: [Step Debug] Time-out connecting to debugging client, waited: 200 ms. Tried: localhost:9003 (through xdebug.client_host/xdebug.client_port).
  2026-09-29 00:10:39 /api/storefront .......................................................................... ~ 6s
  Xdebug: [Step Debug] Time-out connecting to debugging client, waited: 200 ms. Tried: localhost:9003 (through xdebug.client_host/xdebug.client_port).
  2026-09-29 00:11:39 /api/storefront .......................................................................... ~ 6s
  Xdebug: [Step Debug] Time-out connecting to debugging client, waited: 200 ms. Tried: localhost:9003 (through xdebug.client_host/xdebug.client_port).
  2026-09-29 00:12:39 /api/storefront .......................................................................... ~ 6s
  Xdebug: [Step Debug] Time-out connecting to debugging client, waited: 200 ms. Tried: localhost:9003 (through xdebug.client_host/xdebug.client_port).
  2026-09-29 00:13:39 /api/storefront .......................................................................... ~ 6s
  Xdebug: [Step Debug] Time-out connecting to debugging client, waited: 200 ms. Tried: localhost:9003 (through xdebug.client_host/xdebug.client_port).
  2026-09-29 00:14:39 /api/storefront .......................................................................... ~ 6s
  Xdebug: [Step Debug] Time-out connecting to debugging client, waited: 200 ms. Tried: localhost:9003 (through xdebug.client_host/xdebug.client_port).
  2026-09-29 00:15:39 /api/storefront .......................................................................... ~ 6s
  Xdebug: [Step Debug] Time-out connecting to debugging client, waited: 200 ms. Tried: localhost:9003 (through xdebug.client_host/xdebug.client_port).
  2026-09-29 00:16:39 /api/storefront .......................................................................... ~ 6s
  Xdebug: [Step Debug] Time-out connecting to debugging client, waited: 200 ms. Tried: localhost:9003 (through xdebug.client_host/xdebug.client_port).
  2026-09-29 00:17:39 /api/storefront .......................................................................... ~ 6s
  Xdebug: [Step Debug] Time-out connecting to debugging client, waited: 200 ms. Tried: localhost:9003 (through xdebug.client_host/xdebug.client_port).
  2026-09-29 00:18:39 /api/storefront .......................................................................... ~ 6s
  Xdebug: [Step Debug] Time-out connecting to debugging client, waited: 200 ms. Tried: localhost:9003 (through xdebug.client_host/xdebug.client_port).
  2026-09-29 00:19:39 /api/storefront .......................................................................... ~ 6s
  Xdebug: [Step Debug] Time-out connecting to debugging client, waited: 200 ms. Tried: localhost:9003 (through xdebug.client_host/xdebug.client_port).
  2026-09-29 00:20:39 /api/storefront .......................................................................... ~ 6s
  Xdebug: [Step Debug] Time-out connecting to debugging client, waited: 200 ms. Tried: localhost:9003 (through xdebug.client_host/xdebug.client_port).
  2026-09-29 00:21:39 /api/storefront .......................................................................... ~ 6s
  Xdebug: [Step Debug] Time-out connecting to debugging client, waited: 200 ms. Tried: localhost:9003 (through xdebug.client_host/xdebug.client_port).
  2026-09-29 00:22:39 /api/storefront .......................................................................... ~ 6s
  Xdebug: [Step Debug] Time-out connecting to debugging client, waited: 200 ms. Tried: localhost:9003 (through xdebug.client_host/xdebug.client_port).
  2026-09-29 00:23:39 /api/storefront .......................................................................... ~ 6s
  Xdebug: [Step Debug] Time-out connecting to debugging client, waited: 200 ms. Tried: localhost:9003 (through xdebug.client_host/xdebug.client_port).
  2026-09-29 00:24:39 /api/storefront .......................................................................... ~ 6s
  Xdebug: [Step Debug] Time-out connecting to debugging client, waited: 200 ms. Tried: localhost:9003 (through xdebug.client_host/xdebug.client_port).
  2026-09-29 00:25:39 /api/storefront .......................................................................... ~ 6s
  Xdebug: [Step Debug] Time-out connecting to debugging client, waited: 200 ms. Tried: localhost:9003 (through xdebug.client_host/xdebug.client_port).
  2026-09-29 00:26:39 /api/storefront .......................................................................... ~ 6s
  Xdebug: [Step Debug] Time-out connecting to debugging client, waited: 200 ms. Tried: localhost:9003 (through xdebug.client_host/xdebug.client_port).
  2026-09-29 00:27:39 /api/storefront .......................................................................... ~ 5s
  Xdebug: [Step Debug] Time-out connecting to debugging client, waited: 200 ms. Tried: localhost:9003 (through xdebug.client_host/xdebug.client_port).
  2026-09-29 00:28:39 /api/storefront .......................................................................... ~ 6s
  Xdebug: [Step Debug] Time-out connecting to debugging client, waited: 200 ms. Tried: localhost:9003 (through xdebug.client_host/xdebug.client_port).
  2026-09-29 00:29:39 /api/storefront .......................................................................... ~ 6s
  Xdebug: [Step Debug] Time-out connecting to debugging client, waited: 200 ms. Tried: localhost:9003 (through xdebug.client_host/xdebug.client_port).
  2026-09-29 00:30:39 /api/storefront .......................................................................... ~ 6s
  Xdebug: [Step Debug] Time-out connecting to debugging client, waited: 200 ms. Tried: localhost:9003 (through xdebug.client_host/xdebug.client_port).
  2026-09-29 00:31:39 /api/storefront .......................................................................... ~ 6s
  Xdebug: [Step Debug] Time-out connecting to debugging client, waited: 200 ms. Tried: localhost:9003 (through xdebug.client_host/xdebug.client_port).
  2026-09-29 00:32:39 /api/storefront .......................................................................... ~ 6s
  Xdebug: [Step Debug] Time-out connecting to debugging client, waited: 200 ms. Tried: localhost:9003 (through xdebug.client_host/xdebug.client_port).
  2026-09-29 00:33:39 /api/storefront .......................................................................... ~ 6s
  Xdebug: [Step Debug] Time-out connecting to debugging client, waited: 200 ms. Tried: localhost:9003 (through xdebug.client_host/xdebug.client_port).
  2026-09-29 00:34:39 /api/storefront .......................................................................... ~ 6s
  Xdebug: [Step Debug] Time-out connecting to debugging client, waited: 200 ms. Tried: localhost:9003 (through xdebug.client_host/xdebug.client_port).
  2026-09-29 00:35:39 /api/storefront .......................................................................... ~ 6s
  Xdebug: [Step Debug] Time-out connecting to debugging client, waited: 200 ms. Tried: localhost:9003 (through xdebug.client_host/xdebug.client_port).
  2026-09-29 00:36:39 /api/storefront .......................................................................... ~ 6s
  Xdebug: [Step Debug] Time-out connecting to debugging client, waited: 200 ms. Tried: localhost:9003 (through xdebug.client_host/xdebug.client_port).
  2026-09-29 00:37:39 /api/storefront .......................................................................... ~ 6s
  Xdebug: [Step Debug] Time-out connecting to debugging client, waited: 200 ms. Tried: localhost:9003 (through xdebug.client_host/xdebug.client_port).
  2026-09-29 00:38:39 /api/storefront .......................................................................... ~ 6s
  Xdebug: [Step Debug] Time-out connecting to debugging client, waited: 200 ms. Tried: localhost:9003 (through xdebug.client_host/xdebug.client_port).
  2026-09-29 00:39:39 /api/storefront .......................................................................... ~ 6s
  Xdebug: [Step Debug] Time-out connecting to debugging client, waited: 200 ms. Tried: localhost:9003 (through xdebug.client_host/xdebug.client_port).
  2026-09-29 00:40:39 /api/storefront .......................................................................... ~ 6s
  Xdebug: [Step Debug] Time-out connecting to debugging client, waited: 200 ms. Tried: localhost:9003 (through xdebug.client_host/xdebug.client_port).
  2026-09-29 00:41:39 /api/storefront .......................................................................... ~ 6s
  Xdebug: [Step Debug] Time-out connecting to debugging client, waited: 200 ms. Tried: localhost:9003 (through xdebug.client_host/xdebug.client_port).
  2026-09-29 00:42:39 /api/storefront .......................................................................... ~ 6s
  Xdebug: [Step Debug] Time-out connecting to debugging client, waited: 200 ms. Tried: localhost:9003 (through xdebug.client_host/xdebug.client_port).
  2026-09-29 00:43:39 /api/storefront .......................................................................... ~ 6s
  Xdebug: [Step Debug] Time-out connecting to debugging client, waited: 200 ms. Tried: localhost:9003 (through xdebug.client_host/xdebug.client_port).
  2026-09-29 00:44:39 /api/storefront .......................................................................... ~ 6s
  Xdebug: [Step Debug] Time-out connecting to debugging client, waited: 200 ms. Tried: localhost:9003 (through xdebug.client_host/xdebug.client_port).
  2026-09-29 00:45:39 /api/storefront .......................................................................... ~ 6s
  Xdebug: [Step Debug] Time-out connecting to debugging client, waited: 200 ms. Tried: localhost:9003 (through xdebug.client_host/xdebug.client_port).
  2026-09-29 00:46:39 /api/storefront .......................................................................... ~ 6s
  Xdebug: [Step Debug] Time-out connecting to debugging client, waited: 200 ms. Tried: localhost:9003 (through xdebug.client_host/xdebug.client_port).
  2026-09-29 00:47:39 /api/storefront .......................................................................... ~ 6s
  Xdebug: [Step Debug] Time-out connecting to debugging client, waited: 200 ms. Tried: localhost:9003 (through xdebug.client_host/xdebug.client_port).
  2026-09-29 00:48:39 /api/storefront .......................................................................... ~ 5s
  Xdebug: [Step Debug] Time-out connecting to debugging client, waited: 200 ms. Tried: localhost:9003 (through xdebug.client_host/xdebug.client_port).
  2026-09-29 00:49:39 /api/storefront .......................................................................... ~ 6s
  Xdebug: [Step Debug] Time-out connecting to debugging client, waited: 200 ms. Tried: localhost:9003 (through xdebug.client_host/xdebug.client_port).
  2026-09-29 00:50:39 /api/storefront .......................................................................... ~ 6s
  Xdebug: [Step Debug] Time-out connecting to debugging client, waited: 200 ms. Tried: localhost:9003 (through xdebug.client_host/xdebug.client_port).
  2026-09-29 00:51:39 /api/storefront .......................................................................... ~ 6s
  Xdebug: [Step Debug] Time-out connecting to debugging client, waited: 200 ms. Tried: localhost:9003 (through xdebug.client_host/xdebug.client_port).
  2026-09-29 00:52:39 /api/storefront .......................................................................... ~ 6s
  Xdebug: [Step Debug] Time-out connecting to debugging client, waited: 200 ms. Tried: localhost:9003 (through xdebug.client_host/xdebug.client_port).
  2026-09-29 00:53:39 /api/storefront .......................................................................... ~ 6s
  Xdebug: [Step Debug] Time-out connecting to debugging client, waited: 200 ms. Tried: localhost:9003 (through xdebug.client_host/xdebug.client_port).
  2026-09-29 00:54:39 /api/storefront .......................................................................... ~ 6s
  Xdebug: [Step Debug] Time-out connecting to debugging client, waited: 200 ms. Tried: localhost:9003 (through xdebug.client_host/xdebug.client_port).
  2026-09-29 00:55:39 /api/storefront .......................................................................... ~ 6s
  Xdebug: [Step Debug] Time-out connecting to debugging client, waited: 200 ms. Tried: localhost:9003 (through xdebug.client_host/xdebug.client_port).
  2026-09-29 00:56:39 /api/storefront .......................................................................... ~ 6s
  Xdebug: [Step Debug] Time-out connecting to debugging client, waited: 200 ms. Tried: localhost:9003 (through xdebug.client_host/xdebug.client_port).
  2026-09-29 00:57:39 /api/storefront .......................................................................... ~ 6s
  Xdebug: [Step Debug] Time-out connecting to debugging client, waited: 200 ms. Tried: localhost:9003 (through xdebug.client_host/xdebug.client_port).
  2026-09-29 00:58:39 /api/storefront .......................................................................... ~ 6s
  Xdebug: [Step Debug] Time-out connecting to debugging client, waited: 200 ms. Tried: localhost:9003 (through xdebug.client_host/xdebug.client_port).
  2026-09-29 00:59:39 /api/storefront .......................................................................... ~ 6s
  Xdebug: [Step Debug] Time-out connecting to debugging client, waited: 200 ms. Tried: localhost:9003 (through xdebug.client_host/xdebug.client_port).
  2026-09-29 01:00:39 /api/storefront .......................................................................... ~ 6s
  Xdebug: [Step Debug] Time-out connecting to debugging client, waited: 200 ms. Tried: localhost:9003 (through xdebug.client_host/xdebug.client_port).
  2026-09-29 01:01:39 /api/storefront .......................................................................... ~ 6s
  Xdebug: [Step Debug] Time-out connecting to debugging client, waited: 200 ms. Tried: localhost:9003 (through xdebug.client_host/xdebug.client_port).
  2026-09-29 01:02:39 /api/storefront .......................................................................... ~ 6s
  Xdebug: [Step Debug] Time-out connecting to debugging client, waited: 200 ms. Tried: localhost:9003 (through xdebug.client_host/xdebug.client_port).
  2026-09-29 01:03:39 /api/storefront .......................................................................... ~ 6s
  Xdebug: [Step Debug] Time-out connecting to debugging client, waited: 200 ms. Tried: localhost:9003 (through xdebug.client_host/xdebug.client_port).
  2026-09-29 01:04:39 /api/storefront .......................................................................... ~ 6s
  Xdebug: [Step Debug] Time-out connecting to debugging client, waited: 200 ms. Tried: localhost:9003 (through xdebug.client_host/xdebug.client_port).
  2026-09-29 01:05:39 /api/storefront .......................................................................... ~ 6s
  Xdebug: [Step Debug] Time-out connecting to debugging client, waited: 200 ms. Tried: localhost:9003 (through xdebug.client_host/xdebug.client_port).
  2026-09-29 01:06:39 /api/storefront .......................................................................... ~ 6s
  Xdebug: [Step Debug] Time-out connecting to debugging client, waited: 200 ms. Tried: localhost:9003 (through xdebug.client_host/xdebug.client_port).
  2026-09-29 01:07:39 /api/storefront .......................................................................... ~ 6s
  Xdebug: [Step Debug] Time-out connecting to debugging client, waited: 200 ms. Tried: localhost:9003 (through xdebug.client_host/xdebug.client_port).
  2026-09-29 01:08:39 /api/storefront .......................................................................... ~ 6s
  Xdebug: [Step Debug] Time-out connecting to debugging client, waited: 200 ms. Tried: localhost:9003 (through xdebug.client_host/xdebug.client_port).
  2026-09-29 01:09:39 /api/storefront .......................................................................... ~ 6s
  Xdebug: [Step Debug] Time-out connecting to debugging client, waited: 200 ms. Tried: localhost:9003 (through xdebug.client_host/xdebug.client_port).
  2026-09-29 01:10:39 /api/storefront .......................................................................... ~ 6s
  Xdebug: [Step Debug] Time-out connecting to debugging client, waited: 200 ms. Tried: localhost:9003 (through xdebug.client_host/xdebug.client_port).
  2026-09-29 01:11:39 /api/storefront .......................................................................... ~ 6s
  Xdebug: [Step Debug] Time-out connecting to debugging client, waited: 200 ms. Tried: localhost:9003 (through xdebug.client_host/xdebug.client_port).
  2026-09-29 01:12:39 /api/storefront .......................................................................... ~ 6s
  Xdebug: [Step Debug] Time-out connecting to debugging client, waited: 200 ms. Tried: localhost:9003 (through xdebug.client_host/xdebug.client_port).
  2026-09-29 01:13:39 /api/storefront .......................................................................... ~ 6s
  Xdebug: [Step Debug] Time-out connecting to debugging client, waited: 200 ms. Tried: localhost:9003 (through xdebug.client_host/xdebug.client_port).
  2026-09-29 01:14:39 /api/storefront .......................................................................... ~ 6s
  Xdebug: [Step Debug] Time-out connecting to debugging client, waited: 200 ms. Tried: localhost:9003 (through xdebug.client_host/xdebug.client_port).
  2026-09-29 01:15:39 /api/storefront .......................................................................... ~ 6s
  Xdebug: [Step Debug] Time-out connecting to debugging client, waited: 200 ms. Tried: localhost:9003 (through xdebug.client_host/xdebug.client_port).
  2026-09-29 01:16:39 /api/storefront .......................................................................... ~ 6s
  Xdebug: [Step Debug] Time-out connecting to debugging client, waited: 200 ms. Tried: localhost:9003 (through xdebug.client_host/xdebug.client_port).
  2026-09-29 01:17:39 /api/storefront .......................................................................... ~ 6s
  Xdebug: [Step Debug] Time-out connecting to debugging client, waited: 200 ms. Tried: localhost:9003 (through xdebug.client_host/xdebug.client_port).
  2026-09-29 01:18:39 /api/storefront .......................................................................... ~ 6s
  Xdebug: [Step Debug] Time-out connecting to debugging client, waited: 200 ms. Tried: localhost:9003 (through xdebug.client_host/xdebug.client_port).
  2026-09-29 01:19:39 /api/storefront .......................................................................... ~ 6s
  Xdebug: [Step Debug] Time-out connecting to debugging client, waited: 200 ms. Tried: localhost:9003 (through xdebug.client_host/xdebug.client_port).
  2026-09-29 01:20:39 /api/storefront .......................................................................... ~ 6s
  Xdebug: [Step Debug] Time-out connecting to debugging client, waited: 200 ms. Tried: localhost:9003 (through xdebug.client_host/xdebug.client_port).
  2026-09-29 01:21:39 /api/storefront .......................................................................... ~ 6s
  Xdebug: [Step Debug] Time-out connecting to debugging client, waited: 200 ms. Tried: localhost:9003 (through xdebug.client_host/xdebug.client_port).
  2026-09-29 01:22:39 /api/storefront .......................................................................... ~ 6s
  Xdebug: [Step Debug] Time-out connecting to debugging client, waited: 200 ms. Tried: localhost:9003 (through xdebug.client_host/xdebug.client_port).
  2026-09-29 01:23:39 /api/storefront .......................................................................... ~ 6s
  Xdebug: [Step Debug] Time-out connecting to debugging client, waited: 200 ms. Tried: localhost:9003 (through xdebug.client_host/xdebug.client_port).
  2026-09-29 01:24:39 /api/storefront .......................................................................... ~ 6s
  Xdebug: [Step Debug] Time-out connecting to debugging client, waited: 200 ms. Tried: localhost:9003 (through xdebug.client_host/xdebug.client_port).
  2026-09-29 01:25:39 /api/storefront .......................................................................... ~ 6s
  Xdebug: [Step Debug] Time-out connecting to debugging client, waited: 200 ms. Tried: localhost:9003 (through xdebug.client_host/xdebug.client_port).
  2026-09-29 01:26:39 /api/storefront .......................................................................... ~ 6s
  Xdebug: [Step Debug] Time-out connecting to debugging client, waited: 200 ms. Tried: localhost:9003 (through xdebug.client_host/xdebug.client_port).
  2026-09-29 01:27:39 /api/storefront .......................................................................... ~ 6s
  Xdebug: [Step Debug] Time-out connecting to debugging client, waited: 200 ms. Tried: localhost:9003 (through xdebug.client_host/xdebug.client_port).
  2026-09-29 01:28:39 /api/storefront .......................................................................... ~ 6s
  Xdebug: [Step Debug] Time-out connecting to debugging client, waited: 200 ms. Tried: localhost:9003 (through xdebug.client_host/xdebug.client_port).
  2026-09-29 01:29:39 /api/storefront .......................................................................... ~ 6s
  Xdebug: [Step Debug] Time-out connecting to debugging client, waited: 200 ms. Tried: localhost:9003 (through xdebug.client_host/xdebug.client_port).
  2026-09-29 01:30:39 /api/storefront .......................................................................... ~ 6s
  Xdebug: [Step Debug] Time-out connecting to debugging client, waited: 200 ms. Tried: localhost:9003 (through xdebug.client_host/xdebug.client_port).
  2026-09-29 01:31:39 /api/storefront .......................................................................... ~ 6s
  Xdebug: [Step Debug] Time-out connecting to debugging client, waited: 200 ms. Tried: localhost:9003 (through xdebug.client_host/xdebug.client_port).
  2026-09-29 01:32:39 /api/storefront .......................................................................... ~ 6s
  Xdebug: [Step Debug] Time-out connecting to debugging client, waited: 200 ms. Tried: localhost:9003 (through xdebug.client_host/xdebug.client_port).
  2026-09-29 01:33:39 /api/storefront .......................................................................... ~ 6s
  Xdebug: [Step Debug] Time-out connecting to debugging client, waited: 200 ms. Tried: localhost:9003 (through xdebug.client_host/xdebug.client_port).
  2026-09-29 01:34:39 /api/storefront .......................................................................... ~ 6s
  Xdebug: [Step Debug] Time-out connecting to debugging client, waited: 200 ms. Tried: localhost:9003 (through xdebug.client_host/xdebug.client_port).
  2026-09-29 01:35:39 /api/storefront .......................................................................... ~ 6s
  Xdebug: [Step Debug] Time-out connecting to debugging client, waited: 200 ms. Tried: localhost:9003 (through xdebug.client_host/xdebug.client_port).
  2026-09-29 01:36:39 /api/storefront .......................................................................... ~ 6s
  Xdebug: [Step Debug] Time-out connecting to debugging client, waited: 200 ms. Tried: localhost:9003 (through xdebug.client_host/xdebug.client_port).
  2026-09-29 01:37:39 /api/storefront .......................................................................... ~ 7s
  Xdebug: [Step Debug] Time-out connecting to debugging client, waited: 200 ms. Tried: localhost:9003 (through xdebug.client_host/xdebug.client_port).
  2026-09-29 01:38:39 /api/storefront .......................................................................... ~ 6s
  Xdebug: [Step Debug] Time-out connecting to debugging client, waited: 200 ms. Tried: localhost:9003 (through xdebug.client_host/xdebug.client_port).
  2026-09-29 01:39:39 /api/storefront .......................................................................... ~ 6s
  Xdebug: [Step Debug] Time-out connecting to debugging client, waited: 200 ms. Tried: localhost:9003 (through xdebug.client_host/xdebug.client_port).
  2026-09-29 01:40:39 /api/storefront .......................................................................... ~ 6s
  Xdebug: [Step Debug] Time-out connecting to debugging client, waited: 200 ms. Tried: localhost:9003 (through xdebug.client_host/xdebug.client_port).
  2026-09-29 01:41:39 /api/storefront .......................................................................... ~ 6s
  Xdebug: [Step Debug] Time-out connecting to debugging client, waited: 200 ms. Tried: localhost:9003 (through xdebug.client_host/xdebug.client_port).
  2026-09-29 01:42:39 /api/storefront .......................................................................... ~ 6s
  Xdebug: [Step Debug] Time-out connecting to debugging client, waited: 200 ms. Tried: localhost:9003 (through xdebug.client_host/xdebug.client_port).
  2026-09-29 01:43:39 /api/storefront .......................................................................... ~ 6s
  Xdebug: [Step Debug] Time-out connecting to debugging client, waited: 200 ms. Tried: localhost:9003 (through xdebug.client_host/xdebug.client_port).
  2026-09-29 01:44:39 /api/storefront .......................................................................... ~ 6s
  Xdebug: [Step Debug] Time-out connecting to debugging client, waited: 200 ms. Tried: localhost:9003 (through xdebug.client_host/xdebug.client_port).
  2026-09-29 01:45:39 /api/storefront .......................................................................... ~ 6s
  Xdebug: [Step Debug] Time-out connecting to debugging client, waited: 200 ms. Tried: localhost:9003 (through xdebug.client_host/xdebug.client_port).
  2026-09-29 01:46:39 /api/storefront .......................................................................... ~ 6s
  Xdebug: [Step Debug] Time-out connecting to debugging client, waited: 200 ms. Tried: localhost:9003 (through xdebug.client_host/xdebug.client_port).
  2026-09-29 01:47:39 /api/storefront .......................................................................... ~ 6s
  Xdebug: [Step Debug] Time-out connecting to debugging client, waited: 200 ms. Tried: localhost:9003 (through xdebug.client_host/xdebug.client_port).
  2026-09-29 01:48:39 /api/storefront .......................................................................... ~ 6s
  Xdebug: [Step Debug] Time-out connecting to debugging client, waited: 200 ms. Tried: localhost:9003 (through xdebug.client_host/xdebug.client_port).
  2026-09-29 01:49:39 /api/storefront .......................................................................... ~ 6s
  Xdebug: [Step Debug] Time-out connecting to debugging client, waited: 200 ms. Tried: localhost:9003 (through xdebug.client_host/xdebug.client_port).
  2026-09-29 01:50:39 /api/storefront .......................................................................... ~ 6s
  Xdebug: [Step Debug] Time-out connecting to debugging client, waited: 200 ms. Tried: localhost:9003 (through xdebug.client_host/xdebug.client_port).
  2026-09-29 01:51:39 /api/storefront .......................................................................... ~ 6s
  Xdebug: [Step Debug] Time-out connecting to debugging client, waited: 200 ms. Tried: localhost:9003 (through xdebug.client_host/xdebug.client_port).
  2026-09-29 01:52:39 /api/storefront .......................................................................... ~ 6s
  Xdebug: [Step Debug] Time-out connecting to debugging client, waited: 200 ms. Tried: localhost:9003 (through xdebug.client_host/xdebug.client_port).
  2026-09-29 01:53:39 /api/storefront .......................................................................... ~ 6s
  Xdebug: [Step Debug] Time-out connecting to debugging client, waited: 200 ms. Tried: localhost:9003 (through xdebug.client_host/xdebug.client_port).
  2026-09-29 01:54:39 /api/storefront .......................................................................... ~ 6s
  Xdebug: [Step Debug] Time-out connecting to debugging client, waited: 200 ms. Tried: localhost:9003 (through xdebug.client_host/xdebug.client_port).
  2026-09-29 01:55:39 /api/storefront .......................................................................... ~ 6s
  Xdebug: [Step Debug] Time-out connecting to debugging client, waited: 200 ms. Tried: localhost:9003 (through xdebug.client_host/xdebug.client_port).
  2026-09-29 01:56:39 /api/storefront .......................................................................... ~ 6s
  Xdebug: [Step Debug] Time-out connecting to debugging client, waited: 200 ms. Tried: localhost:9003 (through xdebug.client_host/xdebug.client_port).
  2026-09-29 01:57:39 /api/storefront .......................................................................... ~ 6s
  Xdebug: [Step Debug] Time-out connecting to debugging client, waited: 200 ms. Tried: localhost:9003 (through xdebug.client_host/xdebug.client_port).
  2026-09-29 01:58:39 /api/storefront .......................................................................... ~ 6s
  Xdebug: [Step Debug] Time-out connecting to debugging client, waited: 200 ms. Tried: localhost:9003 (through xdebug.client_host/xdebug.client_port).
  2026-09-29 01:59:39 /api/storefront .......................................................................... ~ 6s
  Xdebug: [Step Debug] Time-out connecting to debugging client, waited: 200 ms. Tried: localhost:9003 (through xdebug.client_host/xdebug.client_port).
  2026-09-29 02:00:39 /api/storefront .......................................................................... ~ 6s
  Xdebug: [Step Debug] Time-out connecting to debugging client, waited: 200 ms. Tried: localhost:9003 (through xdebug.client_host/xdebug.client_port).
  2026-09-29 02:01:39 /api/storefront .......................................................................... ~ 6s
  Xdebug: [Step Debug] Time-out connecting to debugging client, waited: 200 ms. Tried: localhost:9003 (through xdebug.client_host/xdebug.client_port).
  2026-09-29 02:02:39 /api/storefront .......................................................................... ~ 6s
  Xdebug: [Step Debug] Time-out connecting to debugging client, waited: 200 ms. Tried: localhost:9003 (through xdebug.client_host/xdebug.client_port).
  2026-09-29 02:03:39 /api/storefront .......................................................................... ~ 6s
  Xdebug: [Step Debug] Time-out connecting to debugging client, waited: 200 ms. Tried: localhost:9003 (through xdebug.client_host/xdebug.client_port).
  2026-09-29 02:04:39 /api/storefront .......................................................................... ~ 6s
  Xdebug: [Step Debug] Time-out connecting to debugging client, waited: 200 ms. Tried: localhost:9003 (through xdebug.client_host/xdebug.client_port).
  2026-09-29 02:05:39 /api/storefront .......................................................................... ~ 6s
  Xdebug: [Step Debug] Time-out connecting to debugging client, waited: 200 ms. Tried: localhost:9003 (through xdebug.client_host/xdebug.client_port).
  2026-09-29 02:06:39 /api/storefront .......................................................................... ~ 6s
  Xdebug: [Step Debug] Time-out connecting to debugging client, waited: 200 ms. Tried: localhost:9003 (through xdebug.client_host/xdebug.client_port).
  2026-09-29 02:07:39 /api/storefront .......................................................................... ~ 6s
  Xdebug: [Step Debug] Time-out connecting to debugging client, waited: 200 ms. Tried: localhost:9003 (through xdebug.client_host/xdebug.client_port).
  2026-09-29 02:08:39 /api/storefront .......................................................................... ~ 6s
  Xdebug: [Step Debug] Time-out connecting to debugging client, waited: 200 ms. Tried: localhost:9003 (through xdebug.client_host/xdebug.client_port).
  2026-09-29 02:09:39 /api/storefront .......................................................................... ~ 6s
  Xdebug: [Step Debug] Time-out connecting to debugging client, waited: 200 ms. Tried: localhost:9003 (through xdebug.client_host/xdebug.client_port).
  2026-09-29 02:10:39 /api/storefront .......................................................................... ~ 6s
  Xdebug: [Step Debug] Time-out connecting to debugging client, waited: 200 ms. Tried: localhost:9003 (through xdebug.client_host/xdebug.client_port).
  2026-09-29 02:11:39 /api/storefront .......................................................................... ~ 6s
  Xdebug: [Step Debug] Time-out connecting to debugging client, waited: 200 ms. Tried: localhost:9003 (through xdebug.client_host/xdebug.client_port).
  2026-09-29 02:12:39 /api/storefront .......................................................................... ~ 6s
  Xdebug: [Step Debug] Time-out connecting to debugging client, waited: 200 ms. Tried: localhost:9003 (through xdebug.client_host/xdebug.client_port).
  2026-09-29 02:13:39 /api/storefront .......................................................................... ~ 6s
  Xdebug: [Step Debug] Time-out connecting to debugging client, waited: 200 ms. Tried: localhost:9003 (through xdebug.client_host/xdebug.client_port).
  2026-09-29 02:14:39 /api/storefront .......................................................................... ~ 6s
  Xdebug: [Step Debug] Time-out connecting to debugging client, waited: 200 ms. Tried: localhost:9003 (through xdebug.client_host/xdebug.client_port).
  2026-09-29 02:15:39 /api/storefront .......................................................................... ~ 6s
  Xdebug: [Step Debug] Time-out connecting to debugging client, waited: 200 ms. Tried: localhost:9003 (through xdebug.client_host/xdebug.client_port).
  2026-09-29 02:16:39 /api/storefront .......................................................................... ~ 6s
  Xdebug: [Step Debug] Time-out connecting to debugging client, waited: 200 ms. Tried: localhost:9003 (through xdebug.client_host/xdebug.client_port).
  2026-09-29 02:17:39 /api/storefront .......................................................................... ~ 6s
  Xdebug: [Step Debug] Time-out connecting to debugging client, waited: 200 ms. Tried: localhost:9003 (through xdebug.client_host/xdebug.client_port).
  2026-09-29 02:18:39 /api/storefront .......................................................................... ~ 6s
  Xdebug: [Step Debug] Time-out connecting to debugging client, waited: 200 ms. Tried: localhost:9003 (through xdebug.client_host/xdebug.client_port).
  2026-09-29 02:19:39 /api/storefront .......................................................................... ~ 6s
  Xdebug: [Step Debug] Time-out connecting to debugging client, waited: 200 ms. Tried: localhost:9003 (through xdebug.client_host/xdebug.client_port).
  2026-09-29 02:20:39 /api/storefront .......................................................................... ~ 6s
  Xdebug: [Step Debug] Time-out connecting to debugging client, waited: 200 ms. Tried: localhost:9003 (through xdebug.client_host/xdebug.client_port).
  2026-09-29 02:21:39 /api/storefront .......................................................................... ~ 6s
  Xdebug: [Step Debug] Time-out connecting to debugging client, waited: 200 ms. Tried: localhost:9003 (through xdebug.client_host/xdebug.client_port).
  2026-09-29 02:22:39 /api/storefront .......................................................................... ~ 6s
  Xdebug: [Step Debug] Time-out connecting to debugging client, waited: 200 ms. Tried: localhost:9003 (through xdebug.client_host/xdebug.client_port).
  2026-09-29 02:23:39 /api/storefront .......................................................................... ~ 6s
  Xdebug: [Step Debug] Time-out connecting to debugging client, waited: 200 ms. Tried: localhost:9003 (through xdebug.client_host/xdebug.client_port).
  2026-09-29 02:24:39 /api/storefront .......................................................................... ~ 6s
  Xdebug: [Step Debug] Time-out connecting to debugging client, waited: 200 ms. Tried: localhost:9003 (through xdebug.client_host/xdebug.client_port).
  2026-09-29 02:25:39 /api/storefront .......................................................................... ~ 6s
  Xdebug: [Step Debug] Time-out connecting to debugging client, waited: 200 ms. Tried: localhost:9003 (through xdebug.client_host/xdebug.client_port).
  2026-09-29 02:26:39 /api/storefront .......................................................................... ~ 6s
  Xdebug: [Step Debug] Time-out connecting to debugging client, waited: 200 ms. Tried: localhost:9003 (through xdebug.client_host/xdebug.client_port).
  2026-09-29 02:27:39 /api/storefront .......................................................................... ~ 6s
  Xdebug: [Step Debug] Time-out connecting to debugging client, waited: 200 ms. Tried: localhost:9003 (through xdebug.client_host/xdebug.client_port).
  2026-09-29 02:28:39 /api/storefront .......................................................................... ~ 6s
  Xdebug: [Step Debug] Time-out connecting to debugging client, waited: 200 ms. Tried: localhost:9003 (through xdebug.client_host/xdebug.client_port).
  2026-09-29 02:29:39 /api/storefront .......................................................................... ~ 6s
  Xdebug: [Step Debug] Time-out connecting to debugging client, waited: 200 ms. Tried: localhost:9003 (through xdebug.client_host/xdebug.client_port).
  2026-09-29 02:30:39 /api/storefront .......................................................................... ~ 6s
  Xdebug: [Step Debug] Time-out connecting to debugging client, waited: 200 ms. Tried: localhost:9003 (through xdebug.client_host/xdebug.client_port).
  2026-09-29 02:31:39 /api/storefront .......................................................................... ~ 6s
  Xdebug: [Step Debug] Time-out connecting to debugging client, waited: 200 ms. Tried: localhost:9003 (through xdebug.client_host/xdebug.client_port).
  2026-09-29 02:32:39 /api/storefront .......................................................................... ~ 6s
  Xdebug: [Step Debug] Time-out connecting to debugging client, waited: 200 ms. Tried: localhost:9003 (through xdebug.client_host/xdebug.client_port).
  2026-09-29 02:33:39 /api/storefront .......................................................................... ~ 6s
  Xdebug: [Step Debug] Time-out connecting to debugging client, waited: 200 ms. Tried: localhost:9003 (through xdebug.client_host/xdebug.client_port).
  2026-09-29 02:34:39 /api/storefront .......................................................................... ~ 6s
  Xdebug: [Step Debug] Time-out connecting to debugging client, waited: 200 ms. Tried: localhost:9003 (through xdebug.client_host/xdebug.client_port).
  2026-09-29 02:35:39 /api/storefront .......................................................................... ~ 6s
  Xdebug: [Step Debug] Time-out connecting to debugging client, waited: 200 ms. Tried: localhost:9003 (through xdebug.client_host/xdebug.client_port).
  2026-09-29 02:36:39 /api/storefront .......................................................................... ~ 6s
  Xdebug: [Step Debug] Time-out connecting to debugging client, waited: 200 ms. Tried: localhost:9003 (through xdebug.client_host/xdebug.client_port).
  2026-09-29 02:37:39 /api/storefront .......................................................................... ~ 6s
  Xdebug: [Step Debug] Time-out connecting to debugging client, waited: 200 ms. Tried: localhost:9003 (through xdebug.client_host/xdebug.client_port).
  2026-09-29 02:38:39 /api/storefront .......................................................................... ~ 6s
  Xdebug: [Step Debug] Time-out connecting to debugging client, waited: 200 ms. Tried: localhost:9003 (through xdebug.client_host/xdebug.client_port).
  2026-09-29 02:39:39 /api/storefront .......................................................................... ~ 6s
  Xdebug: [Step Debug] Time-out connecting to debugging client, waited: 200 ms. Tried: localhost:9003 (through xdebug.client_host/xdebug.client_port).
  2026-09-29 02:40:39 /api/storefront .......................................................................... ~ 6s
  Xdebug: [Step Debug] Time-out connecting to debugging client, waited: 200 ms. Tried: localhost:9003 (through xdebug.client_host/xdebug.client_port).
  2026-09-29 02:41:39 /api/storefront .......................................................................... ~ 6s
  Xdebug: [Step Debug] Time-out connecting to debugging client, waited: 200 ms. Tried: localhost:9003 (through xdebug.client_host/xdebug.client_port).
  2026-09-29 02:42:39 /api/storefront .......................................................................... ~ 6s
  Xdebug: [Step Debug] Time-out connecting to debugging client, waited: 200 ms. Tried: localhost:9003 (through xdebug.client_host/xdebug.client_port).
  2026-09-29 02:43:39 /api/storefront .......................................................................... ~ 6s
  Xdebug: [Step Debug] Time-out connecting to debugging client, waited: 200 ms. Tried: localhost:9003 (through xdebug.client_host/xdebug.client_port).
  2026-09-29 02:44:39 /api/storefront .......................................................................... ~ 6s
  Xdebug: [Step Debug] Time-out connecting to debugging client, waited: 200 ms. Tried: localhost:9003 (through xdebug.client_host/xdebug.client_port).
  2026-09-29 02:45:39 /api/storefront .......................................................................... ~ 6s
  Xdebug: [Step Debug] Time-out connecting to debugging client, waited: 200 ms. Tried: localhost:9003 (through xdebug.client_host/xdebug.client_port).
  2026-09-29 02:46:39 /api/storefront .......................................................................... ~ 6s
  Xdebug: [Step Debug] Time-out connecting to debugging client, waited: 200 ms. Tried: localhost:9003 (through xdebug.client_host/xdebug.client_port).
  2026-09-29 02:47:39 /api/storefront .......................................................................... ~ 6s
  Xdebug: [Step Debug] Time-out connecting to debugging client, waited: 200 ms. Tried: localhost:9003 (through xdebug.client_host/xdebug.client_port).
  2026-09-29 02:48:39 /api/storefront .......................................................................... ~ 6s
  Xdebug: [Step Debug] Time-out connecting to debugging client, waited: 200 ms. Tried: localhost:9003 (through xdebug.client_host/xdebug.client_port).
  2026-09-29 02:49:39 /api/storefront .......................................................................... ~ 6s
  Xdebug: [Step Debug] Time-out connecting to debugging client, waited: 200 ms. Tried: localhost:9003 (through xdebug.client_host/xdebug.client_port).
  2026-09-29 02:50:39 /api/storefront .......................................................................... ~ 6s
  Xdebug: [Step Debug] Time-out connecting to debugging client, waited: 200 ms. Tried: localhost:9003 (through xdebug.client_host/xdebug.client_port).
  2026-09-29 02:51:39 /api/storefront .......................................................................... ~ 6s
  Xdebug: [Step Debug] Time-out connecting to debugging client, waited: 200 ms. Tried: localhost:9003 (through xdebug.client_host/xdebug.client_port).
  2026-09-29 02:52:39 /api/storefront .......................................................................... ~ 6s
  Xdebug: [Step Debug] Time-out connecting to debugging client, waited: 200 ms. Tried: localhost:9003 (through xdebug.client_host/xdebug.client_port).
  2026-09-29 02:53:39 /api/storefront .......................................................................... ~ 6s
  Xdebug: [Step Debug] Time-out connecting to debugging client, waited: 200 ms. Tried: localhost:9003 (through xdebug.client_host/xdebug.client_port).
  2026-09-29 02:54:39 /api/storefront .......................................................................... ~ 6s
  Xdebug: [Step Debug] Time-out connecting to debugging client, waited: 200 ms. Tried: localhost:9003 (through xdebug.client_host/xdebug.client_port).
  2026-09-29 02:55:39 /api/storefront .......................................................................... ~ 6s
  Xdebug: [Step Debug] Time-out connecting to debugging client, waited: 200 ms. Tried: localhost:9003 (through xdebug.client_host/xdebug.client_port).
  2026-09-29 02:56:39 /api/storefront .......................................................................... ~ 6s
  Xdebug: [Step Debug] Time-out connecting to debugging client, waited: 200 ms. Tried: localhost:9003 (through xdebug.client_host/xdebug.client_port).
  2026-09-29 02:57:39 /api/storefront .......................................................................... ~ 6s
  Xdebug: [Step Debug] Time-out connecting to debugging client, waited: 200 ms. Tried: localhost:9003 (through xdebug.client_host/xdebug.client_port).
  2026-09-29 02:58:39 /api/storefront .......................................................................... ~ 6s
  Xdebug: [Step Debug] Time-out connecting to debugging client, waited: 200 ms. Tried: localhost:9003 (through xdebug.client_host/xdebug.client_port).
  2026-09-29 02:59:39 /api/storefront .......................................................................... ~ 6s
  Xdebug: [Step Debug] Time-out connecting to debugging client, waited: 200 ms. Tried: localhost:9003 (through xdebug.client_host/xdebug.client_port).
  2026-09-29 03:00:39 /api/storefront .......................................................................... ~ 6s
  Xdebug: [Step Debug] Time-out connecting to debugging client, waited: 200 ms. Tried: localhost:9003 (through xdebug.client_host/xdebug.client_port).
  2026-09-29 03:01:39 /api/storefront .......................................................................... ~ 6s
  Xdebug: [Step Debug] Time-out connecting to debugging client, waited: 200 ms. Tried: localhost:9003 (through xdebug.client_host/xdebug.client_port).
  2026-09-29 03:02:39 /api/storefront .......................................................................... ~ 6s
  Xdebug: [Step Debug] Time-out connecting to debugging client, waited: 200 ms. Tried: localhost:9003 (through xdebug.client_host/xdebug.client_port).
  2026-09-29 03:03:39 /api/storefront .......................................................................... ~ 6s
  Xdebug: [Step Debug] Time-out connecting to debugging client, waited: 200 ms. Tried: localhost:9003 (through xdebug.client_host/xdebug.client_port).
  2026-09-29 03:04:39 /api/storefront .......................................................................... ~ 6s
  Xdebug: [Step Debug] Time-out connecting to debugging client, waited: 200 ms. Tried: localhost:9003 (through xdebug.client_host/xdebug.client_port).
  2026-09-29 03:05:39 /api/storefront .......................................................................... ~ 6s
  Xdebug: [Step Debug] Time-out connecting to debugging client, waited: 200 ms. Tried: localhost:9003 (through xdebug.client_host/xdebug.client_port).
  2026-09-29 03:06:39 /api/storefront .......................................................................... ~ 6s
  Xdebug: [Step Debug] Time-out connecting to debugging client, waited: 200 ms. Tried: localhost:9003 (through xdebug.client_host/xdebug.client_port).
  2026-09-29 03:07:39 /api/storefront .......................................................................... ~ 6s
  Xdebug: [Step Debug] Time-out connecting to debugging client, waited: 200 ms. Tried: localhost:9003 (through xdebug.client_host/xdebug.client_port).
  2026-09-29 03:08:39 /api/storefront .......................................................................... ~ 6s
  Xdebug: [Step Debug] Time-out connecting to debugging client, waited: 200 ms. Tried: localhost:9003 (through xdebug.client_host/xdebug.client_port).
  2026-09-29 03:09:39 /api/storefront .......................................................................... ~ 6s
  Xdebug: [Step Debug] Time-out connecting to debugging client, waited: 200 ms. Tried: localhost:9003 (through xdebug.client_host/xdebug.client_port).
  2026-09-29 03:10:39 /api/storefront .......................................................................... ~ 6s
  Xdebug: [Step Debug] Time-out connecting to debugging client, waited: 200 ms. Tried: localhost:9003 (through xdebug.client_host/xdebug.client_port).
  2026-09-29 03:11:39 /api/storefront .......................................................................... ~ 6s
  Xdebug: [Step Debug] Time-out connecting to debugging client, waited: 200 ms. Tried: localhost:9003 (through xdebug.client_host/xdebug.client_port).
  2026-09-29 03:12:39 /api/storefront .......................................................................... ~ 6s
  Xdebug: [Step Debug] Time-out connecting to debugging client, waited: 200 ms. Tried: localhost:9003 (through xdebug.client_host/xdebug.client_port).
  2026-09-29 03:13:39 /api/storefront .......................................................................... ~ 6s
  Xdebug: [Step Debug] Time-out connecting to debugging client, waited: 200 ms. Tried: localhost:9003 (through xdebug.client_host/xdebug.client_port).
  2026-09-29 03:14:39 /api/storefront .......................................................................... ~ 5s
  Xdebug: [Step Debug] Time-out connecting to debugging client, waited: 200 ms. Tried: localhost:9003 (through xdebug.client_host/xdebug.client_port).
  2026-09-29 03:15:39 /api/storefront .......................................................................... ~ 6s
  Xdebug: [Step Debug] Time-out connecting to debugging client, waited: 200 ms. Tried: localhost:9003 (through xdebug.client_host/xdebug.client_port).
  2026-09-29 03:16:39 /api/storefront .......................................................................... ~ 6s
  Xdebug: [Step Debug] Time-out connecting to debugging client, waited: 200 ms. Tried: localhost:9003 (through xdebug.client_host/xdebug.client_port).
  2026-09-29 03:17:39 /api/storefront .......................................................................... ~ 6s
  Xdebug: [Step Debug] Time-out connecting to debugging client, waited: 200 ms. Tried: localhost:9003 (through xdebug.client_host/xdebug.client_port).
  2026-09-29 03:18:39 /api/storefront .......................................................................... ~ 6s
  Xdebug: [Step Debug] Time-out connecting to debugging client, waited: 200 ms. Tried: localhost:9003 (through xdebug.client_host/xdebug.client_port).
  2026-09-29 03:19:39 /api/storefront .......................................................................... ~ 6s
  Xdebug: [Step Debug] Time-out connecting to debugging client, waited: 200 ms. Tried: localhost:9003 (through xdebug.client_host/xdebug.client_port).
  2026-09-29 03:20:39 /api/storefront .......................................................................... ~ 6s
  Xdebug: [Step Debug] Time-out connecting to debugging client, waited: 200 ms. Tried: localhost:9003 (through xdebug.client_host/xdebug.client_port).
  2026-09-29 03:21:39 /api/storefront .......................................................................... ~ 6s
  Xdebug: [Step Debug] Time-out connecting to debugging client, waited: 200 ms. Tried: localhost:9003 (through xdebug.client_host/xdebug.client_port).
  2026-09-29 03:22:39 /api/storefront .......................................................................... ~ 6s
  Xdebug: [Step Debug] Time-out connecting to debugging client, waited: 200 ms. Tried: localhost:9003 (through xdebug.client_host/xdebug.client_port).
  2026-09-29 03:23:39 /api/storefront .......................................................................... ~ 6s
  Xdebug: [Step Debug] Time-out connecting to debugging client, waited: 200 ms. Tried: localhost:9003 (through xdebug.client_host/xdebug.client_port).
  2026-09-29 03:24:39 /api/storefront .......................................................................... ~ 6s
  Xdebug: [Step Debug] Time-out connecting to debugging client, waited: 200 ms. Tried: localhost:9003 (through xdebug.client_host/xdebug.client_port).
  2026-09-29 03:25:39 /api/storefront .......................................................................... ~ 5s
  Xdebug: [Step Debug] Time-out connecting to debugging client, waited: 200 ms. Tried: localhost:9003 (through xdebug.client_host/xdebug.client_port).
  2026-09-29 03:26:39 /api/storefront .......................................................................... ~ 6s
  Xdebug: [Step Debug] Time-out connecting to debugging client, waited: 200 ms. Tried: localhost:9003 (through xdebug.client_host/xdebug.client_port).
  2026-09-29 03:27:39 /api/storefront .......................................................................... ~ 6s
  Xdebug: [Step Debug] Time-out connecting to debugging client, waited: 200 ms. Tried: localhost:9003 (through xdebug.client_host/xdebug.client_port).
  2026-09-29 03:28:39 /api/storefront .......................................................................... ~ 6s
  Xdebug: [Step Debug] Time-out connecting to debugging client, waited: 200 ms. Tried: localhost:9003 (through xdebug.client_host/xdebug.client_port).
  2026-09-29 03:29:39 /api/storefront .......................................................................... ~ 6s
  Xdebug: [Step Debug] Time-out connecting to debugging client, waited: 200 ms. Tried: localhost:9003 (through xdebug.client_host/xdebug.client_port).
  2026-09-29 03:30:39 /api/storefront .......................................................................... ~ 6s
  Xdebug: [Step Debug] Time-out connecting to debugging client, waited: 200 ms. Tried: localhost:9003 (through xdebug.client_host/xdebug.client_port).
  2026-09-29 03:31:39 /api/storefront .......................................................................... ~ 6s
  Xdebug: [Step Debug] Time-out connecting to debugging client, waited: 200 ms. Tried: localhost:9003 (through xdebug.client_host/xdebug.client_port).
  2026-09-29 03:32:39 /api/storefront .......................................................................... ~ 6s
  Xdebug: [Step Debug] Time-out connecting to debugging client, waited: 200 ms. Tried: localhost:9003 (through xdebug.client_host/xdebug.client_port).
  2026-09-29 03:33:39 /api/storefront .......................................................................... ~ 6s
  Xdebug: [Step Debug] Time-out connecting to debugging client, waited: 200 ms. Tried: localhost:9003 (through xdebug.client_host/xdebug.client_port).
  2026-09-29 03:34:39 /api/storefront .......................................................................... ~ 6s
  Xdebug: [Step Debug] Time-out connecting to debugging client, waited: 200 ms. Tried: localhost:9003 (through xdebug.client_host/xdebug.client_port).
  2026-09-29 03:35:39 /api/storefront .......................................................................... ~ 6s
  Xdebug: [Step Debug] Time-out connecting to debugging client, waited: 200 ms. Tried: localhost:9003 (through xdebug.client_host/xdebug.client_port).
  2026-09-29 03:36:39 /api/storefront .......................................................................... ~ 6s
  Xdebug: [Step Debug] Time-out connecting to debugging client, waited: 200 ms. Tried: localhost:9003 (through xdebug.client_host/xdebug.client_port).
  2026-09-29 03:37:39 /api/storefront .......................................................................... ~ 7s
  Xdebug: [Step Debug] Time-out connecting to debugging client, waited: 200 ms. Tried: localhost:9003 (through xdebug.client_host/xdebug.client_port).
  2026-09-29 03:38:39 /api/storefront .......................................................................... ~ 6s
  Xdebug: [Step Debug] Time-out connecting to debugging client, waited: 200 ms. Tried: localhost:9003 (through xdebug.client_host/xdebug.client_port).
  2026-09-29 03:39:39 /api/storefront .......................................................................... ~ 6s
  Xdebug: [Step Debug] Time-out connecting to debugging client, waited: 200 ms. Tried: localhost:9003 (through xdebug.client_host/xdebug.client_port).
  2026-09-29 03:40:39 /api/storefront .......................................................................... ~ 6s
  Xdebug: [Step Debug] Time-out connecting to debugging client, waited: 200 ms. Tried: localhost:9003 (through xdebug.client_host/xdebug.client_port).
  2026-09-29 03:41:39 /api/storefront .......................................................................... ~ 6s
  Xdebug: [Step Debug] Time-out connecting to debugging client, waited: 200 ms. Tried: localhost:9003 (through xdebug.client_host/xdebug.client_port).
  2026-09-29 03:42:39 /api/storefront .......................................................................... ~ 6s
  Xdebug: [Step Debug] Time-out connecting to debugging client, waited: 200 ms. Tried: localhost:9003 (through xdebug.client_host/xdebug.client_port).
  2026-09-29 03:43:39 /api/storefront .......................................................................... ~ 6s
  Xdebug: [Step Debug] Time-out connecting to debugging client, waited: 200 ms. Tried: localhost:9003 (through xdebug.client_host/xdebug.client_port).
  2026-09-29 03:44:39 /api/storefront .......................................................................... ~ 6s
  Xdebug: [Step Debug] Time-out connecting to debugging client, waited: 200 ms. Tried: localhost:9003 (through xdebug.client_host/xdebug.client_port).
  2026-09-29 03:45:39 /api/storefront .......................................................................... ~ 6s
  Xdebug: [Step Debug] Time-out connecting to debugging client, waited: 200 ms. Tried: localhost:9003 (through xdebug.client_host/xdebug.client_port).
  2026-09-29 03:46:39 /api/storefront .......................................................................... ~ 6s
  Xdebug: [Step Debug] Time-out connecting to debugging client, waited: 200 ms. Tried: localhost:9003 (through xdebug.client_host/xdebug.client_port).
  2026-09-29 03:47:39 /api/storefront .......................................................................... ~ 6s
  Xdebug: [Step Debug] Time-out connecting to debugging client, waited: 200 ms. Tried: localhost:9003 (through xdebug.client_host/xdebug.client_port).
  2026-09-29 03:48:39 /api/storefront .......................................................................... ~ 6s
  Xdebug: [Step Debug] Time-out connecting to debugging client, waited: 200 ms. Tried: localhost:9003 (through xdebug.client_host/xdebug.client_port).
  2026-09-29 03:49:39 /api/storefront .......................................................................... ~ 6s
  Xdebug: [Step Debug] Time-out connecting to debugging client, waited: 200 ms. Tried: localhost:9003 (through xdebug.client_host/xdebug.client_port).
  2026-09-29 03:50:39 /api/storefront .......................................................................... ~ 6s
  Xdebug: [Step Debug] Time-out connecting to debugging client, waited: 200 ms. Tried: localhost:9003 (through xdebug.client_host/xdebug.client_port).
  2026-09-29 03:51:39 /api/storefront .......................................................................... ~ 6s
  Xdebug: [Step Debug] Time-out connecting to debugging client, waited: 200 ms. Tried: localhost:9003 (through xdebug.client_host/xdebug.client_port).
  2026-09-29 03:52:39 /api/storefront .......................................................................... ~ 6s
  Xdebug: [Step Debug] Time-out connecting to debugging client, waited: 200 ms. Tried: localhost:9003 (through xdebug.client_host/xdebug.client_port).
  2026-09-29 03:53:39 /api/storefront .......................................................................... ~ 6s
  Xdebug: [Step Debug] Time-out connecting to debugging client, waited: 200 ms. Tried: localhost:9003 (through xdebug.client_host/xdebug.client_port).
  2026-09-29 03:54:39 /api/storefront .......................................................................... ~ 6s
  Xdebug: [Step Debug] Time-out connecting to debugging client, waited: 200 ms. Tried: localhost:9003 (through xdebug.client_host/xdebug.client_port).
  2026-09-29 03:55:39 /api/storefront .......................................................................... ~ 6s
  Xdebug: [Step Debug] Time-out connecting to debugging client, waited: 200 ms. Tried: localhost:9003 (through xdebug.client_host/xdebug.client_port).
  2026-09-29 03:56:39 /api/storefront .......................................................................... ~ 6s
  Xdebug: [Step Debug] Time-out connecting to debugging client, waited: 200 ms. Tried: localhost:9003 (through xdebug.client_host/xdebug.client_port).
  2026-09-29 03:57:39 /api/storefront .......................................................................... ~ 6s
  Xdebug: [Step Debug] Time-out connecting to debugging client, waited: 200 ms. Tried: localhost:9003 (through xdebug.client_host/xdebug.client_port).
  2026-09-29 03:58:39 /api/storefront .......................................................................... ~ 5s
  Xdebug: [Step Debug] Time-out connecting to debugging client, waited: 200 ms. Tried: localhost:9003 (through xdebug.client_host/xdebug.client_port).
  2026-09-29 03:59:39 /api/storefront .......................................................................... ~ 6s
  Xdebug: [Step Debug] Time-out connecting to debugging client, waited: 200 ms. Tried: localhost:9003 (through xdebug.client_host/xdebug.client_port).
  2026-09-29 04:00:39 /api/storefront .......................................................................... ~ 6s
  Xdebug: [Step Debug] Time-out connecting to debugging client, waited: 200 ms. Tried: localhost:9003 (through xdebug.client_host/xdebug.client_port).
  2026-09-29 04:01:39 /api/storefront .......................................................................... ~ 6s
  Xdebug: [Step Debug] Time-out connecting to debugging client, waited: 200 ms. Tried: localhost:9003 (through xdebug.client_host/xdebug.client_port).
  2026-09-29 04:02:39 /api/storefront .......................................................................... ~ 6s
  Xdebug: [Step Debug] Time-out connecting to debugging client, waited: 200 ms. Tried: localhost:9003 (through xdebug.client_host/xdebug.client_port).
  2026-09-29 04:03:39 /api/storefront .......................................................................... ~ 6s
  Xdebug: [Step Debug] Time-out connecting to debugging client, waited: 200 ms. Tried: localhost:9003 (through xdebug.client_host/xdebug.client_port).
  2026-09-29 04:04:39 /api/storefront .......................................................................... ~ 6s
  Xdebug: [Step Debug] Time-out connecting to debugging client, waited: 200 ms. Tried: localhost:9003 (through xdebug.client_host/xdebug.client_port).
  2026-09-29 04:05:39 /api/storefront .......................................................................... ~ 6s
  Xdebug: [Step Debug] Time-out connecting to debugging client, waited: 200 ms. Tried: localhost:9003 (through xdebug.client_host/xdebug.client_port).
  2026-09-29 04:06:39 /api/storefront .......................................................................... ~ 6s
  Xdebug: [Step Debug] Time-out connecting to debugging client, waited: 200 ms. Tried: localhost:9003 (through xdebug.client_host/xdebug.client_port).
  2026-09-29 04:07:39 /api/storefront .......................................................................... ~ 6s
  Xdebug: [Step Debug] Time-out connecting to debugging client, waited: 200 ms. Tried: localhost:9003 (through xdebug.client_host/xdebug.client_port).
  2026-09-29 04:08:39 /api/storefront .......................................................................... ~ 6s
  Xdebug: [Step Debug] Time-out connecting to debugging client, waited: 200 ms. Tried: localhost:9003 (through xdebug.client_host/xdebug.client_port).
  2026-09-29 04:09:39 /api/storefront .......................................................................... ~ 6s
  Xdebug: [Step Debug] Time-out connecting to debugging client, waited: 200 ms. Tried: localhost:9003 (through xdebug.client_host/xdebug.client_port).
  2026-09-29 04:10:39 /api/storefront .......................................................................... ~ 6s
  Xdebug: [Step Debug] Time-out connecting to debugging client, waited: 200 ms. Tried: localhost:9003 (through xdebug.client_host/xdebug.client_port).
  2026-09-29 04:11:39 /api/storefront .......................................................................... ~ 6s
  Xdebug: [Step Debug] Time-out connecting to debugging client, waited: 200 ms. Tried: localhost:9003 (through xdebug.client_host/xdebug.client_port).
  2026-09-29 04:12:39 /api/storefront .......................................................................... ~ 6s
  Xdebug: [Step Debug] Time-out connecting to debugging client, waited: 200 ms. Tried: localhost:9003 (through xdebug.client_host/xdebug.client_port).
  2026-09-29 04:13:39 /api/storefront .......................................................................... ~ 6s
  Xdebug: [Step Debug] Time-out connecting to debugging client, waited: 200 ms. Tried: localhost:9003 (through xdebug.client_host/xdebug.client_port).
  2026-09-29 04:14:39 /api/storefront .......................................................................... ~ 6s
  Xdebug: [Step Debug] Time-out connecting to debugging client, waited: 200 ms. Tried: localhost:9003 (through xdebug.client_host/xdebug.client_port).
  2026-09-29 04:15:39 /api/storefront .......................................................................... ~ 6s
  Xdebug: [Step Debug] Time-out connecting to debugging client, waited: 200 ms. Tried: localhost:9003 (through xdebug.client_host/xdebug.client_port).
  2026-09-29 04:16:39 /api/storefront .......................................................................... ~ 6s
  Xdebug: [Step Debug] Time-out connecting to debugging client, waited: 200 ms. Tried: localhost:9003 (through xdebug.client_host/xdebug.client_port).
  2026-09-29 04:17:39 /api/storefront .......................................................................... ~ 6s
  Xdebug: [Step Debug] Time-out connecting to debugging client, waited: 200 ms. Tried: localhost:9003 (through xdebug.client_host/xdebug.client_port).
  2026-09-29 04:18:39 /api/storefront .......................................................................... ~ 6s
  Xdebug: [Step Debug] Time-out connecting to debugging client, waited: 200 ms. Tried: localhost:9003 (through xdebug.client_host/xdebug.client_port).
  2026-09-29 04:19:39 /api/storefront .......................................................................... ~ 6s
  Xdebug: [Step Debug] Time-out connecting to debugging client, waited: 200 ms. Tried: localhost:9003 (through xdebug.client_host/xdebug.client_port).
  2026-09-29 04:20:39 /api/storefront .......................................................................... ~ 6s
  Xdebug: [Step Debug] Time-out connecting to debugging client, waited: 200 ms. Tried: localhost:9003 (through xdebug.client_host/xdebug.client_port).
  2026-09-29 04:21:39 /api/storefront .......................................................................... ~ 6s
  Xdebug: [Step Debug] Time-out connecting to debugging client, waited: 200 ms. Tried: localhost:9003 (through xdebug.client_host/xdebug.client_port).
  2026-09-29 04:22:39 /api/storefront .......................................................................... ~ 6s
  Xdebug: [Step Debug] Time-out connecting to debugging client, waited: 200 ms. Tried: localhost:9003 (through xdebug.client_host/xdebug.client_port).
  2026-09-29 04:23:39 /api/storefront .......................................................................... ~ 6s
  Xdebug: [Step Debug] Time-out connecting to debugging client, waited: 200 ms. Tried: localhost:9003 (through xdebug.client_host/xdebug.client_port).
  2026-09-29 04:24:39 /api/storefront .......................................................................... ~ 6s
  Xdebug: [Step Debug] Time-out connecting to debugging client, waited: 200 ms. Tried: localhost:9003 (through xdebug.client_host/xdebug.client_port).
  2026-09-29 04:25:39 /api/storefront .......................................................................... ~ 6s
  Xdebug: [Step Debug] Time-out connecting to debugging client, waited: 200 ms. Tried: localhost:9003 (through xdebug.client_host/xdebug.client_port).
  2026-09-29 04:26:39 /api/storefront .......................................................................... ~ 6s
  Xdebug: [Step Debug] Time-out connecting to debugging client, waited: 200 ms. Tried: localhost:9003 (through xdebug.client_host/xdebug.client_port).
  2026-09-29 04:27:39 /api/storefront .......................................................................... ~ 6s
  Xdebug: [Step Debug] Time-out connecting to debugging client, waited: 200 ms. Tried: localhost:9003 (through xdebug.client_host/xdebug.client_port).
  2026-09-29 04:28:39 /api/storefront .......................................................................... ~ 6s
  Xdebug: [Step Debug] Time-out connecting to debugging client, waited: 200 ms. Tried: localhost:9003 (through xdebug.client_host/xdebug.client_port).
  2026-09-29 04:29:39 /api/storefront .......................................................................... ~ 6s
  Xdebug: [Step Debug] Time-out connecting to debugging client, waited: 200 ms. Tried: localhost:9003 (through xdebug.client_host/xdebug.client_port).
  2026-09-29 04:30:39 /api/storefront .......................................................................... ~ 6s
  Xdebug: [Step Debug] Time-out connecting to debugging client, waited: 200 ms. Tried: localhost:9003 (through xdebug.client_host/xdebug.client_port).
  2026-09-29 04:31:39 /api/storefront .......................................................................... ~ 6s
  Xdebug: [Step Debug] Time-out connecting to debugging client, waited: 200 ms. Tried: localhost:9003 (through xdebug.client_host/xdebug.client_port).
  2026-09-29 04:32:39 /api/storefront .......................................................................... ~ 6s
  Xdebug: [Step Debug] Time-out connecting to debugging client, waited: 200 ms. Tried: localhost:9003 (through xdebug.client_host/xdebug.client_port).
  2026-09-29 04:33:39 /api/storefront .......................................................................... ~ 6s
  Xdebug: [Step Debug] Time-out connecting to debugging client, waited: 200 ms. Tried: localhost:9003 (through xdebug.client_host/xdebug.client_port).
  2026-09-29 04:34:39 /api/storefront .......................................................................... ~ 6s
  Xdebug: [Step Debug] Time-out connecting to debugging client, waited: 200 ms. Tried: localhost:9003 (through xdebug.client_host/xdebug.client_port).
  2026-09-29 04:35:39 /api/storefront .......................................................................... ~ 6s
  Xdebug: [Step Debug] Time-out connecting to debugging client, waited: 200 ms. Tried: localhost:9003 (through xdebug.client_host/xdebug.client_port).
  2026-09-29 04:36:39 /api/storefront .......................................................................... ~ 6s
  Xdebug: [Step Debug] Time-out connecting to debugging client, waited: 200 ms. Tried: localhost:9003 (through xdebug.client_host/xdebug.client_port).
  2026-09-29 04:37:39 /api/storefront .......................................................................... ~ 6s
  Xdebug: [Step Debug] Time-out connecting to debugging client, waited: 200 ms. Tried: localhost:9003 (through xdebug.client_host/xdebug.client_port).
  2026-09-29 04:38:39 /api/storefront .......................................................................... ~ 7s
  Xdebug: [Step Debug] Time-out connecting to debugging client, waited: 200 ms. Tried: localhost:9003 (through xdebug.client_host/xdebug.client_port).
  2026-09-29 04:39:39 /api/storefront .......................................................................... ~ 6s
  Xdebug: [Step Debug] Time-out connecting to debugging client, waited: 200 ms. Tried: localhost:9003 (through xdebug.client_host/xdebug.client_port).
  2026-09-29 04:40:39 /api/storefront .......................................................................... ~ 6s
  Xdebug: [Step Debug] Time-out connecting to debugging client, waited: 200 ms. Tried: localhost:9003 (through xdebug.client_host/xdebug.client_port).
  2026-09-29 04:41:39 /api/storefront .......................................................................... ~ 6s
  Xdebug: [Step Debug] Time-out connecting to debugging client, waited: 200 ms. Tried: localhost:9003 (through xdebug.client_host/xdebug.client_port).
  2026-09-29 04:42:39 /api/storefront .......................................................................... ~ 6s
  Xdebug: [Step Debug] Time-out connecting to debugging client, waited: 200 ms. Tried: localhost:9003 (through xdebug.client_host/xdebug.client_port).
  2026-09-29 04:43:39 /api/storefront .......................................................................... ~ 6s
  Xdebug: [Step Debug] Time-out connecting to debugging client, waited: 200 ms. Tried: localhost:9003 (through xdebug.client_host/xdebug.client_port).
  2026-09-29 04:44:39 /api/storefront .......................................................................... ~ 6s
  Xdebug: [Step Debug] Time-out connecting to debugging client, waited: 200 ms. Tried: localhost:9003 (through xdebug.client_host/xdebug.client_port).
  2026-09-29 04:45:39 /api/storefront .......................................................................... ~ 6s
  Xdebug: [Step Debug] Time-out connecting to debugging client, waited: 200 ms. Tried: localhost:9003 (through xdebug.client_host/xdebug.client_port).
  2026-09-29 04:46:39 /api/storefront .......................................................................... ~ 6s
  Xdebug: [Step Debug] Time-out connecting to debugging client, waited: 200 ms. Tried: localhost:9003 (through xdebug.client_host/xdebug.client_port).
  2026-09-29 04:47:39 /api/storefront .......................................................................... ~ 6s
  Xdebug: [Step Debug] Time-out connecting to debugging client, waited: 200 ms. Tried: localhost:9003 (through xdebug.client_host/xdebug.client_port).
  2026-09-29 04:48:39 /api/storefront .......................................................................... ~ 6s
  Xdebug: [Step Debug] Time-out connecting to debugging client, waited: 200 ms. Tried: localhost:9003 (through xdebug.client_host/xdebug.client_port).
  2026-09-29 04:49:39 /api/storefront .......................................................................... ~ 6s
  Xdebug: [Step Debug] Time-out connecting to debugging client, waited: 200 ms. Tried: localhost:9003 (through xdebug.client_host/xdebug.client_port).
  2026-09-29 04:50:39 /api/storefront .......................................................................... ~ 6s
  Xdebug: [Step Debug] Time-out connecting to debugging client, waited: 200 ms. Tried: localhost:9003 (through xdebug.client_host/xdebug.client_port).
  2026-09-29 04:51:39 /api/storefront .......................................................................... ~ 6s
  Xdebug: [Step Debug] Time-out connecting to debugging client, waited: 200 ms. Tried: localhost:9003 (through xdebug.client_host/xdebug.client_port).
  2026-09-29 04:52:39 /api/storefront .......................................................................... ~ 6s
  Xdebug: [Step Debug] Time-out connecting to debugging client, waited: 200 ms. Tried: localhost:9003 (through xdebug.client_host/xdebug.client_port).
  2026-09-29 04:53:39 /api/storefront .......................................................................... ~ 6s
  Xdebug: [Step Debug] Time-out connecting to debugging client, waited: 200 ms. Tried: localhost:9003 (through xdebug.client_host/xdebug.client_port).
  2026-09-29 04:54:39 /api/storefront .......................................................................... ~ 6s
  Xdebug: [Step Debug] Time-out connecting to debugging client, waited: 200 ms. Tried: localhost:9003 (through xdebug.client_host/xdebug.client_port).
  2026-09-29 04:55:39 /api/storefront .......................................................................... ~ 6s
  Xdebug: [Step Debug] Time-out connecting to debugging client, waited: 200 ms. Tried: localhost:9003 (through xdebug.client_host/xdebug.client_port).
  2026-09-29 04:56:39 /api/storefront .......................................................................... ~ 6s
  Xdebug: [Step Debug] Time-out connecting to debugging client, waited: 200 ms. Tried: localhost:9003 (through xdebug.client_host/xdebug.client_port).
  2026-09-29 04:57:39 /api/storefront .......................................................................... ~ 6s
  Xdebug: [Step Debug] Time-out connecting to debugging client, waited: 200 ms. Tried: localhost:9003 (through xdebug.client_host/xdebug.client_port).
  2026-09-29 04:58:39 /api/storefront .......................................................................... ~ 6s
  Xdebug: [Step Debug] Time-out connecting to debugging client, waited: 200 ms. Tried: localhost:9003 (through xdebug.client_host/xdebug.client_port).
  2026-09-29 04:59:39 /api/storefront .......................................................................... ~ 6s
  Xdebug: [Step Debug] Time-out connecting to debugging client, waited: 200 ms. Tried: localhost:9003 (through xdebug.client_host/xdebug.client_port).
  2026-09-29 05:00:39 /api/storefront .......................................................................... ~ 6s
  Xdebug: [Step Debug] Time-out connecting to debugging client, waited: 200 ms. Tried: localhost:9003 (through xdebug.client_host/xdebug.client_port).
  2026-09-29 05:01:39 /api/storefront .......................................................................... ~ 6s
  Xdebug: [Step Debug] Time-out connecting to debugging client, waited: 200 ms. Tried: localhost:9003 (through xdebug.client_host/xdebug.client_port).
  2026-09-29 05:02:39 /api/storefront .......................................................................... ~ 6s
  Xdebug: [Step Debug] Time-out connecting to debugging client, waited: 200 ms. Tried: localhost:9003 (through xdebug.client_host/xdebug.client_port).
  2026-09-29 05:03:39 /api/storefront .......................................................................... ~ 6s
  Xdebug: [Step Debug] Time-out connecting to debugging client, waited: 200 ms. Tried: localhost:9003 (through xdebug.client_host/xdebug.client_port).
  2026-09-29 05:04:39 /api/storefront .......................................................................... ~ 6s
  Xdebug: [Step Debug] Time-out connecting to debugging client, waited: 200 ms. Tried: localhost:9003 (through xdebug.client_host/xdebug.client_port).
  2026-09-29 05:05:39 /api/storefront .......................................................................... ~ 6s
  Xdebug: [Step Debug] Time-out connecting to debugging client, waited: 200 ms. Tried: localhost:9003 (through xdebug.client_host/xdebug.client_port).
  2026-09-29 05:06:39 /api/storefront .......................................................................... ~ 6s
  Xdebug: [Step Debug] Time-out connecting to debugging client, waited: 200 ms. Tried: localhost:9003 (through xdebug.client_host/xdebug.client_port).
  2026-09-29 05:07:39 /api/storefront .......................................................................... ~ 6s
  Xdebug: [Step Debug] Time-out connecting to debugging client, waited: 200 ms. Tried: localhost:9003 (through xdebug.client_host/xdebug.client_port).
  2026-09-29 05:08:39 /api/storefront .......................................................................... ~ 6s
  Xdebug: [Step Debug] Time-out connecting to debugging client, waited: 200 ms. Tried: localhost:9003 (through xdebug.client_host/xdebug.client_port).
  2026-09-29 05:09:39 /api/storefront .......................................................................... ~ 6s
  Xdebug: [Step Debug] Time-out connecting to debugging client, waited: 200 ms. Tried: localhost:9003 (through xdebug.client_host/xdebug.client_port).
  2026-09-29 05:10:39 /api/storefront .......................................................................... ~ 6s
  Xdebug: [Step Debug] Time-out connecting to debugging client, waited: 200 ms. Tried: localhost:9003 (through xdebug.client_host/xdebug.client_port).
  2026-09-29 05:11:39 /api/storefront .......................................................................... ~ 6s
  Xdebug: [Step Debug] Time-out connecting to debugging client, waited: 200 ms. Tried: localhost:9003 (through xdebug.client_host/xdebug.client_port).
  2026-09-29 05:12:39 /api/storefront .......................................................................... ~ 6s
  Xdebug: [Step Debug] Time-out connecting to debugging client, waited: 200 ms. Tried: localhost:9003 (through xdebug.client_host/xdebug.client_port).
  2026-09-29 05:13:39 /api/storefront .......................................................................... ~ 6s
  Xdebug: [Step Debug] Time-out connecting to debugging client, waited: 200 ms. Tried: localhost:9003 (through xdebug.client_host/xdebug.client_port).
  2026-09-29 05:14:39 /api/storefront .......................................................................... ~ 6s
  Xdebug: [Step Debug] Time-out connecting to debugging client, waited: 200 ms. Tried: localhost:9003 (through xdebug.client_host/xdebug.client_port).
  2026-09-29 05:15:39 /api/storefront .......................................................................... ~ 6s
  Xdebug: [Step Debug] Time-out connecting to debugging client, waited: 200 ms. Tried: localhost:9003 (through xdebug.client_host/xdebug.client_port).
  2026-09-29 05:16:39 /api/storefront .......................................................................... ~ 6s
  Xdebug: [Step Debug] Time-out connecting to debugging client, waited: 200 ms. Tried: localhost:9003 (through xdebug.client_host/xdebug.client_port).
  2026-09-29 05:17:39 /api/storefront .......................................................................... ~ 6s
  Xdebug: [Step Debug] Time-out connecting to debugging client, waited: 200 ms. Tried: localhost:9003 (through xdebug.client_host/xdebug.client_port).
  2026-09-29 05:18:39 /api/storefront .......................................................................... ~ 6s
  Xdebug: [Step Debug] Time-out connecting to debugging client, waited: 200 ms. Tried: localhost:9003 (through xdebug.client_host/xdebug.client_port).
  2026-09-29 05:19:39 /api/storefront .......................................................................... ~ 6s
  Xdebug: [Step Debug] Time-out connecting to debugging client, waited: 200 ms. Tried: localhost:9003 (through xdebug.client_host/xdebug.client_port).
  2026-09-29 05:20:39 /api/storefront .......................................................................... ~ 6s
  Xdebug: [Step Debug] Time-out connecting to debugging client, waited: 200 ms. Tried: localhost:9003 (through xdebug.client_host/xdebug.client_port).
  2026-09-29 05:21:39 /api/storefront .......................................................................... ~ 6s
  Xdebug: [Step Debug] Time-out connecting to debugging client, waited: 200 ms. Tried: localhost:9003 (through xdebug.client_host/xdebug.client_port).
  2026-09-29 05:22:39 /api/storefront .......................................................................... ~ 6s
  Xdebug: [Step Debug] Time-out connecting to debugging client, waited: 200 ms. Tried: localhost:9003 (through xdebug.client_host/xdebug.client_port).
  2026-09-29 05:23:39 /api/storefront .......................................................................... ~ 6s
  Xdebug: [Step Debug] Time-out connecting to debugging client, waited: 200 ms. Tried: localhost:9003 (through xdebug.client_host/xdebug.client_port).
  2026-09-29 05:24:39 /api/storefront .......................................................................... ~ 6s
  Xdebug: [Step Debug] Time-out connecting to debugging client, waited: 200 ms. Tried: localhost:9003 (through xdebug.client_host/xdebug.client_port).
  2026-09-29 05:25:39 /api/storefront .......................................................................... ~ 5s
  Xdebug: [Step Debug] Time-out connecting to debugging client, waited: 200 ms. Tried: localhost:9003 (through xdebug.client_host/xdebug.client_port).
  2026-09-29 05:26:39 /api/storefront .......................................................................... ~ 6s
  Xdebug: [Step Debug] Time-out connecting to debugging client, waited: 200 ms. Tried: localhost:9003 (through xdebug.client_host/xdebug.client_port).
  2026-09-29 05:27:39 /api/storefront .......................................................................... ~ 6s
  Xdebug: [Step Debug] Time-out connecting to debugging client, waited: 200 ms. Tried: localhost:9003 (through xdebug.client_host/xdebug.client_port).
  2026-09-29 05:28:39 /api/storefront .......................................................................... ~ 6s
  Xdebug: [Step Debug] Time-out connecting to debugging client, waited: 200 ms. Tried: localhost:9003 (through xdebug.client_host/xdebug.client_port).
  2026-09-29 05:29:39 /api/storefront .......................................................................... ~ 6s
  Xdebug: [Step Debug] Time-out connecting to debugging client, waited: 200 ms. Tried: localhost:9003 (through xdebug.client_host/xdebug.client_port).
  2026-09-29 05:30:39 /api/storefront .......................................................................... ~ 6s
  Xdebug: [Step Debug] Time-out connecting to debugging client, waited: 200 ms. Tried: localhost:9003 (through xdebug.client_host/xdebug.client_port).
  2026-09-29 05:31:39 /api/storefront .......................................................................... ~ 6s
  Xdebug: [Step Debug] Time-out connecting to debugging client, waited: 200 ms. Tried: localhost:9003 (through xdebug.client_host/xdebug.client_port).
  2026-09-29 05:32:39 /api/storefront .......................................................................... ~ 6s
  Xdebug: [Step Debug] Time-out connecting to debugging client, waited: 200 ms. Tried: localhost:9003 (through xdebug.client_host/xdebug.client_port).
  2026-09-29 05:33:39 /api/storefront .......................................................................... ~ 6s
  Xdebug: [Step Debug] Time-out connecting to debugging client, waited: 200 ms. Tried: localhost:9003 (through xdebug.client_host/xdebug.client_port).
  2026-09-29 05:34:39 /api/storefront .......................................................................... ~ 6s
  Xdebug: [Step Debug] Time-out connecting to debugging client, waited: 200 ms. Tried: localhost:9003 (through xdebug.client_host/xdebug.client_port).
  2026-09-29 05:35:39 /api/storefront .......................................................................... ~ 6s
  Xdebug: [Step Debug] Time-out connecting to debugging client, waited: 200 ms. Tried: localhost:9003 (through xdebug.client_host/xdebug.client_port).
  2026-09-29 05:36:39 /api/storefront .......................................................................... ~ 6s
  Xdebug: [Step Debug] Time-out connecting to debugging client, waited: 200 ms. Tried: localhost:9003 (through xdebug.client_host/xdebug.client_port).
  2026-09-29 05:37:39 /api/storefront .......................................................................... ~ 6s
  Xdebug: [Step Debug] Time-out connecting to debugging client, waited: 200 ms. Tried: localhost:9003 (through xdebug.client_host/xdebug.client_port).
  2026-09-29 05:38:39 /api/storefront .......................................................................... ~ 6s
  Xdebug: [Step Debug] Time-out connecting to debugging client, waited: 200 ms. Tried: localhost:9003 (through xdebug.client_host/xdebug.client_port).
  2026-09-29 05:39:39 /api/storefront .......................................................................... ~ 6s
  Xdebug: [Step Debug] Time-out connecting to debugging client, waited: 200 ms. Tried: localhost:9003 (through xdebug.client_host/xdebug.client_port).
  2026-09-29 05:40:39 /api/storefront .......................................................................... ~ 6s
  Xdebug: [Step Debug] Time-out connecting to debugging client, waited: 200 ms. Tried: localhost:9003 (through xdebug.client_host/xdebug.client_port).
  2026-09-29 05:41:39 /api/storefront .......................................................................... ~ 6s
  Xdebug: [Step Debug] Time-out connecting to debugging client, waited: 200 ms. Tried: localhost:9003 (through xdebug.client_host/xdebug.client_port).
  2026-09-29 05:42:39 /api/storefront .......................................................................... ~ 6s
  Xdebug: [Step Debug] Time-out connecting to debugging client, waited: 200 ms. Tried: localhost:9003 (through xdebug.client_host/xdebug.client_port).
  2026-09-29 05:43:39 /api/storefront .......................................................................... ~ 6s
  Xdebug: [Step Debug] Time-out connecting to debugging client, waited: 200 ms. Tried: localhost:9003 (through xdebug.client_host/xdebug.client_port).
  2026-09-29 05:44:39 /api/storefront .......................................................................... ~ 6s
  Xdebug: [Step Debug] Time-out connecting to debugging client, waited: 200 ms. Tried: localhost:9003 (through xdebug.client_host/xdebug.client_port).
  2026-09-29 05:45:39 /api/storefront .......................................................................... ~ 6s
  Xdebug: [Step Debug] Time-out connecting to debugging client, waited: 200 ms. Tried: localhost:9003 (through xdebug.client_host/xdebug.client_port).
  2026-09-29 05:46:39 /api/storefront .......................................................................... ~ 6s
  Xdebug: [Step Debug] Time-out connecting to debugging client, waited: 200 ms. Tried: localhost:9003 (through xdebug.client_host/xdebug.client_port).
  2026-09-29 05:47:39 /api/storefront .......................................................................... ~ 6s
  Xdebug: [Step Debug] Time-out connecting to debugging client, waited: 200 ms. Tried: localhost:9003 (through xdebug.client_host/xdebug.client_port).
  2026-09-29 05:48:39 /api/storefront .......................................................................... ~ 6s
  Xdebug: [Step Debug] Time-out connecting to debugging client, waited: 200 ms. Tried: localhost:9003 (through xdebug.client_host/xdebug.client_port).
  2026-09-29 05:49:39 /api/storefront .......................................................................... ~ 6s
  Xdebug: [Step Debug] Time-out connecting to debugging client, waited: 200 ms. Tried: localhost:9003 (through xdebug.client_host/xdebug.client_port).
  2026-09-29 05:50:39 /api/storefront .......................................................................... ~ 6s
  Xdebug: [Step Debug] Time-out connecting to debugging client, waited: 200 ms. Tried: localhost:9003 (through xdebug.client_host/xdebug.client_port).
  2026-09-29 05:51:39 /api/storefront .......................................................................... ~ 6s
  Xdebug: [Step Debug] Time-out connecting to debugging client, waited: 200 ms. Tried: localhost:9003 (through xdebug.client_host/xdebug.client_port).
  2026-09-29 05:52:39 /api/storefront .......................................................................... ~ 6s
  Xdebug: [Step Debug] Time-out connecting to debugging client, waited: 200 ms. Tried: localhost:9003 (through xdebug.client_host/xdebug.client_port).
  2026-09-29 05:53:39 /api/storefront .......................................................................... ~ 6s
  Xdebug: [Step Debug] Time-out connecting to debugging client, waited: 200 ms. Tried: localhost:9003 (through xdebug.client_host/xdebug.client_port).
  2026-09-29 05:54:39 /api/storefront .......................................................................... ~ 6s
  Xdebug: [Step Debug] Time-out connecting to debugging client, waited: 200 ms. Tried: localhost:9003 (through xdebug.client_host/xdebug.client_port).
  2026-09-29 05:55:39 /api/storefront .......................................................................... ~ 6s
  Xdebug: [Step Debug] Time-out connecting to debugging client, waited: 200 ms. Tried: localhost:9003 (through xdebug.client_host/xdebug.client_port).
  2026-09-29 05:56:39 /api/storefront .......................................................................... ~ 6s
  Xdebug: [Step Debug] Time-out connecting to debugging client, waited: 200 ms. Tried: localhost:9003 (through xdebug.client_host/xdebug.client_port).
  2026-09-29 05:57:39 /api/storefront .......................................................................... ~ 6s
  Xdebug: [Step Debug] Time-out connecting to debugging client, waited: 200 ms. Tried: localhost:9003 (through xdebug.client_host/xdebug.client_port).
  2026-09-29 05:58:39 /api/storefront .......................................................................... ~ 6s
  Xdebug: [Step Debug] Time-out connecting to debugging client, waited: 200 ms. Tried: localhost:9003 (through xdebug.client_host/xdebug.client_port).
  2026-09-29 05:59:39 /api/storefront .......................................................................... ~ 6s
  Xdebug: [Step Debug] Time-out connecting to debugging client, waited: 200 ms. Tried: localhost:9003 (through xdebug.client_host/xdebug.client_port).
  2026-09-29 06:00:39 /api/storefront .......................................................................... ~ 6s
  Xdebug: [Step Debug] Time-out connecting to debugging client, waited: 200 ms. Tried: localhost:9003 (through xdebug.client_host/xdebug.client_port).
  2026-09-29 06:01:39 /api/storefront .......................................................................... ~ 6s
  Xdebug: [Step Debug] Time-out connecting to debugging client, waited: 200 ms. Tried: localhost:9003 (through xdebug.client_host/xdebug.client_port).
  2026-09-29 06:02:39 /api/storefront .......................................................................... ~ 6s
  Xdebug: [Step Debug] Time-out connecting to debugging client, waited: 200 ms. Tried: localhost:9003 (through xdebug.client_host/xdebug.client_port).
  2026-09-29 06:03:39 /api/storefront .......................................................................... ~ 6s
  Xdebug: [Step Debug] Time-out connecting to debugging client, waited: 200 ms. Tried: localhost:9003 (through xdebug.client_host/xdebug.client_port).
  2026-09-29 06:04:39 /api/storefront .......................................................................... ~ 6s
  Xdebug: [Step Debug] Time-out connecting to debugging client, waited: 200 ms. Tried: localhost:9003 (through xdebug.client_host/xdebug.client_port).
  2026-09-29 06:05:39 /api/storefront .......................................................................... ~ 6s
  Xdebug: [Step Debug] Time-out connecting to debugging client, waited: 200 ms. Tried: localhost:9003 (through xdebug.client_host/xdebug.client_port).
  2026-09-29 06:06:39 /api/storefront .......................................................................... ~ 6s
  Xdebug: [Step Debug] Time-out connecting to debugging client, waited: 200 ms. Tried: localhost:9003 (through xdebug.client_host/xdebug.client_port).
  2026-09-29 06:07:39 /api/storefront .......................................................................... ~ 6s
  Xdebug: [Step Debug] Time-out connecting to debugging client, waited: 200 ms. Tried: localhost:9003 (through xdebug.client_host/xdebug.client_port).
  2026-09-29 06:08:39 /api/storefront .......................................................................... ~ 6s
  Xdebug: [Step Debug] Time-out connecting to debugging client, waited: 200 ms. Tried: localhost:9003 (through xdebug.client_host/xdebug.client_port).
  2026-09-29 06:09:39 /api/storefront .......................................................................... ~ 6s
  Xdebug: [Step Debug] Time-out connecting to debugging client, waited: 200 ms. Tried: localhost:9003 (through xdebug.client_host/xdebug.client_port).
  2026-09-29 06:10:39 /api/storefront .......................................................................... ~ 5s
  Xdebug: [Step Debug] Time-out connecting to debugging client, waited: 200 ms. Tried: localhost:9003 (through xdebug.client_host/xdebug.client_port).
  2026-09-29 06:11:39 /api/storefront .......................................................................... ~ 6s
  Xdebug: [Step Debug] Time-out connecting to debugging client, waited: 200 ms. Tried: localhost:9003 (through xdebug.client_host/xdebug.client_port).
  2026-09-29 06:12:39 /api/storefront .......................................................................... ~ 6s
  Xdebug: [Step Debug] Time-out connecting to debugging client, waited: 200 ms. Tried: localhost:9003 (through xdebug.client_host/xdebug.client_port).
  2026-09-29 06:13:39 /api/storefront .......................................................................... ~ 6s
  Xdebug: [Step Debug] Time-out connecting to debugging client, waited: 200 ms. Tried: localhost:9003 (through xdebug.client_host/xdebug.client_port).
  2026-09-29 06:14:39 /api/storefront .......................................................................... ~ 6s
  Xdebug: [Step Debug] Time-out connecting to debugging client, waited: 200 ms. Tried: localhost:9003 (through xdebug.client_host/xdebug.client_port).
  2026-09-29 06:15:39 /api/storefront .......................................................................... ~ 6s
  Xdebug: [Step Debug] Time-out connecting to debugging client, waited: 200 ms. Tried: localhost:9003 (through xdebug.client_host/xdebug.client_port).
  2026-09-29 06:16:39 /api/storefront .......................................................................... ~ 6s
  Xdebug: [Step Debug] Time-out connecting to debugging client, waited: 200 ms. Tried: localhost:9003 (through xdebug.client_host/xdebug.client_port).
  2026-09-29 06:17:39 /api/storefront .......................................................................... ~ 6s
  Xdebug: [Step Debug] Time-out connecting to debugging client, waited: 200 ms. Tried: localhost:9003 (through xdebug.client_host/xdebug.client_port).
  2026-09-29 06:18:39 /api/storefront .......................................................................... ~ 6s
  Xdebug: [Step Debug] Time-out connecting to debugging client, waited: 200 ms. Tried: localhost:9003 (through xdebug.client_host/xdebug.client_port).
  2026-09-29 06:19:39 /api/storefront .......................................................................... ~ 6s
  Xdebug: [Step Debug] Time-out connecting to debugging client, waited: 200 ms. Tried: localhost:9003 (through xdebug.client_host/xdebug.client_port).
  2026-09-29 06:20:39 /api/storefront .......................................................................... ~ 6s
  Xdebug: [Step Debug] Time-out connecting to debugging client, waited: 200 ms. Tried: localhost:9003 (through xdebug.client_host/xdebug.client_port).
  2026-09-29 06:21:39 /api/storefront .......................................................................... ~ 6s
  Xdebug: [Step Debug] Time-out connecting to debugging client, waited: 200 ms. Tried: localhost:9003 (through xdebug.client_host/xdebug.client_port).
  2026-09-29 06:22:39 /api/storefront .......................................................................... ~ 6s
  Xdebug: [Step Debug] Time-out connecting to debugging client, waited: 200 ms. Tried: localhost:9003 (through xdebug.client_host/xdebug.client_port).
  2026-09-29 06:23:39 /api/storefront .......................................................................... ~ 6s
  Xdebug: [Step Debug] Time-out connecting to debugging client, waited: 200 ms. Tried: localhost:9003 (through xdebug.client_host/xdebug.client_port).
  2026-09-29 06:24:39 /api/storefront .......................................................................... ~ 6s
  Xdebug: [Step Debug] Time-out connecting to debugging client, waited: 200 ms. Tried: localhost:9003 (through xdebug.client_host/xdebug.client_port).
  2026-09-29 06:25:39 /api/storefront .......................................................................... ~ 6s
  Xdebug: [Step Debug] Time-out connecting to debugging client, waited: 200 ms. Tried: localhost:9003 (through xdebug.client_host/xdebug.client_port).
  2026-09-29 06:26:39 /api/storefront .......................................................................... ~ 6s
  Xdebug: [Step Debug] Time-out connecting to debugging client, waited: 200 ms. Tried: localhost:9003 (through xdebug.client_host/xdebug.client_port).
  2026-09-29 06:27:39 /api/storefront .......................................................................... ~ 6s
  Xdebug: [Step Debug] Time-out connecting to debugging client, waited: 200 ms. Tried: localhost:9003 (through xdebug.client_host/xdebug.client_port).
  2026-09-29 06:28:39 /api/storefront .......................................................................... ~ 6s
  Xdebug: [Step Debug] Time-out connecting to debugging client, waited: 200 ms. Tried: localhost:9003 (through xdebug.client_host/xdebug.client_port).
  2026-09-29 06:29:39 /api/storefront .......................................................................... ~ 6s
  Xdebug: [Step Debug] Time-out connecting to debugging client, waited: 200 ms. Tried: localhost:9003 (through xdebug.client_host/xdebug.client_port).
  2026-09-29 06:30:39 /api/storefront .......................................................................... ~ 6s
  Xdebug: [Step Debug] Time-out connecting to debugging client, waited: 200 ms. Tried: localhost:9003 (through xdebug.client_host/xdebug.client_port).
  2026-09-29 06:31:39 /api/storefront .......................................................................... ~ 6s
  Xdebug: [Step Debug] Time-out connecting to debugging client, waited: 200 ms. Tried: localhost:9003 (through xdebug.client_host/xdebug.client_port).
  2026-09-29 06:32:39 /api/storefront .......................................................................... ~ 6s
  Xdebug: [Step Debug] Time-out connecting to debugging client, waited: 200 ms. Tried: localhost:9003 (through xdebug.client_host/xdebug.client_port).
  2026-09-29 06:33:39 /api/storefront .......................................................................... ~ 6s
  Xdebug: [Step Debug] Time-out connecting to debugging client, waited: 200 ms. Tried: localhost:9003 (through xdebug.client_host/xdebug.client_port).
  2026-09-29 06:34:39 /api/storefront .......................................................................... ~ 6s
  Xdebug: [Step Debug] Time-out connecting to debugging client, waited: 200 ms. Tried: localhost:9003 (through xdebug.client_host/xdebug.client_port).
  2026-09-29 06:35:39 /api/storefront .......................................................................... ~ 6s
  Xdebug: [Step Debug] Time-out connecting to debugging client, waited: 200 ms. Tried: localhost:9003 (through xdebug.client_host/xdebug.client_port).
  2026-09-29 06:36:39 /api/storefront .......................................................................... ~ 6s
  Xdebug: [Step Debug] Time-out connecting to debugging client, waited: 200 ms. Tried: localhost:9003 (through xdebug.client_host/xdebug.client_port).
  2026-09-29 06:37:39 /api/storefront .......................................................................... ~ 6s
  Xdebug: [Step Debug] Time-out connecting to debugging client, waited: 200 ms. Tried: localhost:9003 (through xdebug.client_host/xdebug.client_port).
  2026-09-29 06:38:39 /api/storefront .......................................................................... ~ 6s
  Xdebug: [Step Debug] Time-out connecting to debugging client, waited: 200 ms. Tried: localhost:9003 (through xdebug.client_host/xdebug.client_port).
  2026-09-29 06:39:39 /api/storefront .......................................................................... ~ 6s
  Xdebug: [Step Debug] Time-out connecting to debugging client, waited: 200 ms. Tried: localhost:9003 (through xdebug.client_host/xdebug.client_port).
  2026-09-29 06:40:39 /api/storefront .......................................................................... ~ 6s
  Xdebug: [Step Debug] Time-out connecting to debugging client, waited: 200 ms. Tried: localhost:9003 (through xdebug.client_host/xdebug.client_port).
  2026-09-29 06:41:39 /api/storefront .......................................................................... ~ 6s
  Xdebug: [Step Debug] Time-out connecting to debugging client, waited: 200 ms. Tried: localhost:9003 (through xdebug.client_host/xdebug.client_port).
  2026-09-29 06:42:39 /api/storefront .......................................................................... ~ 6s
  Xdebug: [Step Debug] Time-out connecting to debugging client, waited: 200 ms. Tried: localhost:9003 (through xdebug.client_host/xdebug.client_port).
  2026-09-29 06:43:39 /api/storefront .......................................................................... ~ 6s
  Xdebug: [Step Debug] Time-out connecting to debugging client, waited: 200 ms. Tried: localhost:9003 (through xdebug.client_host/xdebug.client_port).
  2026-09-29 06:44:39 /api/storefront .......................................................................... ~ 6s
  Xdebug: [Step Debug] Time-out connecting to debugging client, waited: 200 ms. Tried: localhost:9003 (through xdebug.client_host/xdebug.client_port).
  2026-09-29 06:45:39 /api/storefront .......................................................................... ~ 6s
  Xdebug: [Step Debug] Time-out connecting to debugging client, waited: 200 ms. Tried: localhost:9003 (through xdebug.client_host/xdebug.client_port).
  2026-09-29 06:46:39 /api/storefront .......................................................................... ~ 6s
  Xdebug: [Step Debug] Time-out connecting to debugging client, waited: 200 ms. Tried: localhost:9003 (through xdebug.client_host/xdebug.client_port).
  2026-09-29 06:47:39 /api/storefront .......................................................................... ~ 6s
  Xdebug: [Step Debug] Time-out connecting to debugging client, waited: 200 ms. Tried: localhost:9003 (through xdebug.client_host/xdebug.client_port).
  2026-09-29 06:48:39 /api/storefront .......................................................................... ~ 6s
  Xdebug: [Step Debug] Time-out connecting to debugging client, waited: 200 ms. Tried: localhost:9003 (through xdebug.client_host/xdebug.client_port).
  2026-09-29 06:49:39 /api/storefront .......................................................................... ~ 6s
  Xdebug: [Step Debug] Time-out connecting to debugging client, waited: 200 ms. Tried: localhost:9003 (through xdebug.client_host/xdebug.client_port).
  2026-09-29 06:50:39 /api/storefront .......................................................................... ~ 6s
  Xdebug: [Step Debug] Time-out connecting to debugging client, waited: 200 ms. Tried: localhost:9003 (through xdebug.client_host/xdebug.client_port).
  2026-09-29 06:51:39 /api/storefront .......................................................................... ~ 6s
  Xdebug: [Step Debug] Time-out connecting to debugging client, waited: 200 ms. Tried: localhost:9003 (through xdebug.client_host/xdebug.client_port).
  2026-09-29 06:52:39 /api/storefront .......................................................................... ~ 6s
  Xdebug: [Step Debug] Time-out connecting to debugging client, waited: 200 ms. Tried: localhost:9003 (through xdebug.client_host/xdebug.client_port).
  2026-09-29 06:53:39 /api/storefront .......................................................................... ~ 6s
  Xdebug: [Step Debug] Time-out connecting to debugging client, waited: 200 ms. Tried: localhost:9003 (through xdebug.client_host/xdebug.client_port).
  2026-09-29 06:54:39 /api/storefront .......................................................................... ~ 6s
  Xdebug: [Step Debug] Time-out connecting to debugging client, waited: 200 ms. Tried: localhost:9003 (through xdebug.client_host/xdebug.client_port).
  2026-09-29 06:55:39 /api/storefront .......................................................................... ~ 6s
  Xdebug: [Step Debug] Time-out connecting to debugging client, waited: 200 ms. Tried: localhost:9003 (through xdebug.client_host/xdebug.client_port).
  2026-09-29 06:56:39 /api/storefront .......................................................................... ~ 6s
  Xdebug: [Step Debug] Time-out connecting to debugging client, waited: 200 ms. Tried: localhost:9003 (through xdebug.client_host/xdebug.client_port).
  2026-09-29 06:57:39 /api/storefront .......................................................................... ~ 6s
  Xdebug: [Step Debug] Time-out connecting to debugging client, waited: 200 ms. Tried: localhost:9003 (through xdebug.client_host/xdebug.client_port).
  2026-09-29 06:58:39 /api/storefront .......................................................................... ~ 6s
  Xdebug: [Step Debug] Time-out connecting to debugging client, waited: 200 ms. Tried: localhost:9003 (through xdebug.client_host/xdebug.client_port).
  2026-09-29 06:59:39 /api/storefront .......................................................................... ~ 6s
  Xdebug: [Step Debug] Time-out connecting to debugging client, waited: 200 ms. Tried: localhost:9003 (through xdebug.client_host/xdebug.client_port).
  2026-09-29 07:00:39 /api/storefront .......................................................................... ~ 6s
  Xdebug: [Step Debug] Time-out connecting to debugging client, waited: 200 ms. Tried: localhost:9003 (through xdebug.client_host/xdebug.client_port).
  2026-09-29 07:01:39 /api/storefront .......................................................................... ~ 6s
  Xdebug: [Step Debug] Time-out connecting to debugging client, waited: 200 ms. Tried: localhost:9003 (through xdebug.client_host/xdebug.client_port).
  2026-09-29 07:02:39 /api/storefront .......................................................................... ~ 6s
  Xdebug: [Step Debug] Time-out connecting to debugging client, waited: 200 ms. Tried: localhost:9003 (through xdebug.client_host/xdebug.client_port).
  2026-09-29 07:03:39 /api/storefront .......................................................................... ~ 6s
  Xdebug: [Step Debug] Time-out connecting to debugging client, waited: 200 ms. Tried: localhost:9003 (through xdebug.client_host/xdebug.client_port).
  2026-09-29 07:04:39 /api/storefront .......................................................................... ~ 6s
  Xdebug: [Step Debug] Time-out connecting to debugging client, waited: 200 ms. Tried: localhost:9003 (through xdebug.client_host/xdebug.client_port).
  2026-09-29 07:05:39 /api/storefront .......................................................................... ~ 6s
  Xdebug: [Step Debug] Time-out connecting to debugging client, waited: 200 ms. Tried: localhost:9003 (through xdebug.client_host/xdebug.client_port).
  2026-09-29 07:06:39 /api/storefront .......................................................................... ~ 6s
  Xdebug: [Step Debug] Time-out connecting to debugging client, waited: 200 ms. Tried: localhost:9003 (through xdebug.client_host/xdebug.client_port).
  2026-09-29 07:07:39 /api/storefront .......................................................................... ~ 6s
  Xdebug: [Step Debug] Time-out connecting to debugging client, waited: 200 ms. Tried: localhost:9003 (through xdebug.client_host/xdebug.client_port).
  2026-09-29 07:08:39 /api/storefront .......................................................................... ~ 6s
  Xdebug: [Step Debug] Time-out connecting to debugging client, waited: 200 ms. Tried: localhost:9003 (through xdebug.client_host/xdebug.client_port).
  2026-09-29 07:09:39 /api/storefront .......................................................................... ~ 6s
  Xdebug: [Step Debug] Time-out connecting to debugging client, waited: 200 ms. Tried: localhost:9003 (through xdebug.client_host/xdebug.client_port).
  2026-09-29 07:10:39 /api/storefront .......................................................................... ~ 6s
  Xdebug: [Step Debug] Time-out connecting to debugging client, waited: 200 ms. Tried: localhost:9003 (through xdebug.client_host/xdebug.client_port).
  2026-09-29 07:11:39 /api/storefront .......................................................................... ~ 6s
  Xdebug: [Step Debug] Time-out connecting to debugging client, waited: 200 ms. Tried: localhost:9003 (through xdebug.client_host/xdebug.client_port).
  2026-09-29 07:12:39 /api/storefront .......................................................................... ~ 6s
  Xdebug: [Step Debug] Time-out connecting to debugging client, waited: 200 ms. Tried: localhost:9003 (through xdebug.client_host/xdebug.client_port).
  2026-09-29 07:13:39 /api/storefront .......................................................................... ~ 6s
  Xdebug: [Step Debug] Time-out connecting to debugging client, waited: 200 ms. Tried: localhost:9003 (through xdebug.client_host/xdebug.client_port).
  2026-09-29 07:14:39 /api/storefront .......................................................................... ~ 6s
  Xdebug: [Step Debug] Time-out connecting to debugging client, waited: 200 ms. Tried: localhost:9003 (through xdebug.client_host/xdebug.client_port).
  2026-09-29 07:15:39 /api/storefront .......................................................................... ~ 6s
  Xdebug: [Step Debug] Time-out connecting to debugging client, waited: 200 ms. Tried: localhost:9003 (through xdebug.client_host/xdebug.client_port).
  2026-09-29 07:16:39 /api/storefront .......................................................................... ~ 6s
  Xdebug: [Step Debug] Time-out connecting to debugging client, waited: 200 ms. Tried: localhost:9003 (through xdebug.client_host/xdebug.client_port).
  2026-09-29 07:17:39 /api/storefront .......................................................................... ~ 6s
  Xdebug: [Step Debug] Time-out connecting to debugging client, waited: 200 ms. Tried: localhost:9003 (through xdebug.client_host/xdebug.client_port).
  2026-09-29 07:18:39 /api/storefront .......................................................................... ~ 5s
  Xdebug: [Step Debug] Time-out connecting to debugging client, waited: 200 ms. Tried: localhost:9003 (through xdebug.client_host/xdebug.client_port).
  2026-09-29 07:19:39 /api/storefront .......................................................................... ~ 6s
  Xdebug: [Step Debug] Time-out connecting to debugging client, waited: 200 ms. Tried: localhost:9003 (through xdebug.client_host/xdebug.client_port).
  2026-09-29 07:20:39 /api/storefront .......................................................................... ~ 6s
  Xdebug: [Step Debug] Time-out connecting to debugging client, waited: 200 ms. Tried: localhost:9003 (through xdebug.client_host/xdebug.client_port).
  2026-09-29 07:21:39 /api/storefront .......................................................................... ~ 6s
  Xdebug: [Step Debug] Time-out connecting to debugging client, waited: 200 ms. Tried: localhost:9003 (through xdebug.client_host/xdebug.client_port).
  2026-09-29 07:22:39 /api/storefront .......................................................................... ~ 6s
  Xdebug: [Step Debug] Time-out connecting to debugging client, waited: 200 ms. Tried: localhost:9003 (through xdebug.client_host/xdebug.client_port).
  2026-09-29 07:23:39 /api/storefront .......................................................................... ~ 6s
  Xdebug: [Step Debug] Time-out connecting to debugging client, waited: 200 ms. Tried: localhost:9003 (through xdebug.client_host/xdebug.client_port).
  2026-09-29 07:24:39 /api/storefront .......................................................................... ~ 6s
  Xdebug: [Step Debug] Time-out connecting to debugging client, waited: 200 ms. Tried: localhost:9003 (through xdebug.client_host/xdebug.client_port).
  2026-09-29 07:25:39 /api/storefront .......................................................................... ~ 6s
  Xdebug: [Step Debug] Time-out connecting to debugging client, waited: 200 ms. Tried: localhost:9003 (through xdebug.client_host/xdebug.client_port).
  2026-09-29 07:26:39 /api/storefront .......................................................................... ~ 6s
  Xdebug: [Step Debug] Time-out connecting to debugging client, waited: 200 ms. Tried: localhost:9003 (through xdebug.client_host/xdebug.client_port).
  2026-09-29 07:27:39 /api/storefront .......................................................................... ~ 6s
  Xdebug: [Step Debug] Time-out connecting to debugging client, waited: 200 ms. Tried: localhost:9003 (through xdebug.client_host/xdebug.client_port).
  2026-09-29 07:28:39 /api/storefront .......................................................................... ~ 6s
  Xdebug: [Step Debug] Time-out connecting to debugging client, waited: 200 ms. Tried: localhost:9003 (through xdebug.client_host/xdebug.client_port).
  2026-09-29 07:29:39 /api/storefront .......................................................................... ~ 5s
  Xdebug: [Step Debug] Time-out connecting to debugging client, waited: 200 ms. Tried: localhost:9003 (through xdebug.client_host/xdebug.client_port).
  2026-09-29 07:30:39 /api/storefront .......................................................................... ~ 6s
  Xdebug: [Step Debug] Time-out connecting to debugging client, waited: 200 ms. Tried: localhost:9003 (through xdebug.client_host/xdebug.client_port).
  2026-09-29 07:31:39 /api/storefront .......................................................................... ~ 6s
  Xdebug: [Step Debug] Time-out connecting to debugging client, waited: 200 ms. Tried: localhost:9003 (through xdebug.client_host/xdebug.client_port).
  2026-09-29 07:32:39 /api/storefront .......................................................................... ~ 6s
  Xdebug: [Step Debug] Time-out connecting to debugging client, waited: 200 ms. Tried: localhost:9003 (through xdebug.client_host/xdebug.client_port).
  2026-09-29 07:33:39 /api/storefront .......................................................................... ~ 6s
  Xdebug: [Step Debug] Time-out connecting to debugging client, waited: 200 ms. Tried: localhost:9003 (through xdebug.client_host/xdebug.client_port).
  2026-09-29 07:34:39 /api/storefront .......................................................................... ~ 6s
  Xdebug: [Step Debug] Time-out connecting to debugging client, waited: 200 ms. Tried: localhost:9003 (through xdebug.client_host/xdebug.client_port).
  2026-09-29 07:35:39 /api/storefront .......................................................................... ~ 6s
  Xdebug: [Step Debug] Time-out connecting to debugging client, waited: 200 ms. Tried: localhost:9003 (through xdebug.client_host/xdebug.client_port).
  2026-09-29 07:36:39 /api/storefront .......................................................................... ~ 6s
  Xdebug: [Step Debug] Time-out connecting to debugging client, waited: 200 ms. Tried: localhost:9003 (through xdebug.client_host/xdebug.client_port).
  2026-09-29 07:37:39 /api/storefront .......................................................................... ~ 6s
  Xdebug: [Step Debug] Time-out connecting to debugging client, waited: 200 ms. Tried: localhost:9003 (through xdebug.client_host/xdebug.client_port).
  2026-09-29 07:38:39 /api/storefront .......................................................................... ~ 6s
  Xdebug: [Step Debug] Time-out connecting to debugging client, waited: 200 ms. Tried: localhost:9003 (through xdebug.client_host/xdebug.client_port).
  2026-09-29 07:39:39 /api/storefront .......................................................................... ~ 6s
  Xdebug: [Step Debug] Time-out connecting to debugging client, waited: 200 ms. Tried: localhost:9003 (through xdebug.client_host/xdebug.client_port).
  2026-09-29 07:40:39 /api/storefront .......................................................................... ~ 6s
  Xdebug: [Step Debug] Time-out connecting to debugging client, waited: 200 ms. Tried: localhost:9003 (through xdebug.client_host/xdebug.client_port).
  2026-09-29 07:41:39 /api/storefront .......................................................................... ~ 6s
  Xdebug: [Step Debug] Time-out connecting to debugging client, waited: 200 ms. Tried: localhost:9003 (through xdebug.client_host/xdebug.client_port).
  2026-09-29 07:42:39 /api/storefront .......................................................................... ~ 6s
  Xdebug: [Step Debug] Time-out connecting to debugging client, waited: 200 ms. Tried: localhost:9003 (through xdebug.client_host/xdebug.client_port).
  2026-09-29 07:43:39 /api/storefront .......................................................................... ~ 6s
  Xdebug: [Step Debug] Time-out connecting to debugging client, waited: 200 ms. Tried: localhost:9003 (through xdebug.client_host/xdebug.client_port).
  2026-09-29 07:44:39 /api/storefront .......................................................................... ~ 6s
  Xdebug: [Step Debug] Time-out connecting to debugging client, waited: 200 ms. Tried: localhost:9003 (through xdebug.client_host/xdebug.client_port).
  2026-09-29 07:45:39 /api/storefront .......................................................................... ~ 6s
  Xdebug: [Step Debug] Time-out connecting to debugging client, waited: 200 ms. Tried: localhost:9003 (through xdebug.client_host/xdebug.client_port).
  2026-09-29 07:46:39 /api/storefront .......................................................................... ~ 6s
  Xdebug: [Step Debug] Time-out connecting to debugging client, waited: 200 ms. Tried: localhost:9003 (through xdebug.client_host/xdebug.client_port).
  2026-09-29 07:47:39 /api/storefront .......................................................................... ~ 6s
  Xdebug: [Step Debug] Time-out connecting to debugging client, waited: 200 ms. Tried: localhost:9003 (through xdebug.client_host/xdebug.client_port).
  2026-09-29 07:48:39 /api/storefront .......................................................................... ~ 6s
  Xdebug: [Step Debug] Time-out connecting to debugging client, waited: 200 ms. Tried: localhost:9003 (through xdebug.client_host/xdebug.client_port).
  2026-09-29 07:49:39 /api/storefront .......................................................................... ~ 6s
  Xdebug: [Step Debug] Time-out connecting to debugging client, waited: 200 ms. Tried: localhost:9003 (through xdebug.client_host/xdebug.client_port).
  2026-09-29 07:50:39 /api/storefront .......................................................................... ~ 6s
  Xdebug: [Step Debug] Time-out connecting to debugging client, waited: 200 ms. Tried: localhost:9003 (through xdebug.client_host/xdebug.client_port).
  2026-09-29 07:51:39 /api/storefront .......................................................................... ~ 6s
  Xdebug: [Step Debug] Time-out connecting to debugging client, waited: 200 ms. Tried: localhost:9003 (through xdebug.client_host/xdebug.client_port).
  2026-09-29 07:52:39 /api/storefront .......................................................................... ~ 6s
  Xdebug: [Step Debug] Time-out connecting to debugging client, waited: 200 ms. Tried: localhost:9003 (through xdebug.client_host/xdebug.client_port).
  2026-09-29 07:53:39 /api/storefront .......................................................................... ~ 6s
  Xdebug: [Step Debug] Time-out connecting to debugging client, waited: 200 ms. Tried: localhost:9003 (through xdebug.client_host/xdebug.client_port).
  2026-09-29 07:54:39 /api/storefront .......................................................................... ~ 6s
  Xdebug: [Step Debug] Time-out connecting to debugging client, waited: 200 ms. Tried: localhost:9003 (through xdebug.client_host/xdebug.client_port).
  2026-09-29 07:55:39 /api/storefront .......................................................................... ~ 6s
  Xdebug: [Step Debug] Time-out connecting to debugging client, waited: 200 ms. Tried: localhost:9003 (through xdebug.client_host/xdebug.client_port).
  2026-09-29 07:56:39 /api/storefront .......................................................................... ~ 6s
  Xdebug: [Step Debug] Time-out connecting to debugging client, waited: 200 ms. Tried: localhost:9003 (through xdebug.client_host/xdebug.client_port).
  2026-09-29 07:57:39 /api/storefront .......................................................................... ~ 6s
  Xdebug: [Step Debug] Time-out connecting to debugging client, waited: 200 ms. Tried: localhost:9003 (through xdebug.client_host/xdebug.client_port).
  2026-09-29 07:58:39 /api/storefront .......................................................................... ~ 6s
  Xdebug: [Step Debug] Time-out connecting to debugging client, waited: 200 ms. Tried: localhost:9003 (through xdebug.client_host/xdebug.client_port).
  2026-09-29 07:59:39 /api/storefront .......................................................................... ~ 6s
  Xdebug: [Step Debug] Time-out connecting to debugging client, waited: 200 ms. Tried: localhost:9003 (through xdebug.client_host/xdebug.client_port).
  2026-09-29 08:00:39 /api/storefront .......................................................................... ~ 6s
  Xdebug: [Step Debug] Time-out connecting to debugging client, waited: 200 ms. Tried: localhost:9003 (through xdebug.client_host/xdebug.client_port).
  2026-09-29 08:01:39 /api/storefront .......................................................................... ~ 6s
  Xdebug: [Step Debug] Time-out connecting to debugging client, waited: 200 ms. Tried: localhost:9003 (through xdebug.client_host/xdebug.client_port).
  2026-09-29 08:02:39 /api/storefront .......................................................................... ~ 6s
  Xdebug: [Step Debug] Time-out connecting to debugging client, waited: 200 ms. Tried: localhost:9003 (through xdebug.client_host/xdebug.client_port).
  2026-09-29 08:03:39 /api/storefront .......................................................................... ~ 6s
  Xdebug: [Step Debug] Time-out connecting to debugging client, waited: 200 ms. Tried: localhost:9003 (through xdebug.client_host/xdebug.client_port).
  2026-09-29 08:04:39 /api/storefront .......................................................................... ~ 6s
  Xdebug: [Step Debug] Time-out connecting to debugging client, waited: 200 ms. Tried: localhost:9003 (through xdebug.client_host/xdebug.client_port).
  2026-09-29 08:05:39 /api/storefront .......................................................................... ~ 6s
  Xdebug: [Step Debug] Time-out connecting to debugging client, waited: 200 ms. Tried: localhost:9003 (through xdebug.client_host/xdebug.client_port).
  2026-09-29 08:06:39 /api/storefront .......................................................................... ~ 6s
  Xdebug: [Step Debug] Time-out connecting to debugging client, waited: 200 ms. Tried: localhost:9003 (through xdebug.client_host/xdebug.client_port).
  2026-09-29 08:07:39 /api/storefront .......................................................................... ~ 6s
  Xdebug: [Step Debug] Time-out connecting to debugging client, waited: 200 ms. Tried: localhost:9003 (through xdebug.client_host/xdebug.client_port).
  2026-09-29 08:08:39 /api/storefront .......................................................................... ~ 6s
  Xdebug: [Step Debug] Time-out connecting to debugging client, waited: 200 ms. Tried: localhost:9003 (through xdebug.client_host/xdebug.client_port).
  2026-09-29 08:09:39 /api/storefront .......................................................................... ~ 6s
  Xdebug: [Step Debug] Time-out connecting to debugging client, waited: 200 ms. Tried: localhost:9003 (through xdebug.client_host/xdebug.client_port).
  2026-09-29 08:10:39 /api/storefront .......................................................................... ~ 6s
  Xdebug: [Step Debug] Time-out connecting to debugging client, waited: 200 ms. Tried: localhost:9003 (through xdebug.client_host/xdebug.client_port).
  2026-09-29 08:11:39 /api/storefront .......................................................................... ~ 6s
  Xdebug: [Step Debug] Time-out connecting to debugging client, waited: 200 ms. Tried: localhost:9003 (through xdebug.client_host/xdebug.client_port).
  2026-09-29 08:12:39 /api/storefront .......................................................................... ~ 6s
  Xdebug: [Step Debug] Time-out connecting to debugging client, waited: 200 ms. Tried: localhost:9003 (through xdebug.client_host/xdebug.client_port).
  2026-09-29 08:13:39 /api/storefront .......................................................................... ~ 6s
  Xdebug: [Step Debug] Time-out connecting to debugging client, waited: 200 ms. Tried: localhost:9003 (through xdebug.client_host/xdebug.client_port).
  2026-09-29 08:14:39 /api/storefront .......................................................................... ~ 6s
  Xdebug: [Step Debug] Time-out connecting to debugging client, waited: 200 ms. Tried: localhost:9003 (through xdebug.client_host/xdebug.client_port).
  2026-09-29 08:15:39 /api/storefront .......................................................................... ~ 6s
  Xdebug: [Step Debug] Time-out connecting to debugging client, waited: 200 ms. Tried: localhost:9003 (through xdebug.client_host/xdebug.client_port).
  2026-09-29 08:16:39 /api/storefront .......................................................................... ~ 6s
  Xdebug: [Step Debug] Time-out connecting to debugging client, waited: 200 ms. Tried: localhost:9003 (through xdebug.client_host/xdebug.client_port).
  2026-09-29 08:17:39 /api/storefront .......................................................................... ~ 6s
  Xdebug: [Step Debug] Time-out connecting to debugging client, waited: 200 ms. Tried: localhost:9003 (through xdebug.client_host/xdebug.client_port).
  2026-09-29 08:18:39 /api/storefront .......................................................................... ~ 6s
  Xdebug: [Step Debug] Time-out connecting to debugging client, waited: 200 ms. Tried: localhost:9003 (through xdebug.client_host/xdebug.client_port).
  2026-09-29 08:19:39 /api/storefront .......................................................................... ~ 6s
  Xdebug: [Step Debug] Time-out connecting to debugging client, waited: 200 ms. Tried: localhost:9003 (through xdebug.client_host/xdebug.client_port).
  2026-09-29 08:20:39 /api/storefront .......................................................................... ~ 6s
  Xdebug: [Step Debug] Time-out connecting to debugging client, waited: 200 ms. Tried: localhost:9003 (through xdebug.client_host/xdebug.client_port).
  2026-09-29 08:21:39 /api/storefront .......................................................................... ~ 6s
  Xdebug: [Step Debug] Time-out connecting to debugging client, waited: 200 ms. Tried: localhost:9003 (through xdebug.client_host/xdebug.client_port).
  2026-09-29 08:22:39 /api/storefront .......................................................................... ~ 5s
  Xdebug: [Step Debug] Time-out connecting to debugging client, waited: 200 ms. Tried: localhost:9003 (through xdebug.client_host/xdebug.client_port).
  2026-09-29 08:23:39 /api/storefront .......................................................................... ~ 6s
  Xdebug: [Step Debug] Time-out connecting to debugging client, waited: 200 ms. Tried: localhost:9003 (through xdebug.client_host/xdebug.client_port).
  2026-09-29 08:24:39 /api/storefront .......................................................................... ~ 6s
  Xdebug: [Step Debug] Time-out connecting to debugging client, waited: 200 ms. Tried: localhost:9003 (through xdebug.client_host/xdebug.client_port).
  2026-09-29 08:25:39 /api/storefront .......................................................................... ~ 6s
  Xdebug: [Step Debug] Time-out connecting to debugging client, waited: 200 ms. Tried: localhost:9003 (through xdebug.client_host/xdebug.client_port).
  2026-09-29 08:26:39 /api/storefront .......................................................................... ~ 6s
  Xdebug: [Step Debug] Time-out connecting to debugging client, waited: 200 ms. Tried: localhost:9003 (through xdebug.client_host/xdebug.client_port).
  2026-09-29 08:27:39 /api/storefront .......................................................................... ~ 6s
  Xdebug: [Step Debug] Time-out connecting to debugging client, waited: 200 ms. Tried: localhost:9003 (through xdebug.client_host/xdebug.client_port).
  2026-09-29 08:28:39 /api/storefront .......................................................................... ~ 6s
  Xdebug: [Step Debug] Time-out connecting to debugging client, waited: 200 ms. Tried: localhost:9003 (through xdebug.client_host/xdebug.client_port).
  2026-09-29 08:29:39 /api/storefront .......................................................................... ~ 6s
  Xdebug: [Step Debug] Time-out connecting to debugging client, waited: 200 ms. Tried: localhost:9003 (through xdebug.client_host/xdebug.client_port).
  2026-09-29 08:30:39 /api/storefront .......................................................................... ~ 6s
  Xdebug: [Step Debug] Time-out connecting to debugging client, waited: 200 ms. Tried: localhost:9003 (through xdebug.client_host/xdebug.client_port).
  2026-09-29 08:31:39 /api/storefront .......................................................................... ~ 6s
  Xdebug: [Step Debug] Time-out connecting to debugging client, waited: 200 ms. Tried: localhost:9003 (through xdebug.client_host/xdebug.client_port).
  2026-09-29 08:32:39 /api/storefront .......................................................................... ~ 6s
  Xdebug: [Step Debug] Time-out connecting to debugging client, waited: 200 ms. Tried: localhost:9003 (through xdebug.client_host/xdebug.client_port).
  2026-09-29 08:33:39 /api/storefront .......................................................................... ~ 6s
  Xdebug: [Step Debug] Time-out connecting to debugging client, waited: 200 ms. Tried: localhost:9003 (through xdebug.client_host/xdebug.client_port).
  2026-09-29 08:34:39 /api/storefront .......................................................................... ~ 6s
  Xdebug: [Step Debug] Time-out connecting to debugging client, waited: 200 ms. Tried: localhost:9003 (through xdebug.client_host/xdebug.client_port).
  2026-09-29 08:35:39 /api/storefront .......................................................................... ~ 6s
  Xdebug: [Step Debug] Time-out connecting to debugging client, waited: 200 ms. Tried: localhost:9003 (through xdebug.client_host/xdebug.client_port).
  2026-09-29 08:36:39 /api/storefront .......................................................................... ~ 6s
  Xdebug: [Step Debug] Time-out connecting to debugging client, waited: 200 ms. Tried: localhost:9003 (through xdebug.client_host/xdebug.client_port).
  2026-09-29 08:37:39 /api/storefront .......................................................................... ~ 6s
  Xdebug: [Step Debug] Time-out connecting to debugging client, waited: 200 ms. Tried: localhost:9003 (through xdebug.client_host/xdebug.client_port).
  2026-09-29 08:38:39 /api/storefront .......................................................................... ~ 6s
  Xdebug: [Step Debug] Time-out connecting to debugging client, waited: 200 ms. Tried: localhost:9003 (through xdebug.client_host/xdebug.client_port).
  2026-09-29 08:39:39 /api/storefront .......................................................................... ~ 6s
  Xdebug: [Step Debug] Time-out connecting to debugging client, waited: 200 ms. Tried: localhost:9003 (through xdebug.client_host/xdebug.client_port).
  2026-09-29 08:40:39 /api/storefront .......................................................................... ~ 6s
  Xdebug: [Step Debug] Time-out connecting to debugging client, waited: 200 ms. Tried: localhost:9003 (through xdebug.client_host/xdebug.client_port).
  2026-09-29 08:41:39 /api/storefront .......................................................................... ~ 6s
  Xdebug: [Step Debug] Time-out connecting to debugging client, waited: 200 ms. Tried: localhost:9003 (through xdebug.client_host/xdebug.client_port).
  2026-09-29 08:42:39 /api/storefront .......................................................................... ~ 6s
  Xdebug: [Step Debug] Time-out connecting to debugging client, waited: 200 ms. Tried: localhost:9003 (through xdebug.client_host/xdebug.client_port).
  2026-09-29 08:43:39 /api/storefront .......................................................................... ~ 6s
  Xdebug: [Step Debug] Time-out connecting to debugging client, waited: 200 ms. Tried: localhost:9003 (through xdebug.client_host/xdebug.client_port).
  2026-09-29 08:44:39 /api/storefront .......................................................................... ~ 6s
  Xdebug: [Step Debug] Time-out connecting to debugging client, waited: 200 ms. Tried: localhost:9003 (through xdebug.client_host/xdebug.client_port).
  2026-09-29 08:45:39 /api/storefront .......................................................................... ~ 6s
  Xdebug: [Step Debug] Time-out connecting to debugging client, waited: 200 ms. Tried: localhost:9003 (through xdebug.client_host/xdebug.client_port).
  2026-09-29 08:46:39 /api/storefront .......................................................................... ~ 6s
  Xdebug: [Step Debug] Time-out connecting to debugging client, waited: 200 ms. Tried: localhost:9003 (through xdebug.client_host/xdebug.client_port).
  2026-09-29 08:47:39 /api/storefront .......................................................................... ~ 6s
  Xdebug: [Step Debug] Time-out connecting to debugging client, waited: 200 ms. Tried: localhost:9003 (through xdebug.client_host/xdebug.client_port).
  2026-09-29 08:48:39 /api/storefront .......................................................................... ~ 6s
  Xdebug: [Step Debug] Time-out connecting to debugging client, waited: 200 ms. Tried: localhost:9003 (through xdebug.client_host/xdebug.client_port).
  2026-09-29 08:49:39 /api/storefront .......................................................................... ~ 5s
  Xdebug: [Step Debug] Time-out connecting to debugging client, waited: 200 ms. Tried: localhost:9003 (through xdebug.client_host/xdebug.client_port).
  2026-09-29 08:50:39 /api/storefront .......................................................................... ~ 6s
  Xdebug: [Step Debug] Time-out connecting to debugging client, waited: 200 ms. Tried: localhost:9003 (through xdebug.client_host/xdebug.client_port).
  2026-09-29 08:51:39 /api/storefront .......................................................................... ~ 6s
  Xdebug: [Step Debug] Time-out connecting to debugging client, waited: 200 ms. Tried: localhost:9003 (through xdebug.client_host/xdebug.client_port).
  2026-09-29 08:52:39 /api/storefront .......................................................................... ~ 6s
  Xdebug: [Step Debug] Time-out connecting to debugging client, waited: 200 ms. Tried: localhost:9003 (through xdebug.client_host/xdebug.client_port).
  2026-09-29 08:53:39 /api/storefront .......................................................................... ~ 6s
  Xdebug: [Step Debug] Time-out connecting to debugging client, waited: 200 ms. Tried: localhost:9003 (through xdebug.client_host/xdebug.client_port).
  2026-09-29 08:54:39 /api/storefront .......................................................................... ~ 6s
  Xdebug: [Step Debug] Time-out connecting to debugging client, waited: 200 ms. Tried: localhost:9003 (through xdebug.client_host/xdebug.client_port).
  2026-09-29 08:55:39 /api/storefront .......................................................................... ~ 6s
  Xdebug: [Step Debug] Time-out connecting to debugging client, waited: 200 ms. Tried: localhost:9003 (through xdebug.client_host/xdebug.client_port).
  2026-09-29 08:56:39 /api/storefront .......................................................................... ~ 6s
  Xdebug: [Step Debug] Time-out connecting to debugging client, waited: 200 ms. Tried: localhost:9003 (through xdebug.client_host/xdebug.client_port).
  2026-09-29 08:57:39 /api/storefront .......................................................................... ~ 6s
  Xdebug: [Step Debug] Time-out connecting to debugging client, waited: 200 ms. Tried: localhost:9003 (through xdebug.client_host/xdebug.client_port).
  2026-09-29 08:58:39 /api/storefront .......................................................................... ~ 6s
  Xdebug: [Step Debug] Time-out connecting to debugging client, waited: 200 ms. Tried: localhost:9003 (through xdebug.client_host/xdebug.client_port).
  2026-09-29 08:59:39 /api/storefront .......................................................................... ~ 6s
  Xdebug: [Step Debug] Time-out connecting to debugging client, waited: 200 ms. Tried: localhost:9003 (through xdebug.client_host/xdebug.client_port).
  2026-09-29 09:00:39 /api/storefront .......................................................................... ~ 6s
  Xdebug: [Step Debug] Time-out connecting to debugging client, waited: 200 ms. Tried: localhost:9003 (through xdebug.client_host/xdebug.client_port).
  2026-09-29 09:01:39 /api/storefront .......................................................................... ~ 6s
  Xdebug: [Step Debug] Time-out connecting to debugging client, waited: 200 ms. Tried: localhost:9003 (through xdebug.client_host/xdebug.client_port).
  2026-09-29 09:02:39 /api/storefront .......................................................................... ~ 6s
  Xdebug: [Step Debug] Time-out connecting to debugging client, waited: 200 ms. Tried: localhost:9003 (through xdebug.client_host/xdebug.client_port).
  2026-09-29 09:03:39 /api/storefront .......................................................................... ~ 6s
  Xdebug: [Step Debug] Time-out connecting to debugging client, waited: 200 ms. Tried: localhost:9003 (through xdebug.client_host/xdebug.client_port).
  2026-09-29 09:04:39 /api/storefront .......................................................................... ~ 6s
  Xdebug: [Step Debug] Time-out connecting to debugging client, waited: 200 ms. Tried: localhost:9003 (through xdebug.client_host/xdebug.client_port).
  2026-09-29 09:05:39 /api/storefront .......................................................................... ~ 6s
  Xdebug: [Step Debug] Time-out connecting to debugging client, waited: 200 ms. Tried: localhost:9003 (through xdebug.client_host/xdebug.client_port).
  2026-09-29 09:06:39 /api/storefront .......................................................................... ~ 6s
  Xdebug: [Step Debug] Time-out connecting to debugging client, waited: 200 ms. Tried: localhost:9003 (through xdebug.client_host/xdebug.client_port).
  2026-09-29 09:07:39 /api/storefront .......................................................................... ~ 6s
  Xdebug: [Step Debug] Time-out connecting to debugging client, waited: 200 ms. Tried: localhost:9003 (through xdebug.client_host/xdebug.client_port).
  2026-09-29 09:08:39 /api/storefront .......................................................................... ~ 6s
  Xdebug: [Step Debug] Time-out connecting to debugging client, waited: 200 ms. Tried: localhost:9003 (through xdebug.client_host/xdebug.client_port).
  2026-09-29 09:09:39 /api/storefront .......................................................................... ~ 6s
  Xdebug: [Step Debug] Time-out connecting to debugging client, waited: 200 ms. Tried: localhost:9003 (through xdebug.client_host/xdebug.client_port).
  2026-09-29 09:10:39 /api/storefront .......................................................................... ~ 6s
  Xdebug: [Step Debug] Time-out connecting to debugging client, waited: 200 ms. Tried: localhost:9003 (through xdebug.client_host/xdebug.client_port).
  2026-09-29 09:11:39 /api/storefront .......................................................................... ~ 6s
  Xdebug: [Step Debug] Time-out connecting to debugging client, waited: 200 ms. Tried: localhost:9003 (through xdebug.client_host/xdebug.client_port).
  2026-09-29 09:12:39 /api/storefront .......................................................................... ~ 6s
  Xdebug: [Step Debug] Time-out connecting to debugging client, waited: 200 ms. Tried: localhost:9003 (through xdebug.client_host/xdebug.client_port).
  2026-09-29 09:13:39 /api/storefront .......................................................................... ~ 6s
  Xdebug: [Step Debug] Time-out connecting to debugging client, waited: 200 ms. Tried: localhost:9003 (through xdebug.client_host/xdebug.client_port).
  2026-09-29 09:14:39 /api/storefront .......................................................................... ~ 6s
  Xdebug: [Step Debug] Time-out connecting to debugging client, waited: 200 ms. Tried: localhost:9003 (through xdebug.client_host/xdebug.client_port).
  2026-09-29 09:15:39 /api/storefront .......................................................................... ~ 6s
  Xdebug: [Step Debug] Time-out connecting to debugging client, waited: 200 ms. Tried: localhost:9003 (through xdebug.client_host/xdebug.client_port).
  2026-09-29 09:16:39 /api/storefront .......................................................................... ~ 6s
  Xdebug: [Step Debug] Time-out connecting to debugging client, waited: 200 ms. Tried: localhost:9003 (through xdebug.client_host/xdebug.client_port).
  2026-09-29 09:17:39 /api/storefront .......................................................................... ~ 6s
  Xdebug: [Step Debug] Time-out connecting to debugging client, waited: 200 ms. Tried: localhost:9003 (through xdebug.client_host/xdebug.client_port).
  2026-09-29 09:18:39 /api/storefront .......................................................................... ~ 6s
  Xdebug: [Step Debug] Time-out connecting to debugging client, waited: 200 ms. Tried: localhost:9003 (through xdebug.client_host/xdebug.client_port).
  2026-09-29 09:19:39 /api/storefront .......................................................................... ~ 6s
  Xdebug: [Step Debug] Time-out connecting to debugging client, waited: 200 ms. Tried: localhost:9003 (through xdebug.client_host/xdebug.client_port).
  2026-09-29 09:20:39 /api/storefront .......................................................................... ~ 6s
  Xdebug: [Step Debug] Time-out connecting to debugging client, waited: 200 ms. Tried: localhost:9003 (through xdebug.client_host/xdebug.client_port).
  2026-09-29 09:21:39 /api/storefront .......................................................................... ~ 6s
  Xdebug: [Step Debug] Time-out connecting to debugging client, waited: 200 ms. Tried: localhost:9003 (through xdebug.client_host/xdebug.client_port).
  2026-09-29 09:22:39 /api/storefront .......................................................................... ~ 6s
  Xdebug: [Step Debug] Time-out connecting to debugging client, waited: 200 ms. Tried: localhost:9003 (through xdebug.client_host/xdebug.client_port).
  2026-09-29 09:23:39 /api/storefront .......................................................................... ~ 6s
  Xdebug: [Step Debug] Time-out connecting to debugging client, waited: 200 ms. Tried: localhost:9003 (through xdebug.client_host/xdebug.client_port).
  2026-09-29 09:24:39 /api/storefront .......................................................................... ~ 6s
  Xdebug: [Step Debug] Time-out connecting to debugging client, waited: 200 ms. Tried: localhost:9003 (through xdebug.client_host/xdebug.client_port).
  2026-09-29 09:25:39 /api/storefront .......................................................................... ~ 6s
  Xdebug: [Step Debug] Time-out connecting to debugging client, waited: 200 ms. Tried: localhost:9003 (through xdebug.client_host/xdebug.client_port).
  2026-09-29 09:26:39 /api/storefront .......................................................................... ~ 6s
  Xdebug: [Step Debug] Time-out connecting to debugging client, waited: 200 ms. Tried: localhost:9003 (through xdebug.client_host/xdebug.client_port).
  2026-09-29 09:27:39 /api/storefront .......................................................................... ~ 6s
  Xdebug: [Step Debug] Time-out connecting to debugging client, waited: 200 ms. Tried: localhost:9003 (through xdebug.client_host/xdebug.client_port).
  2026-09-29 09:28:39 /api/storefront .......................................................................... ~ 6s
  Xdebug: [Step Debug] Time-out connecting to debugging client, waited: 200 ms. Tried: localhost:9003 (through xdebug.client_host/xdebug.client_port).
  2026-09-29 09:29:39 /api/storefront .......................................................................... ~ 6s
  Xdebug: [Step Debug] Time-out connecting to debugging client, waited: 200 ms. Tried: localhost:9003 (through xdebug.client_host/xdebug.client_port).
  2026-09-29 09:30:39 /api/storefront .......................................................................... ~ 6s
  Xdebug: [Step Debug] Time-out connecting to debugging client, waited: 200 ms. Tried: localhost:9003 (through xdebug.client_host/xdebug.client_port).
  2026-09-29 09:31:39 /api/storefront .......................................................................... ~ 6s
  Xdebug: [Step Debug] Time-out connecting to debugging client, waited: 200 ms. Tried: localhost:9003 (through xdebug.client_host/xdebug.client_port).
  2026-09-29 09:32:39 /api/storefront .......................................................................... ~ 6s
  Xdebug: [Step Debug] Time-out connecting to debugging client, waited: 200 ms. Tried: localhost:9003 (through xdebug.client_host/xdebug.client_port).
  2026-09-29 09:33:39 /api/storefront .......................................................................... ~ 6s
  Xdebug: [Step Debug] Time-out connecting to debugging client, waited: 200 ms. Tried: localhost:9003 (through xdebug.client_host/xdebug.client_port).
  2026-09-29 09:34:39 /api/storefront .......................................................................... ~ 6s
  Xdebug: [Step Debug] Time-out connecting to debugging client, waited: 200 ms. Tried: localhost:9003 (through xdebug.client_host/xdebug.client_port).
  2026-09-29 09:35:39 /api/storefront .......................................................................... ~ 6s
  Xdebug: [Step Debug] Time-out connecting to debugging client, waited: 200 ms. Tried: localhost:9003 (through xdebug.client_host/xdebug.client_port).
  2026-09-29 09:36:39 /api/storefront .......................................................................... ~ 6s
  Xdebug: [Step Debug] Time-out connecting to debugging client, waited: 200 ms. Tried: localhost:9003 (through xdebug.client_host/xdebug.client_port).
  2026-09-29 09:37:39 /api/storefront .......................................................................... ~ 6s
  Xdebug: [Step Debug] Time-out connecting to debugging client, waited: 200 ms. Tried: localhost:9003 (through xdebug.client_host/xdebug.client_port).
  2026-09-29 09:38:39 /api/storefront .......................................................................... ~ 6s
  Xdebug: [Step Debug] Time-out connecting to debugging client, waited: 200 ms. Tried: localhost:9003 (through xdebug.client_host/xdebug.client_port).
  2026-09-29 09:39:39 /api/storefront ......................................................................... ~ 14s
  Xdebug: [Step Debug] Time-out connecting to debugging client, waited: 200 ms. Tried: localhost:9003 (through xdebug.client_host/xdebug.client_port).
  2026-09-29 09:40:39 /api/storefront .......................................................................... ~ 6s
  Xdebug: [Step Debug] Time-out connecting to debugging client, waited: 200 ms. Tried: localhost:9003 (through xdebug.client_host/xdebug.client_port).
  2026-09-29 09:41:39 /api/storefront .......................................................................... ~ 6s
  Xdebug: [Step Debug] Time-out connecting to debugging client, waited: 200 ms. Tried: localhost:9003 (through xdebug.client_host/xdebug.client_port).
  2026-09-29 09:42:39 /api/storefront .......................................................................... ~ 6s
  Xdebug: [Step Debug] Time-out connecting to debugging client, waited: 200 ms. Tried: localhost:9003 (through xdebug.client_host/xdebug.client_port).
  2026-09-29 09:43:39 /api/storefront .......................................................................... ~ 6s
  Xdebug: [Step Debug] Time-out connecting to debugging client, waited: 200 ms. Tried: localhost:9003 (through xdebug.client_host/xdebug.client_port).
  2026-09-29 09:44:39 /api/storefront .......................................................................... ~ 6s
  Xdebug: [Step Debug] Time-out connecting to debugging client, waited: 200 ms. Tried: localhost:9003 (through xdebug.client_host/xdebug.client_port).
  2026-09-29 09:45:39 /api/storefront .......................................................................... ~ 6s
  Xdebug: [Step Debug] Time-out connecting to debugging client, waited: 200 ms. Tried: localhost:9003 (through xdebug.client_host/xdebug.client_port).
  2026-09-29 09:46:39 /api/storefront .......................................................................... ~ 6s
  Xdebug: [Step Debug] Time-out connecting to debugging client, waited: 200 ms. Tried: localhost:9003 (through xdebug.client_host/xdebug.client_port).
  2026-09-29 09:47:39 /api/storefront .......................................................................... ~ 6s
  Xdebug: [Step Debug] Time-out connecting to debugging client, waited: 200 ms. Tried: localhost:9003 (through xdebug.client_host/xdebug.client_port).
  2026-09-29 09:48:39 /api/storefront .......................................................................... ~ 6s
  Xdebug: [Step Debug] Time-out connecting to debugging client, waited: 200 ms. Tried: localhost:9003 (through xdebug.client_host/xdebug.client_port).
  2026-09-29 09:49:39 /api/storefront .......................................................................... ~ 6s
  Xdebug: [Step Debug] Time-out connecting to debugging client, waited: 200 ms. Tried: localhost:9003 (through xdebug.client_host/xdebug.client_port).
  2026-09-29 09:50:39 /api/storefront .......................................................................... ~ 6s
  Xdebug: [Step Debug] Time-out connecting to debugging client, waited: 200 ms. Tried: localhost:9003 (through xdebug.client_host/xdebug.client_port).
  2026-09-29 09:51:39 /api/storefront .......................................................................... ~ 6s
  Xdebug: [Step Debug] Time-out connecting to debugging client, waited: 200 ms. Tried: localhost:9003 (through xdebug.client_host/xdebug.client_port).
  2026-09-29 09:52:39 /api/storefront .......................................................................... ~ 6s
  Xdebug: [Step Debug] Time-out connecting to debugging client, waited: 200 ms. Tried: localhost:9003 (through xdebug.client_host/xdebug.client_port).
  2026-09-29 09:53:39 /api/storefront .......................................................................... ~ 6s
  Xdebug: [Step Debug] Time-out connecting to debugging client, waited: 200 ms. Tried: localhost:9003 (through xdebug.client_host/xdebug.client_port).
  2026-09-29 09:54:39 /api/storefront .......................................................................... ~ 6s
  Xdebug: [Step Debug] Time-out connecting to debugging client, waited: 200 ms. Tried: localhost:9003 (through xdebug.client_host/xdebug.client_port).
  2026-09-29 09:55:39 /api/storefront .......................................................................... ~ 6s
  Xdebug: [Step Debug] Time-out connecting to debugging client, waited: 200 ms. Tried: localhost:9003 (through xdebug.client_host/xdebug.client_port).
  2026-09-29 09:56:39 /api/storefront .......................................................................... ~ 6s
  Xdebug: [Step Debug] Time-out connecting to debugging client, waited: 200 ms. Tried: localhost:9003 (through xdebug.client_host/xdebug.client_port).
  2026-09-29 09:57:39 /api/storefront .......................................................................... ~ 6s
  Xdebug: [Step Debug] Time-out connecting to debugging client, waited: 200 ms. Tried: localhost:9003 (through xdebug.client_host/xdebug.client_port).
  2026-09-29 09:58:39 /api/storefront .......................................................................... ~ 6s
  Xdebug: [Step Debug] Time-out connecting to debugging client, waited: 200 ms. Tried: localhost:9003 (through xdebug.client_host/xdebug.client_port).
  2026-09-29 09:59:39 /api/storefront .......................................................................... ~ 6s
  Xdebug: [Step Debug] Time-out connecting to debugging client, waited: 200 ms. Tried: localhost:9003 (through xdebug.client_host/xdebug.client_port).
  2026-09-29 10:00:39 /api/storefront .......................................................................... ~ 6s
  Xdebug: [Step Debug] Time-out connecting to debugging client, waited: 200 ms. Tried: localhost:9003 (through xdebug.client_host/xdebug.client_port).
  2026-09-29 10:01:39 /api/storefront .......................................................................... ~ 6s
  Xdebug: [Step Debug] Time-out connecting to debugging client, waited: 200 ms. Tried: localhost:9003 (through xdebug.client_host/xdebug.client_port).
  2026-09-29 10:02:39 /api/storefront .......................................................................... ~ 6s
  Xdebug: [Step Debug] Time-out connecting to debugging client, waited: 200 ms. Tried: localhost:9003 (through xdebug.client_host/xdebug.client_port).
  2026-09-29 10:03:39 /api/storefront .......................................................................... ~ 6s
  Xdebug: [Step Debug] Time-out connecting to debugging client, waited: 200 ms. Tried: localhost:9003 (through xdebug.client_host/xdebug.client_port).
  2026-09-29 10:04:39 /api/storefront .......................................................................... ~ 6s
  Xdebug: [Step Debug] Time-out connecting to debugging client, waited: 200 ms. Tried: localhost:9003 (through xdebug.client_host/xdebug.client_port).
  2026-09-29 10:05:39 /api/storefront .......................................................................... ~ 6s
  Xdebug: [Step Debug] Time-out connecting to debugging client, waited: 200 ms. Tried: localhost:9003 (through xdebug.client_host/xdebug.client_port).
  2026-09-29 10:06:39 /api/storefront .......................................................................... ~ 6s
  Xdebug: [Step Debug] Time-out connecting to debugging client, waited: 200 ms. Tried: localhost:9003 (through xdebug.client_host/xdebug.client_port).
  2026-09-29 10:07:39 /api/storefront .......................................................................... ~ 6s
  Xdebug: [Step Debug] Time-out connecting to debugging client, waited: 200 ms. Tried: localhost:9003 (through xdebug.client_host/xdebug.client_port).
  2026-09-29 10:08:39 /api/storefront .......................................................................... ~ 6s
  Xdebug: [Step Debug] Time-out connecting to debugging client, waited: 200 ms. Tried: localhost:9003 (through xdebug.client_host/xdebug.client_port).
  2026-09-29 10:09:39 /api/storefront .......................................................................... ~ 6s
  Xdebug: [Step Debug] Time-out connecting to debugging client, waited: 200 ms. Tried: localhost:9003 (through xdebug.client_host/xdebug.client_port).
  2026-09-29 10:10:39 /api/storefront .......................................................................... ~ 6s
  Xdebug: [Step Debug] Time-out connecting to debugging client, waited: 200 ms. Tried: localhost:9003 (through xdebug.client_host/xdebug.client_port).
  2026-09-29 10:11:39 /api/storefront .......................................................................... ~ 6s
  Xdebug: [Step Debug] Time-out connecting to debugging client, waited: 200 ms. Tried: localhost:9003 (through xdebug.client_host/xdebug.client_port).
  2026-09-29 10:12:39 /api/storefront .......................................................................... ~ 6s
  Xdebug: [Step Debug] Time-out connecting to debugging client, waited: 200 ms. Tried: localhost:9003 (through xdebug.client_host/xdebug.client_port).
  2026-09-29 10:13:39 /api/storefront .......................................................................... ~ 6s
  Xdebug: [Step Debug] Time-out connecting to debugging client, waited: 200 ms. Tried: localhost:9003 (through xdebug.client_host/xdebug.client_port).
  2026-09-29 10:14:39 /api/storefront .......................................................................... ~ 6s
  Xdebug: [Step Debug] Time-out connecting to debugging client, waited: 200 ms. Tried: localhost:9003 (through xdebug.client_host/xdebug.client_port).
  2026-09-29 10:15:39 /api/storefront .......................................................................... ~ 6s
  Xdebug: [Step Debug] Time-out connecting to debugging client, waited: 200 ms. Tried: localhost:9003 (through xdebug.client_host/xdebug.client_port).
  2026-09-29 10:16:39 /api/storefront .......................................................................... ~ 6s
  Xdebug: [Step Debug] Time-out connecting to debugging client, waited: 200 ms. Tried: localhost:9003 (through xdebug.client_host/xdebug.client_port).
  2026-09-29 10:17:39 /api/storefront .......................................................................... ~ 6s
  Xdebug: [Step Debug] Time-out connecting to debugging client, waited: 200 ms. Tried: localhost:9003 (through xdebug.client_host/xdebug.client_port).
  2026-09-29 10:18:39 /api/storefront .......................................................................... ~ 6s
  Xdebug: [Step Debug] Time-out connecting to debugging client, waited: 200 ms. Tried: localhost:9003 (through xdebug.client_host/xdebug.client_port).
  2026-09-29 10:19:39 /api/storefront .......................................................................... ~ 6s
  Xdebug: [Step Debug] Time-out connecting to debugging client, waited: 200 ms. Tried: localhost:9003 (through xdebug.client_host/xdebug.client_port).
  2026-09-29 10:20:39 /api/storefront .......................................................................... ~ 6s
  Xdebug: [Step Debug] Time-out connecting to debugging client, waited: 200 ms. Tried: localhost:9003 (through xdebug.client_host/xdebug.client_port).
  2026-09-29 10:21:39 /api/storefront .......................................................................... ~ 6s
  Xdebug: [Step Debug] Time-out connecting to debugging client, waited: 200 ms. Tried: localhost:9003 (through xdebug.client_host/xdebug.client_port).
  2026-09-29 10:22:39 /api/storefront .......................................................................... ~ 6s
  Xdebug: [Step Debug] Time-out connecting to debugging client, waited: 200 ms. Tried: localhost:9003 (through xdebug.client_host/xdebug.client_port).
  2026-09-29 10:23:39 /api/storefront .......................................................................... ~ 6s
  Xdebug: [Step Debug] Time-out connecting to debugging client, waited: 200 ms. Tried: localhost:9003 (through xdebug.client_host/xdebug.client_port).
  2026-09-29 10:24:39 /api/storefront .......................................................................... ~ 6s
  Xdebug: [Step Debug] Time-out connecting to debugging client, waited: 200 ms. Tried: localhost:9003 (through xdebug.client_host/xdebug.client_port).
  2026-09-29 10:25:39 /api/storefront .......................................................................... ~ 6s
  Xdebug: [Step Debug] Time-out connecting to debugging client, waited: 200 ms. Tried: localhost:9003 (through xdebug.client_host/xdebug.client_port).
  2026-09-29 10:26:39 /api/storefront .......................................................................... ~ 6s
  Xdebug: [Step Debug] Time-out connecting to debugging client, waited: 200 ms. Tried: localhost:9003 (through xdebug.client_host/xdebug.client_port).
  2026-09-29 10:27:39 /api/storefront .......................................................................... ~ 6s
  Xdebug: [Step Debug] Time-out connecting to debugging client, waited: 200 ms. Tried: localhost:9003 (through xdebug.client_host/xdebug.client_port).
  2026-09-29 10:28:39 /api/storefront .......................................................................... ~ 6s
  Xdebug: [Step Debug] Time-out connecting to debugging client, waited: 200 ms. Tried: localhost:9003 (through xdebug.client_host/xdebug.client_port).
  2026-09-29 10:29:39 /api/storefront .......................................................................... ~ 6s
  Xdebug: [Step Debug] Time-out connecting to debugging client, waited: 200 ms. Tried: localhost:9003 (through xdebug.client_host/xdebug.client_port).
  2026-09-29 10:30:39 /api/storefront .......................................................................... ~ 6s
  Xdebug: [Step Debug] Time-out connecting to debugging client, waited: 200 ms. Tried: localhost:9003 (through xdebug.client_host/xdebug.client_port).
  2026-09-29 10:31:39 /api/storefront .......................................................................... ~ 6s
  Xdebug: [Step Debug] Time-out connecting to debugging client, waited: 200 ms. Tried: localhost:9003 (through xdebug.client_host/xdebug.client_port).
  2026-09-29 10:32:39 /api/storefront .......................................................................... ~ 6s
  Xdebug: [Step Debug] Time-out connecting to debugging client, waited: 200 ms. Tried: localhost:9003 (through xdebug.client_host/xdebug.client_port).
  2026-09-29 10:33:39 /api/storefront .......................................................................... ~ 6s
  Xdebug: [Step Debug] Time-out connecting to debugging client, waited: 200 ms. Tried: localhost:9003 (through xdebug.client_host/xdebug.client_port).
  2026-09-29 10:34:39 /api/storefront .......................................................................... ~ 6s
  Xdebug: [Step Debug] Time-out connecting to debugging client, waited: 200 ms. Tried: localhost:9003 (through xdebug.client_host/xdebug.client_port).
  2026-09-29 10:35:39 /api/storefront .......................................................................... ~ 6s
  Xdebug: [Step Debug] Time-out connecting to debugging client, waited: 200 ms. Tried: localhost:9003 (through xdebug.client_host/xdebug.client_port).
  2026-09-29 10:36:39 /api/storefront .......................................................................... ~ 6s
  Xdebug: [Step Debug] Time-out connecting to debugging client, waited: 200 ms. Tried: localhost:9003 (through xdebug.client_host/xdebug.client_port).
  2026-09-29 10:37:39 /api/storefront .......................................................................... ~ 6s
  Xdebug: [Step Debug] Time-out connecting to debugging client, waited: 200 ms. Tried: localhost:9003 (through xdebug.client_host/xdebug.client_port).
  2026-09-29 10:38:39 /api/storefront .......................................................................... ~ 6s
  Xdebug: [Step Debug] Time-out connecting to debugging client, waited: 200 ms. Tried: localhost:9003 (through xdebug.client_host/xdebug.client_port).
  2026-09-29 10:39:39 /api/storefront .......................................................................... ~ 6s
  Xdebug: [Step Debug] Time-out connecting to debugging client, waited: 200 ms. Tried: localhost:9003 (through xdebug.client_host/xdebug.client_port).
  2026-09-29 10:40:39 /api/storefront .......................................................................... ~ 7s
  Xdebug: [Step Debug] Time-out connecting to debugging client, waited: 200 ms. Tried: localhost:9003 (through xdebug.client_host/xdebug.client_port).
  2026-09-29 10:41:39 /api/storefront .......................................................................... ~ 6s
  Xdebug: [Step Debug] Time-out connecting to debugging client, waited: 200 ms. Tried: localhost:9003 (through xdebug.client_host/xdebug.client_port).
  2026-09-29 10:42:39 /api/storefront .......................................................................... ~ 6s
  Xdebug: [Step Debug] Time-out connecting to debugging client, waited: 200 ms. Tried: localhost:9003 (through xdebug.client_host/xdebug.client_port).
  2026-09-29 10:43:39 /api/storefront .......................................................................... ~ 6s
  Xdebug: [Step Debug] Time-out connecting to debugging client, waited: 200 ms. Tried: localhost:9003 (through xdebug.client_host/xdebug.client_port).
  2026-09-29 10:44:39 /api/storefront .......................................................................... ~ 6s
  Xdebug: [Step Debug] Time-out connecting to debugging client, waited: 200 ms. Tried: localhost:9003 (through xdebug.client_host/xdebug.client_port).
  2026-09-29 10:45:39 /api/storefront .......................................................................... ~ 6s
  Xdebug: [Step Debug] Time-out connecting to debugging client, waited: 200 ms. Tried: localhost:9003 (through xdebug.client_host/xdebug.client_port).
  2026-09-29 10:46:39 /api/storefront .......................................................................... ~ 6s
  Xdebug: [Step Debug] Time-out connecting to debugging client, waited: 200 ms. Tried: localhost:9003 (through xdebug.client_host/xdebug.client_port).
  2026-09-29 10:47:39 /api/storefront .......................................................................... ~ 6s
  Xdebug: [Step Debug] Time-out connecting to debugging client, waited: 200 ms. Tried: localhost:9003 (through xdebug.client_host/xdebug.client_port).
  2026-09-29 10:48:39 /api/storefront .......................................................................... ~ 6s
  Xdebug: [Step Debug] Time-out connecting to debugging client, waited: 200 ms. Tried: localhost:9003 (through xdebug.client_host/xdebug.client_port).
  2026-09-29 10:49:39 /api/storefront .......................................................................... ~ 6s
  Xdebug: [Step Debug] Time-out connecting to debugging client, waited: 200 ms. Tried: localhost:9003 (through xdebug.client_host/xdebug.client_port).
  2026-09-29 10:50:39 /api/storefront .......................................................................... ~ 6s
  Xdebug: [Step Debug] Time-out connecting to debugging client, waited: 200 ms. Tried: localhost:9003 (through xdebug.client_host/xdebug.client_port).
  2026-09-29 10:51:39 /api/storefront .......................................................................... ~ 9s
  Xdebug: [Step Debug] Time-out connecting to debugging client, waited: 200 ms. Tried: localhost:9003 (through xdebug.client_host/xdebug.client_port).
  2026-09-29 10:52:39 /api/storefront .......................................................................... ~ 6s
  Xdebug: [Step Debug] Time-out connecting to debugging client, waited: 200 ms. Tried: localhost:9003 (through xdebug.client_host/xdebug.client_port).
  2026-09-29 10:53:39 /api/storefront .......................................................................... ~ 6s
  Xdebug: [Step Debug] Time-out connecting to debugging client, waited: 200 ms. Tried: localhost:9003 (through xdebug.client_host/xdebug.client_port).
  2026-09-29 10:54:39 /api/storefront .......................................................................... ~ 6s
  Xdebug: [Step Debug] Time-out connecting to debugging client, waited: 200 ms. Tried: localhost:9003 (through xdebug.client_host/xdebug.client_port).
  2026-09-29 10:55:39 /api/storefront .......................................................................... ~ 6s
  Xdebug: [Step Debug] Time-out connecting to debugging client, waited: 200 ms. Tried: localhost:9003 (through xdebug.client_host/xdebug.client_port).
  2026-09-29 10:56:39 /api/storefront .......................................................................... ~ 6s
  Xdebug: [Step Debug] Time-out connecting to debugging client, waited: 200 ms. Tried: localhost:9003 (through xdebug.client_host/xdebug.client_port).
  2026-09-29 10:57:39 /api/storefront .......................................................................... ~ 6s
  Xdebug: [Step Debug] Time-out connecting to debugging client, waited: 200 ms. Tried: localhost:9003 (through xdebug.client_host/xdebug.client_port).
  2026-09-29 10:58:39 /api/storefront .......................................................................... ~ 6s
  Xdebug: [Step Debug] Time-out connecting to debugging client, waited: 200 ms. Tried: localhost:9003 (through xdebug.client_host/xdebug.client_port).
  2026-09-29 10:59:39 /api/storefront .......................................................................... ~ 6s
  Xdebug: [Step Debug] Time-out connecting to debugging client, waited: 200 ms. Tried: localhost:9003 (through xdebug.client_host/xdebug.client_port).
  2026-09-29 11:00:39 /api/storefront .......................................................................... ~ 6s
  Xdebug: [Step Debug] Time-out connecting to debugging client, waited: 200 ms. Tried: localhost:9003 (through xdebug.client_host/xdebug.client_port).
  2026-09-29 11:01:39 /api/storefront .......................................................................... ~ 6s
  Xdebug: [Step Debug] Time-out connecting to debugging client, waited: 200 ms. Tried: localhost:9003 (through xdebug.client_host/xdebug.client_port).
  2026-09-29 11:02:39 /api/storefront .......................................................................... ~ 6s
  Xdebug: [Step Debug] Time-out connecting to debugging client, waited: 200 ms. Tried: localhost:9003 (through xdebug.client_host/xdebug.client_port).
  2026-09-29 11:03:39 /api/storefront .......................................................................... ~ 6s
  Xdebug: [Step Debug] Time-out connecting to debugging client, waited: 200 ms. Tried: localhost:9003 (through xdebug.client_host/xdebug.client_port).
  2026-09-29 11:04:39 /api/storefront .......................................................................... ~ 6s
  Xdebug: [Step Debug] Time-out connecting to debugging client, waited: 200 ms. Tried: localhost:9003 (through xdebug.client_host/xdebug.client_port).
  2026-09-29 11:05:39 /api/storefront .......................................................................... ~ 6s
  Xdebug: [Step Debug] Time-out connecting to debugging client, waited: 200 ms. Tried: localhost:9003 (through xdebug.client_host/xdebug.client_port).
  2026-09-29 11:06:39 /api/storefront .......................................................................... ~ 6s
  Xdebug: [Step Debug] Time-out connecting to debugging client, waited: 200 ms. Tried: localhost:9003 (through xdebug.client_host/xdebug.client_port).
  2026-09-29 11:07:39 /api/storefront .......................................................................... ~ 6s
  Xdebug: [Step Debug] Time-out connecting to debugging client, waited: 200 ms. Tried: localhost:9003 (through xdebug.client_host/xdebug.client_port).
  2026-09-29 11:08:39 /api/storefront .......................................................................... ~ 6s
  Xdebug: [Step Debug] Time-out connecting to debugging client, waited: 200 ms. Tried: localhost:9003 (through xdebug.client_host/xdebug.client_port).
  2026-09-29 11:09:39 /api/storefront .......................................................................... ~ 6s
  Xdebug: [Step Debug] Time-out connecting to debugging client, waited: 200 ms. Tried: localhost:9003 (through xdebug.client_host/xdebug.client_port).
  2026-09-29 11:10:39 /api/storefront .......................................................................... ~ 6s
  Xdebug: [Step Debug] Time-out connecting to debugging client, waited: 200 ms. Tried: localhost:9003 (through xdebug.client_host/xdebug.client_port).
  2026-09-29 11:11:39 /api/storefront .......................................................................... ~ 6s
  Xdebug: [Step Debug] Time-out connecting to debugging client, waited: 200 ms. Tried: localhost:9003 (through xdebug.client_host/xdebug.client_port).
  2026-09-29 11:12:39 /api/storefront .......................................................................... ~ 6s
  Xdebug: [Step Debug] Time-out connecting to debugging client, waited: 200 ms. Tried: localhost:9003 (through xdebug.client_host/xdebug.client_port).
  2026-09-29 11:13:39 /api/storefront .......................................................................... ~ 6s
  Xdebug: [Step Debug] Time-out connecting to debugging client, waited: 200 ms. Tried: localhost:9003 (through xdebug.client_host/xdebug.client_port).
  2026-09-29 11:14:39 /api/storefront .......................................................................... ~ 6s
  Xdebug: [Step Debug] Time-out connecting to debugging client, waited: 200 ms. Tried: localhost:9003 (through xdebug.client_host/xdebug.client_port).
  2026-09-29 11:15:39 /api/storefront .......................................................................... ~ 6s
  Xdebug: [Step Debug] Time-out connecting to debugging client, waited: 200 ms. Tried: localhost:9003 (through xdebug.client_host/xdebug.client_port).
  2026-09-29 11:16:39 /api/storefront .......................................................................... ~ 6s
  Xdebug: [Step Debug] Time-out connecting to debugging client, waited: 200 ms. Tried: localhost:9003 (through xdebug.client_host/xdebug.client_port).
  2026-09-29 11:17:39 /api/storefront .......................................................................... ~ 6s
  Xdebug: [Step Debug] Time-out connecting to debugging client, waited: 200 ms. Tried: localhost:9003 (through xdebug.client_host/xdebug.client_port).
  2026-09-29 11:18:39 /api/storefront .......................................................................... ~ 6s
  Xdebug: [Step Debug] Time-out connecting to debugging client, waited: 200 ms. Tried: localhost:9003 (through xdebug.client_host/xdebug.client_port).
  2026-09-29 11:19:39 /api/storefront .......................................................................... ~ 6s
  Xdebug: [Step Debug] Time-out connecting to debugging client, waited: 200 ms. Tried: localhost:9003 (through xdebug.client_host/xdebug.client_port).
  2026-09-29 11:20:39 /api/storefront .......................................................................... ~ 6s
  Xdebug: [Step Debug] Time-out connecting to debugging client, waited: 200 ms. Tried: localhost:9003 (through xdebug.client_host/xdebug.client_port).
  2026-09-29 11:21:39 /api/storefront .......................................................................... ~ 6s
  Xdebug: [Step Debug] Time-out connecting to debugging client, waited: 200 ms. Tried: localhost:9003 (through xdebug.client_host/xdebug.client_port).
  2026-09-29 11:22:39 /api/storefront .......................................................................... ~ 5s
  Xdebug: [Step Debug] Time-out connecting to debugging client, waited: 200 ms. Tried: localhost:9003 (through xdebug.client_host/xdebug.client_port).
  2026-09-29 11:23:39 /api/storefront .......................................................................... ~ 6s
  Xdebug: [Step Debug] Time-out connecting to debugging client, waited: 200 ms. Tried: localhost:9003 (through xdebug.client_host/xdebug.client_port).
  2026-09-29 11:24:39 /api/storefront .......................................................................... ~ 6s
  Xdebug: [Step Debug] Time-out connecting to debugging client, waited: 200 ms. Tried: localhost:9003 (through xdebug.client_host/xdebug.client_port).
  2026-09-29 11:25:39 /api/storefront .......................................................................... ~ 6s
  Xdebug: [Step Debug] Time-out connecting to debugging client, waited: 200 ms. Tried: localhost:9003 (through xdebug.client_host/xdebug.client_port).
  2026-09-29 11:26:39 /api/storefront .......................................................................... ~ 6s
  Xdebug: [Step Debug] Time-out connecting to debugging client, waited: 200 ms. Tried: localhost:9003 (through xdebug.client_host/xdebug.client_port).
  2026-09-29 11:27:39 /api/storefront .......................................................................... ~ 6s
  Xdebug: [Step Debug] Time-out connecting to debugging client, waited: 200 ms. Tried: localhost:9003 (through xdebug.client_host/xdebug.client_port).
  2026-09-29 11:28:38 /api/storefront .......................................................................... ~ 7s
  Xdebug: [Step Debug] Time-out connecting to debugging client, waited: 200 ms. Tried: localhost:9003 (through xdebug.client_host/xdebug.client_port).
  2026-09-29 11:29:38 /api/storefront .......................................................................... ~ 6s
  Xdebug: [Step Debug] Time-out connecting to debugging client, waited: 200 ms. Tried: localhost:9003 (through xdebug.client_host/xdebug.client_port).
  2026-09-29 11:30:38 /api/storefront .......................................................................... ~ 6s
  Xdebug: [Step Debug] Time-out connecting to debugging client, waited: 200 ms. Tried: localhost:9003 (through xdebug.client_host/xdebug.client_port).
  2026-09-29 11:31:38 /api/storefront .......................................................................... ~ 6s
  Xdebug: [Step Debug] Time-out connecting to debugging client, waited: 200 ms. Tried: localhost:9003 (through xdebug.client_host/xdebug.client_port).
  2026-09-29 11:32:38 /api/storefront .......................................................................... ~ 6s
  Xdebug: [Step Debug] Time-out connecting to debugging client, waited: 200 ms. Tried: localhost:9003 (through xdebug.client_host/xdebug.client_port).
  2026-09-29 11:33:38 /api/storefront .......................................................................... ~ 6s
  Xdebug: [Step Debug] Time-out connecting to debugging client, waited: 200 ms. Tried: localhost:9003 (through xdebug.client_host/xdebug.client_port).
  2026-09-29 11:34:38 /api/storefront .......................................................................... ~ 6s
  Xdebug: [Step Debug] Time-out connecting to debugging client, waited: 200 ms. Tried: localhost:9003 (through xdebug.client_host/xdebug.client_port).
  2026-09-29 11:35:38 /api/storefront .......................................................................... ~ 6s
  Xdebug: [Step Debug] Time-out connecting to debugging client, waited: 200 ms. Tried: localhost:9003 (through xdebug.client_host/xdebug.client_port).
  2026-09-29 11:36:38 /api/storefront .......................................................................... ~ 6s
  Xdebug: [Step Debug] Time-out connecting to debugging client, waited: 200 ms. Tried: localhost:9003 (through xdebug.client_host/xdebug.client_port).
  2026-09-29 11:37:38 /api/storefront .......................................................................... ~ 6s
  Xdebug: [Step Debug] Time-out connecting to debugging client, waited: 200 ms. Tried: localhost:9003 (through xdebug.client_host/xdebug.client_port).
  2026-09-29 11:38:38 /api/storefront .......................................................................... ~ 6s
  Xdebug: [Step Debug] Time-out connecting to debugging client, waited: 200 ms. Tried: localhost:9003 (through xdebug.client_host/xdebug.client_port).
  2026-09-29 11:39:38 /api/storefront .......................................................................... ~ 6s
  Xdebug: [Step Debug] Time-out connecting to debugging client, waited: 200 ms. Tried: localhost:9003 (through xdebug.client_host/xdebug.client_port).
  2026-09-29 11:40:38 /api/storefront .......................................................................... ~ 7s
  Xdebug: [Step Debug] Time-out connecting to debugging client, waited: 200 ms. Tried: localhost:9003 (through xdebug.client_host/xdebug.client_port).
  2026-09-29 11:41:38 /api/storefront .......................................................................... ~ 6s
  Xdebug: [Step Debug] Time-out connecting to debugging client, waited: 200 ms. Tried: localhost:9003 (through xdebug.client_host/xdebug.client_port).
  2026-09-29 11:42:38 /api/storefront .......................................................................... ~ 6s
  Xdebug: [Step Debug] Time-out connecting to debugging client, waited: 200 ms. Tried: localhost:9003 (through xdebug.client_host/xdebug.client_port).
  2026-09-29 11:43:38 /api/storefront .......................................................................... ~ 6s
  Xdebug: [Step Debug] Time-out connecting to debugging client, waited: 200 ms. Tried: localhost:9003 (through xdebug.client_host/xdebug.client_port).
  2026-09-29 11:44:38 /api/storefront .......................................................................... ~ 6s
  Xdebug: [Step Debug] Time-out connecting to debugging client, waited: 200 ms. Tried: localhost:9003 (through xdebug.client_host/xdebug.client_port).
  2026-09-29 11:45:38 /api/storefront .......................................................................... ~ 6s
  Xdebug: [Step Debug] Time-out connecting to debugging client, waited: 200 ms. Tried: localhost:9003 (through xdebug.client_host/xdebug.client_port).
  2026-09-29 11:46:38 /api/storefront .......................................................................... ~ 6s
  Xdebug: [Step Debug] Time-out connecting to debugging client, waited: 200 ms. Tried: localhost:9003 (through xdebug.client_host/xdebug.client_port).
  2026-09-29 11:47:38 /api/storefront .......................................................................... ~ 6s
  Xdebug: [Step Debug] Time-out connecting to debugging client, waited: 200 ms. Tried: localhost:9003 (through xdebug.client_host/xdebug.client_port).
  2026-09-29 11:48:38 /api/storefront .......................................................................... ~ 6s
  Xdebug: [Step Debug] Time-out connecting to debugging client, waited: 200 ms. Tried: localhost:9003 (through xdebug.client_host/xdebug.client_port).
  2026-09-29 11:49:38 /api/storefront .......................................................................... ~ 6s
  Xdebug: [Step Debug] Time-out connecting to debugging client, waited: 200 ms. Tried: localhost:9003 (through xdebug.client_host/xdebug.client_port).
  2026-09-29 11:50:38 /api/storefront .......................................................................... ~ 6s
  Xdebug: [Step Debug] Time-out connecting to debugging client, waited: 200 ms. Tried: localhost:9003 (through xdebug.client_host/xdebug.client_port).
  2026-09-29 11:51:38 /api/storefront .......................................................................... ~ 6s
  Xdebug: [Step Debug] Time-out connecting to debugging client, waited: 200 ms. Tried: localhost:9003 (through xdebug.client_host/xdebug.client_port).
  2026-09-29 11:52:38 /api/storefront .......................................................................... ~ 6s
  Xdebug: [Step Debug] Time-out connecting to debugging client, waited: 200 ms. Tried: localhost:9003 (through xdebug.client_host/xdebug.client_port).
  2026-09-29 11:53:38 /api/storefront .......................................................................... ~ 6s
  Xdebug: [Step Debug] Time-out connecting to debugging client, waited: 200 ms. Tried: localhost:9003 (through xdebug.client_host/xdebug.client_port).
  2026-09-29 11:54:38 /api/storefront .......................................................................... ~ 6s
  Xdebug: [Step Debug] Time-out connecting to debugging client, waited: 200 ms. Tried: localhost:9003 (through xdebug.client_host/xdebug.client_port).
  2026-09-29 11:55:38 /api/storefront .......................................................................... ~ 6s
  Xdebug: [Step Debug] Time-out connecting to debugging client, waited: 200 ms. Tried: localhost:9003 (through xdebug.client_host/xdebug.client_port).
  2026-09-29 11:56:38 /api/storefront .......................................................................... ~ 6s
  Xdebug: [Step Debug] Time-out connecting to debugging client, waited: 200 ms. Tried: localhost:9003 (through xdebug.client_host/xdebug.client_port).
  2026-09-29 11:57:38 /api/storefront .......................................................................... ~ 6s
  Xdebug: [Step Debug] Time-out connecting to debugging client, waited: 200 ms. Tried: localhost:9003 (through xdebug.client_host/xdebug.client_port).
  2026-09-29 11:58:38 /api/storefront .......................................................................... ~ 6s
  Xdebug: [Step Debug] Time-out connecting to debugging client, waited: 200 ms. Tried: localhost:9003 (through xdebug.client_host/xdebug.client_port).
  2026-09-29 11:59:38 /api/storefront .......................................................................... ~ 6s
  Xdebug: [Step Debug] Time-out connecting to debugging client, waited: 200 ms. Tried: localhost:9003 (through xdebug.client_host/xdebug.client_port).
  2026-09-29 12:00:38 /api/storefront .......................................................................... ~ 6s
  Xdebug: [Step Debug] Time-out connecting to debugging client, waited: 200 ms. Tried: localhost:9003 (through xdebug.client_host/xdebug.client_port).
  2026-09-29 12:01:38 /api/storefront .......................................................................... ~ 6s
  Xdebug: [Step Debug] Time-out connecting to debugging client, waited: 200 ms. Tried: localhost:9003 (through xdebug.client_host/xdebug.client_port).
  2026-09-29 12:02:38 /api/storefront .......................................................................... ~ 6s
  Xdebug: [Step Debug] Time-out connecting to debugging client, waited: 200 ms. Tried: localhost:9003 (through xdebug.client_host/xdebug.client_port).
  2026-09-29 12:03:38 /api/storefront .......................................................................... ~ 6s
  Xdebug: [Step Debug] Time-out connecting to debugging client, waited: 200 ms. Tried: localhost:9003 (through xdebug.client_host/xdebug.client_port).
  2026-09-29 12:04:38 /api/storefront .......................................................................... ~ 6s
  Xdebug: [Step Debug] Time-out connecting to debugging client, waited: 200 ms. Tried: localhost:9003 (through xdebug.client_host/xdebug.client_port).
  2026-09-29 12:05:38 /api/storefront .......................................................................... ~ 6s
  Xdebug: [Step Debug] Time-out connecting to debugging client, waited: 200 ms. Tried: localhost:9003 (through xdebug.client_host/xdebug.client_port).
  2026-09-29 12:06:38 /api/storefront .......................................................................... ~ 6s
  Xdebug: [Step Debug] Time-out connecting to debugging client, waited: 200 ms. Tried: localhost:9003 (through xdebug.client_host/xdebug.client_port).
  2026-09-29 12:07:38 /api/storefront .......................................................................... ~ 6s
  Xdebug: [Step Debug] Time-out connecting to debugging client, waited: 200 ms. Tried: localhost:9003 (through xdebug.client_host/xdebug.client_port).
  2026-09-29 12:08:38 /api/storefront .......................................................................... ~ 6s
  Xdebug: [Step Debug] Time-out connecting to debugging client, waited: 200 ms. Tried: localhost:9003 (through xdebug.client_host/xdebug.client_port).
  2026-09-29 12:09:38 /api/storefront .......................................................................... ~ 6s
  Xdebug: [Step Debug] Time-out connecting to debugging client, waited: 200 ms. Tried: localhost:9003 (through xdebug.client_host/xdebug.client_port).
  2026-09-29 12:10:38 /api/storefront .......................................................................... ~ 6s
  Xdebug: [Step Debug] Time-out connecting to debugging client, waited: 200 ms. Tried: localhost:9003 (through xdebug.client_host/xdebug.client_port).
  2026-09-29 12:11:38 /api/storefront .......................................................................... ~ 6s
  Xdebug: [Step Debug] Time-out connecting to debugging client, waited: 200 ms. Tried: localhost:9003 (through xdebug.client_host/xdebug.client_port).
  2026-09-29 12:12:38 /api/storefront .......................................................................... ~ 6s
  Xdebug: [Step Debug] Time-out connecting to debugging client, waited: 200 ms. Tried: localhost:9003 (through xdebug.client_host/xdebug.client_port).
  2026-09-29 12:13:38 /api/storefront .......................................................................... ~ 6s
  Xdebug: [Step Debug] Time-out connecting to debugging client, waited: 200 ms. Tried: localhost:9003 (through xdebug.client_host/xdebug.client_port).
  2026-09-29 12:14:38 /api/storefront .......................................................................... ~ 6s
  Xdebug: [Step Debug] Time-out connecting to debugging client, waited: 200 ms. Tried: localhost:9003 (through xdebug.client_host/xdebug.client_port).
  2026-09-29 12:15:38 /api/storefront .......................................................................... ~ 6s
  Xdebug: [Step Debug] Time-out connecting to debugging client, waited: 200 ms. Tried: localhost:9003 (through xdebug.client_host/xdebug.client_port).
  2026-09-29 12:16:38 /api/storefront .......................................................................... ~ 6s
  Xdebug: [Step Debug] Time-out connecting to debugging client, waited: 200 ms. Tried: localhost:9003 (through xdebug.client_host/xdebug.client_port).
  2026-09-29 12:17:38 /api/storefront .......................................................................... ~ 6s
  Xdebug: [Step Debug] Time-out connecting to debugging client, waited: 200 ms. Tried: localhost:9003 (through xdebug.client_host/xdebug.client_port).
  2026-09-29 12:18:38 /api/storefront .......................................................................... ~ 6s
  Xdebug: [Step Debug] Time-out connecting to debugging client, waited: 200 ms. Tried: localhost:9003 (through xdebug.client_host/xdebug.client_port).
  2026-09-29 12:19:38 /api/storefront .......................................................................... ~ 6s
  Xdebug: [Step Debug] Time-out connecting to debugging client, waited: 200 ms. Tried: localhost:9003 (through xdebug.client_host/xdebug.client_port).
  2026-09-29 12:20:38 /api/storefront .......................................................................... ~ 6s
  Xdebug: [Step Debug] Time-out connecting to debugging client, waited: 200 ms. Tried: localhost:9003 (through xdebug.client_host/xdebug.client_port).
  2026-09-29 12:21:38 /api/storefront .......................................................................... ~ 6s
  Xdebug: [Step Debug] Time-out connecting to debugging client, waited: 200 ms. Tried: localhost:9003 (through xdebug.client_host/xdebug.client_port).
  2026-09-29 12:22:38 /api/storefront .......................................................................... ~ 6s
  Xdebug: [Step Debug] Time-out connecting to debugging client, waited: 200 ms. Tried: localhost:9003 (through xdebug.client_host/xdebug.client_port).
  2026-09-29 12:23:38 /api/storefront .......................................................................... ~ 6s
  Xdebug: [Step Debug] Time-out connecting to debugging client, waited: 200 ms. Tried: localhost:9003 (through xdebug.client_host/xdebug.client_port).
  2026-09-29 12:24:38 /api/storefront .......................................................................... ~ 6s
  Xdebug: [Step Debug] Time-out connecting to debugging client, waited: 200 ms. Tried: localhost:9003 (through xdebug.client_host/xdebug.client_port).
  2026-09-29 12:25:38 /api/storefront .......................................................................... ~ 6s
  Xdebug: [Step Debug] Time-out connecting to debugging client, waited: 200 ms. Tried: localhost:9003 (through xdebug.client_host/xdebug.client_port).
  2026-09-29 12:26:38 /api/storefront .......................................................................... ~ 6s
  Xdebug: [Step Debug] Time-out connecting to debugging client, waited: 200 ms. Tried: localhost:9003 (through xdebug.client_host/xdebug.client_port).
  2026-09-29 12:27:38 /api/storefront .......................................................................... ~ 6s
  Xdebug: [Step Debug] Time-out connecting to debugging client, waited: 200 ms. Tried: localhost:9003 (through xdebug.client_host/xdebug.client_port).
  2026-09-29 12:28:38 /api/storefront .......................................................................... ~ 6s
  Xdebug: [Step Debug] Time-out connecting to debugging client, waited: 200 ms. Tried: localhost:9003 (through xdebug.client_host/xdebug.client_port).
  2026-09-29 12:29:38 /api/storefront .......................................................................... ~ 6s
  Xdebug: [Step Debug] Time-out connecting to debugging client, waited: 200 ms. Tried: localhost:9003 (through xdebug.client_host/xdebug.client_port).
  2026-09-29 12:30:38 /api/storefront .......................................................................... ~ 6s
  Xdebug: [Step Debug] Time-out connecting to debugging client, waited: 200 ms. Tried: localhost:9003 (through xdebug.client_host/xdebug.client_port).
  2026-09-29 12:31:38 /api/storefront .......................................................................... ~ 6s
  Xdebug: [Step Debug] Time-out connecting to debugging client, waited: 200 ms. Tried: localhost:9003 (through xdebug.client_host/xdebug.client_port).
  2026-09-29 12:32:38 /api/storefront .......................................................................... ~ 6s
  Xdebug: [Step Debug] Time-out connecting to debugging client, waited: 200 ms. Tried: localhost:9003 (through xdebug.client_host/xdebug.client_port).
  2026-09-29 12:33:38 /api/storefront .......................................................................... ~ 6s
  Xdebug: [Step Debug] Time-out connecting to debugging client, waited: 200 ms. Tried: localhost:9003 (through xdebug.client_host/xdebug.client_port).
  2026-09-29 12:34:38 /api/storefront .......................................................................... ~ 6s
  Xdebug: [Step Debug] Time-out connecting to debugging client, waited: 200 ms. Tried: localhost:9003 (through xdebug.client_host/xdebug.client_port).
  2026-09-29 12:35:38 /api/storefront .......................................................................... ~ 6s
  Xdebug: [Step Debug] Time-out connecting to debugging client, waited: 200 ms. Tried: localhost:9003 (through xdebug.client_host/xdebug.client_port).
  2026-09-29 12:36:38 /api/storefront .......................................................................... ~ 6s
  Xdebug: [Step Debug] Time-out connecting to debugging client, waited: 200 ms. Tried: localhost:9003 (through xdebug.client_host/xdebug.client_port).
  2026-09-29 12:37:38 /api/storefront .......................................................................... ~ 6s
  Xdebug: [Step Debug] Time-out connecting to debugging client, waited: 200 ms. Tried: localhost:9003 (through xdebug.client_host/xdebug.client_port).
  2026-09-29 12:38:38 /api/storefront .......................................................................... ~ 6s
  Xdebug: [Step Debug] Time-out connecting to debugging client, waited: 200 ms. Tried: localhost:9003 (through xdebug.client_host/xdebug.client_port).
  2026-09-29 12:39:38 /api/storefront .......................................................................... ~ 6s
  Xdebug: [Step Debug] Time-out connecting to debugging client, waited: 200 ms. Tried: localhost:9003 (through xdebug.client_host/xdebug.client_port).
  2026-09-29 12:40:38 /api/storefront .......................................................................... ~ 6s
  Xdebug: [Step Debug] Time-out connecting to debugging client, waited: 200 ms. Tried: localhost:9003 (through xdebug.client_host/xdebug.client_port).
  2026-09-29 12:41:38 /api/storefront .......................................................................... ~ 7s
  Xdebug: [Step Debug] Time-out connecting to debugging client, waited: 200 ms. Tried: localhost:9003 (through xdebug.client_host/xdebug.client_port).
  2026-09-29 12:42:38 /api/storefront .......................................................................... ~ 6s
  Xdebug: [Step Debug] Time-out connecting to debugging client, waited: 200 ms. Tried: localhost:9003 (through xdebug.client_host/xdebug.client_port).
  2026-09-29 12:43:38 /api/storefront .......................................................................... ~ 6s
  Xdebug: [Step Debug] Time-out connecting to debugging client, waited: 200 ms. Tried: localhost:9003 (through xdebug.client_host/xdebug.client_port).
  2026-09-29 12:44:38 /api/storefront .......................................................................... ~ 6s
  Xdebug: [Step Debug] Time-out connecting to debugging client, waited: 200 ms. Tried: localhost:9003 (through xdebug.client_host/xdebug.client_port).
  2026-09-29 12:45:38 /api/storefront .......................................................................... ~ 6s
  Xdebug: [Step Debug] Time-out connecting to debugging client, waited: 200 ms. Tried: localhost:9003 (through xdebug.client_host/xdebug.client_port).
  2026-09-29 12:46:38 /api/storefront .......................................................................... ~ 6s
  Xdebug: [Step Debug] Time-out connecting to debugging client, waited: 200 ms. Tried: localhost:9003 (through xdebug.client_host/xdebug.client_port).
  2026-09-29 12:47:38 /api/storefront .......................................................................... ~ 6s
  Xdebug: [Step Debug] Time-out connecting to debugging client, waited: 200 ms. Tried: localhost:9003 (through xdebug.client_host/xdebug.client_port).
  2026-09-29 12:48:38 /api/storefront .......................................................................... ~ 6s
  Xdebug: [Step Debug] Time-out connecting to debugging client, waited: 200 ms. Tried: localhost:9003 (through xdebug.client_host/xdebug.client_port).
  2026-09-29 12:49:38 /api/storefront .......................................................................... ~ 6s
  Xdebug: [Step Debug] Time-out connecting to debugging client, waited: 200 ms. Tried: localhost:9003 (through xdebug.client_host/xdebug.client_port).
  2026-09-29 12:50:38 /api/storefront .......................................................................... ~ 6s
  Xdebug: [Step Debug] Time-out connecting to debugging client, waited: 200 ms. Tried: localhost:9003 (through xdebug.client_host/xdebug.client_port).
  2026-09-29 12:51:38 /api/storefront .......................................................................... ~ 6s
  Xdebug: [Step Debug] Time-out connecting to debugging client, waited: 200 ms. Tried: localhost:9003 (through xdebug.client_host/xdebug.client_port).
  2026-09-29 12:52:38 /api/storefront .......................................................................... ~ 6s
  Xdebug: [Step Debug] Time-out connecting to debugging client, waited: 200 ms. Tried: localhost:9003 (through xdebug.client_host/xdebug.client_port).
  2026-09-29 12:53:38 /api/storefront .......................................................................... ~ 6s
  Xdebug: [Step Debug] Time-out connecting to debugging client, waited: 200 ms. Tried: localhost:9003 (through xdebug.client_host/xdebug.client_port).
  2026-09-29 12:54:38 /api/storefront .......................................................................... ~ 6s
  Xdebug: [Step Debug] Time-out connecting to debugging client, waited: 200 ms. Tried: localhost:9003 (through xdebug.client_host/xdebug.client_port).
  2026-09-29 12:55:38 /api/storefront .......................................................................... ~ 6s
  Xdebug: [Step Debug] Time-out connecting to debugging client, waited: 200 ms. Tried: localhost:9003 (through xdebug.client_host/xdebug.client_port).
  2026-09-29 12:56:38 /api/storefront .......................................................................... ~ 6s
  Xdebug: [Step Debug] Time-out connecting to debugging client, waited: 200 ms. Tried: localhost:9003 (through xdebug.client_host/xdebug.client_port).
  2026-09-29 12:57:38 /api/storefront .......................................................................... ~ 6s
  Xdebug: [Step Debug] Time-out connecting to debugging client, waited: 200 ms. Tried: localhost:9003 (through xdebug.client_host/xdebug.client_port).
  2026-09-29 12:58:38 /api/storefront .......................................................................... ~ 6s
  Xdebug: [Step Debug] Time-out connecting to debugging client, waited: 200 ms. Tried: localhost:9003 (through xdebug.client_host/xdebug.client_port).
  2026-09-29 12:59:38 /api/storefront .......................................................................... ~ 6s
  Xdebug: [Step Debug] Time-out connecting to debugging client, waited: 200 ms. Tried: localhost:9003 (through xdebug.client_host/xdebug.client_port).
  2026-09-29 13:00:38 /api/storefront .......................................................................... ~ 6s
  Xdebug: [Step Debug] Time-out connecting to debugging client, waited: 200 ms. Tried: localhost:9003 (through xdebug.client_host/xdebug.client_port).
  2026-09-29 13:01:38 /api/storefront .......................................................................... ~ 6s
  Xdebug: [Step Debug] Time-out connecting to debugging client, waited: 200 ms. Tried: localhost:9003 (through xdebug.client_host/xdebug.client_port).
  2026-09-29 13:02:38 /api/storefront .......................................................................... ~ 6s
  Xdebug: [Step Debug] Time-out connecting to debugging client, waited: 200 ms. Tried: localhost:9003 (through xdebug.client_host/xdebug.client_port).
  2026-09-29 13:03:38 /api/storefront .......................................................................... ~ 6s
  Xdebug: [Step Debug] Time-out connecting to debugging client, waited: 200 ms. Tried: localhost:9003 (through xdebug.client_host/xdebug.client_port).
  2026-09-29 13:04:38 /api/storefront .......................................................................... ~ 6s
  Xdebug: [Step Debug] Time-out connecting to debugging client, waited: 200 ms. Tried: localhost:9003 (through xdebug.client_host/xdebug.client_port).
  2026-09-29 13:05:38 /api/storefront .......................................................................... ~ 6s
  Xdebug: [Step Debug] Time-out connecting to debugging client, waited: 200 ms. Tried: localhost:9003 (through xdebug.client_host/xdebug.client_port).
  2026-09-29 13:06:38 /api/storefront .......................................................................... ~ 6s
  Xdebug: [Step Debug] Time-out connecting to debugging client, waited: 200 ms. Tried: localhost:9003 (through xdebug.client_host/xdebug.client_port).
  2026-09-29 13:07:38 /api/storefront .......................................................................... ~ 6s
  Xdebug: [Step Debug] Time-out connecting to debugging client, waited: 200 ms. Tried: localhost:9003 (through xdebug.client_host/xdebug.client_port).
  2026-09-29 13:08:38 /api/storefront .......................................................................... ~ 6s
  Xdebug: [Step Debug] Time-out connecting to debugging client, waited: 200 ms. Tried: localhost:9003 (through xdebug.client_host/xdebug.client_port).
  2026-09-29 13:09:38 /api/storefront .......................................................................... ~ 6s
  Xdebug: [Step Debug] Time-out connecting to debugging client, waited: 200 ms. Tried: localhost:9003 (through xdebug.client_host/xdebug.client_port).
  2026-09-29 13:10:38 /api/storefront .......................................................................... ~ 6s
  Xdebug: [Step Debug] Time-out connecting to debugging client, waited: 200 ms. Tried: localhost:9003 (through xdebug.client_host/xdebug.client_port).
  2026-09-29 13:11:38 /api/storefront .......................................................................... ~ 6s
  Xdebug: [Step Debug] Time-out connecting to debugging client, waited: 200 ms. Tried: localhost:9003 (through xdebug.client_host/xdebug.client_port).
  2026-09-29 13:12:38 /api/storefront .......................................................................... ~ 6s
  Xdebug: [Step Debug] Time-out connecting to debugging client, waited: 200 ms. Tried: localhost:9003 (through xdebug.client_host/xdebug.client_port).
  2026-09-29 13:13:38 /api/storefront .......................................................................... ~ 6s
  Xdebug: [Step Debug] Time-out connecting to debugging client, waited: 200 ms. Tried: localhost:9003 (through xdebug.client_host/xdebug.client_port).
  2026-09-29 13:14:38 /api/storefront .......................................................................... ~ 6s
  Xdebug: [Step Debug] Time-out connecting to debugging client, waited: 200 ms. Tried: localhost:9003 (through xdebug.client_host/xdebug.client_port).
  2026-09-29 13:15:38 /api/storefront .......................................................................... ~ 6s
  Xdebug: [Step Debug] Time-out connecting to debugging client, waited: 200 ms. Tried: localhost:9003 (through xdebug.client_host/xdebug.client_port).
  2026-09-29 13:16:38 /api/storefront .......................................................................... ~ 6s
  Xdebug: [Step Debug] Time-out connecting to debugging client, waited: 200 ms. Tried: localhost:9003 (through xdebug.client_host/xdebug.client_port).
  2026-09-29 13:17:38 /api/storefront .......................................................................... ~ 6s
  Xdebug: [Step Debug] Time-out connecting to debugging client, waited: 200 ms. Tried: localhost:9003 (through xdebug.client_host/xdebug.client_port).
  2026-09-29 13:18:38 /api/storefront .......................................................................... ~ 6s
  Xdebug: [Step Debug] Time-out connecting to debugging client, waited: 200 ms. Tried: localhost:9003 (through xdebug.client_host/xdebug.client_port).
  2026-09-29 13:19:38 /api/storefront .......................................................................... ~ 6s
  Xdebug: [Step Debug] Time-out connecting to debugging client, waited: 200 ms. Tried: localhost:9003 (through xdebug.client_host/xdebug.client_port).
  2026-09-29 13:20:38 /api/storefront .......................................................................... ~ 6s
  Xdebug: [Step Debug] Time-out connecting to debugging client, waited: 200 ms. Tried: localhost:9003 (through xdebug.client_host/xdebug.client_port).
  2026-09-29 13:21:38 /api/storefront .......................................................................... ~ 6s
  Xdebug: [Step Debug] Time-out connecting to debugging client, waited: 200 ms. Tried: localhost:9003 (through xdebug.client_host/xdebug.client_port).
  2026-09-29 13:22:38 /api/storefront .......................................................................... ~ 6s
  Xdebug: [Step Debug] Time-out connecting to debugging client, waited: 200 ms. Tried: localhost:9003 (through xdebug.client_host/xdebug.client_port).
  2026-09-29 13:23:38 /api/storefront .......................................................................... ~ 6s
  Xdebug: [Step Debug] Time-out connecting to debugging client, waited: 200 ms. Tried: localhost:9003 (through xdebug.client_host/xdebug.client_port).
  2026-09-29 13:24:38 /api/storefront .......................................................................... ~ 6s
  Xdebug: [Step Debug] Time-out connecting to debugging client, waited: 200 ms. Tried: localhost:9003 (through xdebug.client_host/xdebug.client_port).
  2026-09-29 13:25:38 /api/storefront .......................................................................... ~ 6s
  Xdebug: [Step Debug] Time-out connecting to debugging client, waited: 200 ms. Tried: localhost:9003 (through xdebug.client_host/xdebug.client_port).
  2026-09-29 13:26:38 /api/storefront .......................................................................... ~ 6s
  Xdebug: [Step Debug] Time-out connecting to debugging client, waited: 200 ms. Tried: localhost:9003 (through xdebug.client_host/xdebug.client_port).
  2026-09-29 13:27:38 /api/storefront .......................................................................... ~ 6s
  Xdebug: [Step Debug] Time-out connecting to debugging client, waited: 200 ms. Tried: localhost:9003 (through xdebug.client_host/xdebug.client_port).
  2026-09-29 13:28:38 /api/storefront .......................................................................... ~ 6s
  Xdebug: [Step Debug] Time-out connecting to debugging client, waited: 200 ms. Tried: localhost:9003 (through xdebug.client_host/xdebug.client_port).
  2026-09-29 13:29:38 /api/storefront .......................................................................... ~ 6s
  Xdebug: [Step Debug] Time-out connecting to debugging client, waited: 200 ms. Tried: localhost:9003 (through xdebug.client_host/xdebug.client_port).
  2026-09-29 13:30:38 /api/storefront .......................................................................... ~ 6s
  Xdebug: [Step Debug] Time-out connecting to debugging client, waited: 200 ms. Tried: localhost:9003 (through xdebug.client_host/xdebug.client_port).
  2026-09-29 13:31:38 /api/storefront .......................................................................... ~ 6s
  Xdebug: [Step Debug] Time-out connecting to debugging client, waited: 200 ms. Tried: localhost:9003 (through xdebug.client_host/xdebug.client_port).
  2026-09-29 13:32:38 /api/storefront .......................................................................... ~ 6s
  Xdebug: [Step Debug] Time-out connecting to debugging client, waited: 200 ms. Tried: localhost:9003 (through xdebug.client_host/xdebug.client_port).
  2026-09-29 13:33:38 /api/storefront .......................................................................... ~ 6s
  Xdebug: [Step Debug] Time-out connecting to debugging client, waited: 200 ms. Tried: localhost:9003 (through xdebug.client_host/xdebug.client_port).
  2026-09-29 13:34:38 /api/storefront .......................................................................... ~ 6s
  Xdebug: [Step Debug] Time-out connecting to debugging client, waited: 200 ms. Tried: localhost:9003 (through xdebug.client_host/xdebug.client_port).
  2026-09-29 13:35:38 /api/storefront .......................................................................... ~ 6s
  Xdebug: [Step Debug] Time-out connecting to debugging client, waited: 200 ms. Tried: localhost:9003 (through xdebug.client_host/xdebug.client_port).
  2026-09-29 13:36:38 /api/storefront .......................................................................... ~ 6s
  Xdebug: [Step Debug] Time-out connecting to debugging client, waited: 200 ms. Tried: localhost:9003 (through xdebug.client_host/xdebug.client_port).
  2026-09-29 13:37:38 /api/storefront .......................................................................... ~ 6s
  Xdebug: [Step Debug] Time-out connecting to debugging client, waited: 200 ms. Tried: localhost:9003 (through xdebug.client_host/xdebug.client_port).
  2026-09-29 13:38:38 /api/storefront .......................................................................... ~ 6s
  Xdebug: [Step Debug] Time-out connecting to debugging client, waited: 200 ms. Tried: localhost:9003 (through xdebug.client_host/xdebug.client_port).
  2026-09-29 13:39:38 /api/storefront .......................................................................... ~ 6s
  Xdebug: [Step Debug] Time-out connecting to debugging client, waited: 200 ms. Tried: localhost:9003 (through xdebug.client_host/xdebug.client_port).
  2026-09-29 13:40:38 /api/storefront .......................................................................... ~ 6s
  Xdebug: [Step Debug] Time-out connecting to debugging client, waited: 200 ms. Tried: localhost:9003 (through xdebug.client_host/xdebug.client_port).
  2026-09-29 13:41:38 /api/storefront .......................................................................... ~ 6s
  Xdebug: [Step Debug] Time-out connecting to debugging client, waited: 200 ms. Tried: localhost:9003 (through xdebug.client_host/xdebug.client_port).
  2026-09-29 13:42:38 /api/storefront .......................................................................... ~ 6s
  Xdebug: [Step Debug] Time-out connecting to debugging client, waited: 200 ms. Tried: localhost:9003 (through xdebug.client_host/xdebug.client_port).
  2026-09-29 13:43:38 /api/storefront .......................................................................... ~ 6s
  Xdebug: [Step Debug] Time-out connecting to debugging client, waited: 200 ms. Tried: localhost:9003 (through xdebug.client_host/xdebug.client_port).
  2026-09-29 13:44:38 /api/storefront .......................................................................... ~ 6s
  Xdebug: [Step Debug] Time-out connecting to debugging client, waited: 200 ms. Tried: localhost:9003 (through xdebug.client_host/xdebug.client_port).
  2026-09-29 13:45:38 /api/storefront .......................................................................... ~ 6s
  Xdebug: [Step Debug] Time-out connecting to debugging client, waited: 200 ms. Tried: localhost:9003 (through xdebug.client_host/xdebug.client_port).
  2026-09-29 13:46:38 /api/storefront .......................................................................... ~ 6s
  Xdebug: [Step Debug] Time-out connecting to debugging client, waited: 200 ms. Tried: localhost:9003 (through xdebug.client_host/xdebug.client_port).
  2026-09-29 13:47:38 /api/storefront .......................................................................... ~ 6s
  Xdebug: [Step Debug] Time-out connecting to debugging client, waited: 200 ms. Tried: localhost:9003 (through xdebug.client_host/xdebug.client_port).
  2026-09-29 13:48:38 /api/storefront .......................................................................... ~ 6s
  Xdebug: [Step Debug] Time-out connecting to debugging client, waited: 200 ms. Tried: localhost:9003 (through xdebug.client_host/xdebug.client_port).
  2026-09-29 13:49:38 /api/storefront .......................................................................... ~ 6s
  Xdebug: [Step Debug] Time-out connecting to debugging client, waited: 200 ms. Tried: localhost:9003 (through xdebug.client_host/xdebug.client_port).
  2026-09-29 13:50:38 /api/storefront .......................................................................... ~ 6s
  Xdebug: [Step Debug] Time-out connecting to debugging client, waited: 200 ms. Tried: localhost:9003 (through xdebug.client_host/xdebug.client_port).
  2026-09-29 13:51:38 /api/storefront .......................................................................... ~ 6s
  Xdebug: [Step Debug] Time-out connecting to debugging client, waited: 200 ms. Tried: localhost:9003 (through xdebug.client_host/xdebug.client_port).
  2026-09-29 13:52:38 /api/storefront .......................................................................... ~ 6s
  Xdebug: [Step Debug] Time-out connecting to debugging client, waited: 200 ms. Tried: localhost:9003 (through xdebug.client_host/xdebug.client_port).
  2026-09-29 13:53:38 /api/storefront .......................................................................... ~ 6s
  Xdebug: [Step Debug] Time-out connecting to debugging client, waited: 200 ms. Tried: localhost:9003 (through xdebug.client_host/xdebug.client_port).
  2026-09-29 13:54:38 /api/storefront .......................................................................... ~ 6s
  Xdebug: [Step Debug] Time-out connecting to debugging client, waited: 200 ms. Tried: localhost:9003 (through xdebug.client_host/xdebug.client_port).
  2026-09-29 13:55:38 /api/storefront .......................................................................... ~ 6s
  Xdebug: [Step Debug] Time-out connecting to debugging client, waited: 200 ms. Tried: localhost:9003 (through xdebug.client_host/xdebug.client_port).
  2026-09-29 13:56:38 /api/storefront .......................................................................... ~ 6s
  Xdebug: [Step Debug] Time-out connecting to debugging client, waited: 200 ms. Tried: localhost:9003 (through xdebug.client_host/xdebug.client_port).
  2026-09-29 13:57:38 /api/storefront .......................................................................... ~ 6s
  Xdebug: [Step Debug] Time-out connecting to debugging client, waited: 200 ms. Tried: localhost:9003 (through xdebug.client_host/xdebug.client_port).
  2026-09-29 13:58:38 /api/storefront .......................................................................... ~ 6s
  Xdebug: [Step Debug] Time-out connecting to debugging client, waited: 200 ms. Tried: localhost:9003 (through xdebug.client_host/xdebug.client_port).
  2026-09-29 13:59:38 /api/storefront .......................................................................... ~ 6s
  Xdebug: [Step Debug] Time-out connecting to debugging client, waited: 200 ms. Tried: localhost:9003 (through xdebug.client_host/xdebug.client_port).
  2026-09-29 14:00:38 /api/storefront .......................................................................... ~ 6s
  Xdebug: [Step Debug] Time-out connecting to debugging client, waited: 200 ms. Tried: localhost:9003 (through xdebug.client_host/xdebug.client_port).
  2026-09-29 14:01:38 /api/storefront .......................................................................... ~ 6s
  Xdebug: [Step Debug] Time-out connecting to debugging client, waited: 200 ms. Tried: localhost:9003 (through xdebug.client_host/xdebug.client_port).
  2026-09-29 14:02:38 /api/storefront .......................................................................... ~ 6s
  Xdebug: [Step Debug] Time-out connecting to debugging client, waited: 200 ms. Tried: localhost:9003 (through xdebug.client_host/xdebug.client_port).
  2026-09-29 14:03:38 /api/storefront .......................................................................... ~ 6s
  Xdebug: [Step Debug] Time-out connecting to debugging client, waited: 200 ms. Tried: localhost:9003 (through xdebug.client_host/xdebug.client_port).
  2026-09-29 14:04:38 /api/storefront .......................................................................... ~ 6s
  Xdebug: [Step Debug] Time-out connecting to debugging client, waited: 200 ms. Tried: localhost:9003 (through xdebug.client_host/xdebug.client_port).
  2026-09-29 14:05:38 /api/storefront .......................................................................... ~ 6s
  Xdebug: [Step Debug] Time-out connecting to debugging client, waited: 200 ms. Tried: localhost:9003 (through xdebug.client_host/xdebug.client_port).
  2026-09-29 14:06:38 /api/storefront .......................................................................... ~ 6s
  Xdebug: [Step Debug] Time-out connecting to debugging client, waited: 200 ms. Tried: localhost:9003 (through xdebug.client_host/xdebug.client_port).
  2026-09-29 14:07:38 /api/storefront .......................................................................... ~ 6s
  Xdebug: [Step Debug] Time-out connecting to debugging client, waited: 200 ms. Tried: localhost:9003 (through xdebug.client_host/xdebug.client_port).
  2026-09-29 14:08:38 /api/storefront .......................................................................... ~ 6s
  Xdebug: [Step Debug] Time-out connecting to debugging client, waited: 200 ms. Tried: localhost:9003 (through xdebug.client_host/xdebug.client_port).
  2026-09-29 14:09:38 /api/storefront .......................................................................... ~ 6s
  Xdebug: [Step Debug] Time-out connecting to debugging client, waited: 200 ms. Tried: localhost:9003 (through xdebug.client_host/xdebug.client_port).
  2026-09-29 14:10:38 /api/storefront .......................................................................... ~ 6s
  Xdebug: [Step Debug] Time-out connecting to debugging client, waited: 200 ms. Tried: localhost:9003 (through xdebug.client_host/xdebug.client_port).
  2026-09-29 14:11:38 /api/storefront .......................................................................... ~ 6s
  Xdebug: [Step Debug] Time-out connecting to debugging client, waited: 200 ms. Tried: localhost:9003 (through xdebug.client_host/xdebug.client_port).
  2026-09-29 14:12:38 /api/storefront .......................................................................... ~ 6s
  Xdebug: [Step Debug] Time-out connecting to debugging client, waited: 200 ms. Tried: localhost:9003 (through xdebug.client_host/xdebug.client_port).
  2026-09-29 14:13:38 /api/storefront .......................................................................... ~ 6s
  Xdebug: [Step Debug] Time-out connecting to debugging client, waited: 200 ms. Tried: localhost:9003 (through xdebug.client_host/xdebug.client_port).
  2026-09-29 14:14:38 /api/storefront .......................................................................... ~ 6s
  Xdebug: [Step Debug] Time-out connecting to debugging client, waited: 200 ms. Tried: localhost:9003 (through xdebug.client_host/xdebug.client_port).
  2026-09-29 14:15:38 /api/storefront .......................................................................... ~ 6s
  Xdebug: [Step Debug] Time-out connecting to debugging client, waited: 200 ms. Tried: localhost:9003 (through xdebug.client_host/xdebug.client_port).
  2026-09-29 14:16:38 /api/storefront .......................................................................... ~ 6s
  Xdebug: [Step Debug] Time-out connecting to debugging client, waited: 200 ms. Tried: localhost:9003 (through xdebug.client_host/xdebug.client_port).
  2026-09-29 14:17:38 /api/storefront .......................................................................... ~ 6s
  Xdebug: [Step Debug] Time-out connecting to debugging client, waited: 200 ms. Tried: localhost:9003 (through xdebug.client_host/xdebug.client_port).
  2026-09-29 14:18:38 /api/storefront .......................................................................... ~ 6s
  Xdebug: [Step Debug] Time-out connecting to debugging client, waited: 200 ms. Tried: localhost:9003 (through xdebug.client_host/xdebug.client_port).
  2026-09-29 14:19:38 /api/storefront .......................................................................... ~ 6s
  Xdebug: [Step Debug] Time-out connecting to debugging client, waited: 200 ms. Tried: localhost:9003 (through xdebug.client_host/xdebug.client_port).
  2026-09-29 14:20:38 /api/storefront .......................................................................... ~ 6s
  Xdebug: [Step Debug] Time-out connecting to debugging client, waited: 200 ms. Tried: localhost:9003 (through xdebug.client_host/xdebug.client_port).
  2026-09-29 14:21:38 /api/storefront .......................................................................... ~ 6s
  Xdebug: [Step Debug] Time-out connecting to debugging client, waited: 200 ms. Tried: localhost:9003 (through xdebug.client_host/xdebug.client_port).
  2026-09-29 14:22:38 /api/storefront .......................................................................... ~ 6s
  Xdebug: [Step Debug] Time-out connecting to debugging client, waited: 200 ms. Tried: localhost:9003 (through xdebug.client_host/xdebug.client_port).
  2026-09-29 14:23:38 /api/storefront .......................................................................... ~ 6s
  Xdebug: [Step Debug] Time-out connecting to debugging client, waited: 200 ms. Tried: localhost:9003 (through xdebug.client_host/xdebug.client_port).
  2026-09-29 14:24:38 /api/storefront .......................................................................... ~ 6s
  Xdebug: [Step Debug] Time-out connecting to debugging client, waited: 200 ms. Tried: localhost:9003 (through xdebug.client_host/xdebug.client_port).
  2026-09-29 14:25:38 /api/storefront .......................................................................... ~ 6s
  Xdebug: [Step Debug] Time-out connecting to debugging client, waited: 200 ms. Tried: localhost:9003 (through xdebug.client_host/xdebug.client_port).
  2026-09-29 14:26:38 /api/storefront .......................................................................... ~ 6s
  Xdebug: [Step Debug] Time-out connecting to debugging client, waited: 200 ms. Tried: localhost:9003 (through xdebug.client_host/xdebug.client_port).
  2026-09-29 14:27:38 /api/storefront .......................................................................... ~ 6s
  Xdebug: [Step Debug] Time-out connecting to debugging client, waited: 200 ms. Tried: localhost:9003 (through xdebug.client_host/xdebug.client_port).
  2026-09-29 14:28:38 /api/storefront .......................................................................... ~ 6s
  Xdebug: [Step Debug] Time-out connecting to debugging client, waited: 200 ms. Tried: localhost:9003 (through xdebug.client_host/xdebug.client_port).
  2026-09-29 14:29:38 /api/storefront .......................................................................... ~ 6s
  Xdebug: [Step Debug] Time-out connecting to debugging client, waited: 200 ms. Tried: localhost:9003 (through xdebug.client_host/xdebug.client_port).
  2026-09-29 14:30:38 /api/storefront .......................................................................... ~ 6s
  Xdebug: [Step Debug] Time-out connecting to debugging client, waited: 200 ms. Tried: localhost:9003 (through xdebug.client_host/xdebug.client_port).
  2026-09-29 14:31:38 /api/storefront .......................................................................... ~ 6s
  Xdebug: [Step Debug] Time-out connecting to debugging client, waited: 200 ms. Tried: localhost:9003 (through xdebug.client_host/xdebug.client_port).
  2026-09-29 14:32:38 /api/storefront .......................................................................... ~ 6s
  Xdebug: [Step Debug] Time-out connecting to debugging client, waited: 200 ms. Tried: localhost:9003 (through xdebug.client_host/xdebug.client_port).
  2026-09-29 14:33:38 /api/storefront .......................................................................... ~ 6s
  Xdebug: [Step Debug] Time-out connecting to debugging client, waited: 200 ms. Tried: localhost:9003 (through xdebug.client_host/xdebug.client_port).
  2026-09-29 14:34:38 /api/storefront .......................................................................... ~ 6s
  Xdebug: [Step Debug] Time-out connecting to debugging client, waited: 200 ms. Tried: localhost:9003 (through xdebug.client_host/xdebug.client_port).
  2026-09-29 14:35:38 /api/storefront .......................................................................... ~ 6s
  Xdebug: [Step Debug] Time-out connecting to debugging client, waited: 200 ms. Tried: localhost:9003 (through xdebug.client_host/xdebug.client_port).
  2026-09-29 14:36:38 /api/storefront .......................................................................... ~ 6s
  Xdebug: [Step Debug] Time-out connecting to debugging client, waited: 200 ms. Tried: localhost:9003 (through xdebug.client_host/xdebug.client_port).
  2026-09-29 14:37:38 /api/storefront .......................................................................... ~ 6s
  Xdebug: [Step Debug] Time-out connecting to debugging client, waited: 200 ms. Tried: localhost:9003 (through xdebug.client_host/xdebug.client_port).
  2026-09-29 14:38:38 /api/storefront .......................................................................... ~ 6s
  Xdebug: [Step Debug] Time-out connecting to debugging client, waited: 200 ms. Tried: localhost:9003 (through xdebug.client_host/xdebug.client_port).
  2026-09-29 14:39:38 /api/storefront .......................................................................... ~ 6s
  Xdebug: [Step Debug] Time-out connecting to debugging client, waited: 200 ms. Tried: localhost:9003 (through xdebug.client_host/xdebug.client_port).
  2026-09-29 14:40:38 /api/storefront .......................................................................... ~ 6s
  Xdebug: [Step Debug] Time-out connecting to debugging client, waited: 200 ms. Tried: localhost:9003 (through xdebug.client_host/xdebug.client_port).
  2026-09-29 14:41:38 /api/storefront .......................................................................... ~ 7s
  Xdebug: [Step Debug] Time-out connecting to debugging client, waited: 200 ms. Tried: localhost:9003 (through xdebug.client_host/xdebug.client_port).
  2026-09-29 14:42:38 /api/storefront .......................................................................... ~ 6s
  Xdebug: [Step Debug] Time-out connecting to debugging client, waited: 200 ms. Tried: localhost:9003 (through xdebug.client_host/xdebug.client_port).
  2026-09-29 14:43:38 /api/storefront .......................................................................... ~ 6s
  Xdebug: [Step Debug] Time-out connecting to debugging client, waited: 200 ms. Tried: localhost:9003 (through xdebug.client_host/xdebug.client_port).
  2026-09-29 14:44:38 /api/storefront .......................................................................... ~ 6s
  Xdebug: [Step Debug] Time-out connecting to debugging client, waited: 200 ms. Tried: localhost:9003 (through xdebug.client_host/xdebug.client_port).
  2026-09-29 14:45:38 /api/storefront .......................................................................... ~ 6s
  Xdebug: [Step Debug] Time-out connecting to debugging client, waited: 200 ms. Tried: localhost:9003 (through xdebug.client_host/xdebug.client_port).
  2026-09-29 14:46:38 /api/storefront .......................................................................... ~ 6s
  Xdebug: [Step Debug] Time-out connecting to debugging client, waited: 200 ms. Tried: localhost:9003 (through xdebug.client_host/xdebug.client_port).
  2026-09-29 14:47:38 /api/storefront .......................................................................... ~ 6s
  Xdebug: [Step Debug] Time-out connecting to debugging client, waited: 200 ms. Tried: localhost:9003 (through xdebug.client_host/xdebug.client_port).
  2026-09-29 14:48:38 /api/storefront .......................................................................... ~ 6s
  Xdebug: [Step Debug] Time-out connecting to debugging client, waited: 200 ms. Tried: localhost:9003 (through xdebug.client_host/xdebug.client_port).
  2026-09-29 14:49:38 /api/storefront .......................................................................... ~ 6s
  Xdebug: [Step Debug] Time-out connecting to debugging client, waited: 200 ms. Tried: localhost:9003 (through xdebug.client_host/xdebug.client_port).
  2026-09-29 14:50:38 /api/storefront .......................................................................... ~ 6s
  Xdebug: [Step Debug] Time-out connecting to debugging client, waited: 200 ms. Tried: localhost:9003 (through xdebug.client_host/xdebug.client_port).
  2026-09-29 14:51:38 /api/storefront .......................................................................... ~ 6s
  Xdebug: [Step Debug] Time-out connecting to debugging client, waited: 200 ms. Tried: localhost:9003 (through xdebug.client_host/xdebug.client_port).
  2026-09-29 14:52:38 /api/storefront .......................................................................... ~ 6s
  Xdebug: [Step Debug] Time-out connecting to debugging client, waited: 200 ms. Tried: localhost:9003 (through xdebug.client_host/xdebug.client_port).
  2026-09-29 14:53:38 /api/storefront .......................................................................... ~ 6s
  Xdebug: [Step Debug] Time-out connecting to debugging client, waited: 200 ms. Tried: localhost:9003 (through xdebug.client_host/xdebug.client_port).
  2026-09-29 14:54:38 /api/storefront .......................................................................... ~ 6s
  Xdebug: [Step Debug] Time-out connecting to debugging client, waited: 200 ms. Tried: localhost:9003 (through xdebug.client_host/xdebug.client_port).
  2026-09-29 14:55:38 /api/storefront .......................................................................... ~ 6s
  Xdebug: [Step Debug] Time-out connecting to debugging client, waited: 200 ms. Tried: localhost:9003 (through xdebug.client_host/xdebug.client_port).
  2026-09-29 14:56:38 /api/storefront .......................................................................... ~ 6s
  Xdebug: [Step Debug] Time-out connecting to debugging client, waited: 200 ms. Tried: localhost:9003 (through xdebug.client_host/xdebug.client_port).
  2026-09-29 14:57:38 /api/storefront .......................................................................... ~ 6s
  Xdebug: [Step Debug] Time-out connecting to debugging client, waited: 200 ms. Tried: localhost:9003 (through xdebug.client_host/xdebug.client_port).
  2026-09-29 14:58:38 /api/storefront .......................................................................... ~ 6s
  Xdebug: [Step Debug] Time-out connecting to debugging client, waited: 200 ms. Tried: localhost:9003 (through xdebug.client_host/xdebug.client_port).
  2026-09-29 14:59:38 /api/storefront .......................................................................... ~ 6s
  Xdebug: [Step Debug] Time-out connecting to debugging client, waited: 200 ms. Tried: localhost:9003 (through xdebug.client_host/xdebug.client_port).
  2026-09-29 15:00:38 /api/storefront .......................................................................... ~ 6s
  Xdebug: [Step Debug] Time-out connecting to debugging client, waited: 200 ms. Tried: localhost:9003 (through xdebug.client_host/xdebug.client_port).
  2026-09-29 15:01:38 /api/storefront .......................................................................... ~ 6s
  Xdebug: [Step Debug] Time-out connecting to debugging client, waited: 200 ms. Tried: localhost:9003 (through xdebug.client_host/xdebug.client_port).
  2026-09-29 15:02:38 /api/storefront .......................................................................... ~ 6s
  Xdebug: [Step Debug] Time-out connecting to debugging client, waited: 200 ms. Tried: localhost:9003 (through xdebug.client_host/xdebug.client_port).
  2026-09-29 15:03:38 /api/storefront .......................................................................... ~ 6s
  Xdebug: [Step Debug] Time-out connecting to debugging client, waited: 200 ms. Tried: localhost:9003 (through xdebug.client_host/xdebug.client_port).
  2026-09-29 15:04:38 /api/storefront .......................................................................... ~ 6s
  Xdebug: [Step Debug] Time-out connecting to debugging client, waited: 200 ms. Tried: localhost:9003 (through xdebug.client_host/xdebug.client_port).
  2026-09-29 15:05:38 /api/storefront .......................................................................... ~ 6s
  Xdebug: [Step Debug] Time-out connecting to debugging client, waited: 200 ms. Tried: localhost:9003 (through xdebug.client_host/xdebug.client_port).
  2026-09-29 15:06:38 /api/storefront .......................................................................... ~ 6s
  Xdebug: [Step Debug] Time-out connecting to debugging client, waited: 200 ms. Tried: localhost:9003 (through xdebug.client_host/xdebug.client_port).
  2026-09-29 15:07:38 /api/storefront .......................................................................... ~ 6s
  Xdebug: [Step Debug] Time-out connecting to debugging client, waited: 200 ms. Tried: localhost:9003 (through xdebug.client_host/xdebug.client_port).
  2026-09-29 15:08:38 /api/storefront .......................................................................... ~ 6s
  Xdebug: [Step Debug] Time-out connecting to debugging client, waited: 200 ms. Tried: localhost:9003 (through xdebug.client_host/xdebug.client_port).
  2026-09-29 15:09:38 /api/storefront .......................................................................... ~ 6s
  Xdebug: [Step Debug] Time-out connecting to debugging client, waited: 200 ms. Tried: localhost:9003 (through xdebug.client_host/xdebug.client_port).
  2026-09-29 15:10:38 /api/storefront .......................................................................... ~ 6s
  Xdebug: [Step Debug] Time-out connecting to debugging client, waited: 200 ms. Tried: localhost:9003 (through xdebug.client_host/xdebug.client_port).
  2026-09-29 15:11:38 /api/storefront .......................................................................... ~ 6s
  Xdebug: [Step Debug] Time-out connecting to debugging client, waited: 200 ms. Tried: localhost:9003 (through xdebug.client_host/xdebug.client_port).
  2026-09-29 15:12:38 /api/storefront .......................................................................... ~ 6s
  Xdebug: [Step Debug] Time-out connecting to debugging client, waited: 200 ms. Tried: localhost:9003 (through xdebug.client_host/xdebug.client_port).
  2026-09-29 15:13:38 /api/storefront .......................................................................... ~ 6s
  Xdebug: [Step Debug] Time-out connecting to debugging client, waited: 200 ms. Tried: localhost:9003 (through xdebug.client_host/xdebug.client_port).
  2026-09-29 15:14:38 /api/storefront .......................................................................... ~ 6s
  Xdebug: [Step Debug] Time-out connecting to debugging client, waited: 200 ms. Tried: localhost:9003 (through xdebug.client_host/xdebug.client_port).
  2026-09-29 15:15:38 /api/storefront .......................................................................... ~ 6s
  Xdebug: [Step Debug] Time-out connecting to debugging client, waited: 200 ms. Tried: localhost:9003 (through xdebug.client_host/xdebug.client_port).
  2026-09-29 15:16:38 /api/storefront .......................................................................... ~ 6s
  Xdebug: [Step Debug] Time-out connecting to debugging client, waited: 200 ms. Tried: localhost:9003 (through xdebug.client_host/xdebug.client_port).
  2026-09-29 15:17:38 /api/storefront .......................................................................... ~ 6s
  Xdebug: [Step Debug] Time-out connecting to debugging client, waited: 200 ms. Tried: localhost:9003 (through xdebug.client_host/xdebug.client_port).
  2026-09-29 15:18:38 /api/storefront .......................................................................... ~ 6s
  Xdebug: [Step Debug] Time-out connecting to debugging client, waited: 200 ms. Tried: localhost:9003 (through xdebug.client_host/xdebug.client_port).
  2026-09-29 15:19:38 /api/storefront .......................................................................... ~ 6s
  Xdebug: [Step Debug] Time-out connecting to debugging client, waited: 200 ms. Tried: localhost:9003 (through xdebug.client_host/xdebug.client_port).
  2026-09-29 15:20:38 /api/storefront .......................................................................... ~ 6s
  Xdebug: [Step Debug] Time-out connecting to debugging client, waited: 200 ms. Tried: localhost:9003 (through xdebug.client_host/xdebug.client_port).
  2026-09-29 15:21:38 /api/storefront .......................................................................... ~ 6s
  Xdebug: [Step Debug] Time-out connecting to debugging client, waited: 200 ms. Tried: localhost:9003 (through xdebug.client_host/xdebug.client_port).
  2026-09-29 15:22:38 /api/storefront .......................................................................... ~ 6s
  Xdebug: [Step Debug] Time-out connecting to debugging client, waited: 200 ms. Tried: localhost:9003 (through xdebug.client_host/xdebug.client_port).
  2026-09-29 15:23:38 /api/storefront .......................................................................... ~ 6s
  Xdebug: [Step Debug] Time-out connecting to debugging client, waited: 200 ms. Tried: localhost:9003 (through xdebug.client_host/xdebug.client_port).
  2026-09-29 15:24:38 /api/storefront .......................................................................... ~ 6s
  Xdebug: [Step Debug] Time-out connecting to debugging client, waited: 200 ms. Tried: localhost:9003 (through xdebug.client_host/xdebug.client_port).
  2026-09-29 15:25:38 /api/storefront .......................................................................... ~ 6s
  Xdebug: [Step Debug] Time-out connecting to debugging client, waited: 200 ms. Tried: localhost:9003 (through xdebug.client_host/xdebug.client_port).
  2026-09-29 15:26:38 /api/storefront .......................................................................... ~ 6s
  Xdebug: [Step Debug] Time-out connecting to debugging client, waited: 200 ms. Tried: localhost:9003 (through xdebug.client_host/xdebug.client_port).
  2026-09-29 15:27:38 /api/storefront .......................................................................... ~ 6s
  Xdebug: [Step Debug] Time-out connecting to debugging client, waited: 200 ms. Tried: localhost:9003 (through xdebug.client_host/xdebug.client_port).
  2026-09-29 15:28:38 /api/storefront .......................................................................... ~ 6s
  Xdebug: [Step Debug] Time-out connecting to debugging client, waited: 200 ms. Tried: localhost:9003 (through xdebug.client_host/xdebug.client_port).
  2026-09-29 15:29:38 /api/storefront .......................................................................... ~ 6s
  Xdebug: [Step Debug] Time-out connecting to debugging client, waited: 200 ms. Tried: localhost:9003 (through xdebug.client_host/xdebug.client_port).
  2026-09-29 15:30:38 /api/storefront .......................................................................... ~ 6s
  Xdebug: [Step Debug] Time-out connecting to debugging client, waited: 200 ms. Tried: localhost:9003 (through xdebug.client_host/xdebug.client_port).
  2026-09-29 15:31:38 /api/storefront .......................................................................... ~ 6s
  Xdebug: [Step Debug] Time-out connecting to debugging client, waited: 200 ms. Tried: localhost:9003 (through xdebug.client_host/xdebug.client_port).
  2026-09-29 15:32:38 /api/storefront .......................................................................... ~ 6s
  Xdebug: [Step Debug] Time-out connecting to debugging client, waited: 200 ms. Tried: localhost:9003 (through xdebug.client_host/xdebug.client_port).
  2026-09-29 15:33:38 /api/storefront .......................................................................... ~ 6s
  Xdebug: [Step Debug] Time-out connecting to debugging client, waited: 200 ms. Tried: localhost:9003 (through xdebug.client_host/xdebug.client_port).
  2026-09-29 15:34:38 /api/storefront .......................................................................... ~ 6s
  Xdebug: [Step Debug] Time-out connecting to debugging client, waited: 200 ms. Tried: localhost:9003 (through xdebug.client_host/xdebug.client_port).
  2026-09-29 15:35:38 /api/storefront .......................................................................... ~ 6s
  Xdebug: [Step Debug] Time-out connecting to debugging client, waited: 200 ms. Tried: localhost:9003 (through xdebug.client_host/xdebug.client_port).
  2026-09-29 15:36:38 /api/storefront .......................................................................... ~ 6s
  Xdebug: [Step Debug] Time-out connecting to debugging client, waited: 200 ms. Tried: localhost:9003 (through xdebug.client_host/xdebug.client_port).
  2026-09-29 15:37:38 /api/storefront .......................................................................... ~ 6s
  Xdebug: [Step Debug] Time-out connecting to debugging client, waited: 200 ms. Tried: localhost:9003 (through xdebug.client_host/xdebug.client_port).
  2026-09-29 15:38:38 /api/storefront .......................................................................... ~ 6s
  Xdebug: [Step Debug] Time-out connecting to debugging client, waited: 200 ms. Tried: localhost:9003 (through xdebug.client_host/xdebug.client_port).
  2026-09-29 15:39:38 /api/storefront .......................................................................... ~ 6s
  Xdebug: [Step Debug] Time-out connecting to debugging client, waited: 200 ms. Tried: localhost:9003 (through xdebug.client_host/xdebug.client_port).
  2026-09-29 15:40:38 /api/storefront .......................................................................... ~ 6s
  Xdebug: [Step Debug] Time-out connecting to debugging client, waited: 200 ms. Tried: localhost:9003 (through xdebug.client_host/xdebug.client_port).
  2026-09-29 15:41:38 /api/storefront .......................................................................... ~ 7s
  Xdebug: [Step Debug] Time-out connecting to debugging client, waited: 200 ms. Tried: localhost:9003 (through xdebug.client_host/xdebug.client_port).
  2026-09-29 15:42:38 /api/storefront .......................................................................... ~ 6s
  Xdebug: [Step Debug] Time-out connecting to debugging client, waited: 200 ms. Tried: localhost:9003 (through xdebug.client_host/xdebug.client_port).
  2026-09-29 15:43:38 /api/storefront .......................................................................... ~ 5s
  Xdebug: [Step Debug] Time-out connecting to debugging client, waited: 200 ms. Tried: localhost:9003 (through xdebug.client_host/xdebug.client_port).
  2026-09-29 15:44:38 /api/storefront .......................................................................... ~ 6s
  Xdebug: [Step Debug] Time-out connecting to debugging client, waited: 200 ms. Tried: localhost:9003 (through xdebug.client_host/xdebug.client_port).
  2026-09-29 15:45:38 /api/storefront .......................................................................... ~ 6s
  Xdebug: [Step Debug] Time-out connecting to debugging client, waited: 200 ms. Tried: localhost:9003 (through xdebug.client_host/xdebug.client_port).
  2026-09-29 15:46:38 /api/storefront .......................................................................... ~ 6s
  Xdebug: [Step Debug] Time-out connecting to debugging client, waited: 200 ms. Tried: localhost:9003 (through xdebug.client_host/xdebug.client_port).
  2026-09-29 15:47:38 /api/storefront .......................................................................... ~ 6s
  Xdebug: [Step Debug] Time-out connecting to debugging client, waited: 200 ms. Tried: localhost:9003 (through xdebug.client_host/xdebug.client_port).
  2026-09-29 15:48:38 /api/storefront .......................................................................... ~ 6s
  Xdebug: [Step Debug] Time-out connecting to debugging client, waited: 200 ms. Tried: localhost:9003 (through xdebug.client_host/xdebug.client_port).
  2026-09-29 15:49:38 /api/storefront .......................................................................... ~ 6s
  Xdebug: [Step Debug] Time-out connecting to debugging client, waited: 200 ms. Tried: localhost:9003 (through xdebug.client_host/xdebug.client_port).
  2026-09-29 15:50:38 /api/storefront .......................................................................... ~ 6s
  Xdebug: [Step Debug] Time-out connecting to debugging client, waited: 200 ms. Tried: localhost:9003 (through xdebug.client_host/xdebug.client_port).
  2026-09-29 15:51:38 /api/storefront .......................................................................... ~ 6s
  Xdebug: [Step Debug] Time-out connecting to debugging client, waited: 200 ms. Tried: localhost:9003 (through xdebug.client_host/xdebug.client_port).
  2026-09-29 15:52:38 /api/storefront .......................................................................... ~ 6s
  Xdebug: [Step Debug] Time-out connecting to debugging client, waited: 200 ms. Tried: localhost:9003 (through xdebug.client_host/xdebug.client_port).
  2026-09-29 15:53:38 /api/storefront .......................................................................... ~ 6s
  Xdebug: [Step Debug] Time-out connecting to debugging client, waited: 200 ms. Tried: localhost:9003 (through xdebug.client_host/xdebug.client_port).
  2026-09-29 15:54:38 /api/storefront .......................................................................... ~ 6s
  Xdebug: [Step Debug] Time-out connecting to debugging client, waited: 200 ms. Tried: localhost:9003 (through xdebug.client_host/xdebug.client_port).
  2026-09-29 15:55:38 /api/storefront .......................................................................... ~ 6s
  Xdebug: [Step Debug] Time-out connecting to debugging client, waited: 200 ms. Tried: localhost:9003 (through xdebug.client_host/xdebug.client_port).
  2026-09-29 15:56:38 /api/storefront .......................................................................... ~ 6s
  Xdebug: [Step Debug] Time-out connecting to debugging client, waited: 200 ms. Tried: localhost:9003 (through xdebug.client_host/xdebug.client_port).
  2026-09-29 15:57:38 /api/storefront .......................................................................... ~ 6s
  Xdebug: [Step Debug] Time-out connecting to debugging client, waited: 200 ms. Tried: localhost:9003 (through xdebug.client_host/xdebug.client_port).
  2026-09-29 15:58:38 /api/storefront .......................................................................... ~ 6s
  Xdebug: [Step Debug] Time-out connecting to debugging client, waited: 200 ms. Tried: localhost:9003 (through xdebug.client_host/xdebug.client_port).
  2026-09-29 15:59:38 /api/storefront .......................................................................... ~ 6s
  Xdebug: [Step Debug] Time-out connecting to debugging client, waited: 200 ms. Tried: localhost:9003 (through xdebug.client_host/xdebug.client_port).
  2026-09-29 16:00:38 /api/storefront .......................................................................... ~ 6s
  Xdebug: [Step Debug] Time-out connecting to debugging client, waited: 200 ms. Tried: localhost:9003 (through xdebug.client_host/xdebug.client_port).
  2026-09-29 16:01:38 /api/storefront .......................................................................... ~ 6s
  Xdebug: [Step Debug] Time-out connecting to debugging client, waited: 200 ms. Tried: localhost:9003 (through xdebug.client_host/xdebug.client_port).
  2026-09-29 16:02:38 /api/storefront .......................................................................... ~ 6s
  Xdebug: [Step Debug] Time-out connecting to debugging client, waited: 200 ms. Tried: localhost:9003 (through xdebug.client_host/xdebug.client_port).
  2026-09-29 16:03:38 /api/storefront .......................................................................... ~ 6s
  Xdebug: [Step Debug] Time-out connecting to debugging client, waited: 200 ms. Tried: localhost:9003 (through xdebug.client_host/xdebug.client_port).
  2026-09-29 16:04:38 /api/storefront .......................................................................... ~ 6s
  Xdebug: [Step Debug] Time-out connecting to debugging client, waited: 200 ms. Tried: localhost:9003 (through xdebug.client_host/xdebug.client_port).
  2026-09-29 16:05:38 /api/storefront .......................................................................... ~ 6s
  Xdebug: [Step Debug] Time-out connecting to debugging client, waited: 200 ms. Tried: localhost:9003 (through xdebug.client_host/xdebug.client_port).
  2026-09-29 16:06:38 /api/storefront .......................................................................... ~ 6s
  Xdebug: [Step Debug] Time-out connecting to debugging client, waited: 200 ms. Tried: localhost:9003 (through xdebug.client_host/xdebug.client_port).
  2026-09-29 16:07:38 /api/storefront .......................................................................... ~ 6s
  Xdebug: [Step Debug] Time-out connecting to debugging client, waited: 200 ms. Tried: localhost:9003 (through xdebug.client_host/xdebug.client_port).
  2026-09-29 16:08:38 /api/storefront .......................................................................... ~ 6s
  Xdebug: [Step Debug] Time-out connecting to debugging client, waited: 200 ms. Tried: localhost:9003 (through xdebug.client_host/xdebug.client_port).
  2026-09-29 16:09:38 /api/storefront .......................................................................... ~ 6s
  Xdebug: [Step Debug] Time-out connecting to debugging client, waited: 200 ms. Tried: localhost:9003 (through xdebug.client_host/xdebug.client_port).
  2026-09-29 16:10:38 /api/storefront .......................................................................... ~ 6s
  Xdebug: [Step Debug] Time-out connecting to debugging client, waited: 200 ms. Tried: localhost:9003 (through xdebug.client_host/xdebug.client_port).
  2026-09-29 16:11:38 /api/storefront .......................................................................... ~ 6s
  Xdebug: [Step Debug] Time-out connecting to debugging client, waited: 200 ms. Tried: localhost:9003 (through xdebug.client_host/xdebug.client_port).
  2026-09-29 16:12:38 /api/storefront .......................................................................... ~ 6s
  Xdebug: [Step Debug] Time-out connecting to debugging client, waited: 200 ms. Tried: localhost:9003 (through xdebug.client_host/xdebug.client_port).
  2026-09-29 16:13:38 /api/storefront .......................................................................... ~ 6s
  Xdebug: [Step Debug] Time-out connecting to debugging client, waited: 200 ms. Tried: localhost:9003 (through xdebug.client_host/xdebug.client_port).
  2026-09-29 16:14:38 /api/storefront .......................................................................... ~ 6s
  Xdebug: [Step Debug] Time-out connecting to debugging client, waited: 200 ms. Tried: localhost:9003 (through xdebug.client_host/xdebug.client_port).
  2026-09-29 16:15:38 /api/storefront .......................................................................... ~ 6s
  Xdebug: [Step Debug] Time-out connecting to debugging client, waited: 200 ms. Tried: localhost:9003 (through xdebug.client_host/xdebug.client_port).
  2026-09-29 16:16:38 /api/storefront .......................................................................... ~ 6s
  Xdebug: [Step Debug] Time-out connecting to debugging client, waited: 200 ms. Tried: localhost:9003 (through xdebug.client_host/xdebug.client_port).
  2026-09-29 16:17:38 /api/storefront .......................................................................... ~ 6s
  Xdebug: [Step Debug] Time-out connecting to debugging client, waited: 200 ms. Tried: localhost:9003 (through xdebug.client_host/xdebug.client_port).
  2026-09-29 16:18:38 /api/storefront .......................................................................... ~ 6s
  Xdebug: [Step Debug] Time-out connecting to debugging client, waited: 200 ms. Tried: localhost:9003 (through xdebug.client_host/xdebug.client_port).
  2026-09-29 16:19:38 /api/storefront .......................................................................... ~ 6s
  Xdebug: [Step Debug] Time-out connecting to debugging client, waited: 200 ms. Tried: localhost:9003 (through xdebug.client_host/xdebug.client_port).
  2026-09-29 16:20:38 /api/storefront .......................................................................... ~ 6s
  Xdebug: [Step Debug] Time-out connecting to debugging client, waited: 200 ms. Tried: localhost:9003 (through xdebug.client_host/xdebug.client_port).
  2026-09-29 16:21:38 /api/storefront .......................................................................... ~ 6s
  Xdebug: [Step Debug] Time-out connecting to debugging client, waited: 200 ms. Tried: localhost:9003 (through xdebug.client_host/xdebug.client_port).
  2026-09-29 16:22:38 /api/storefront .......................................................................... ~ 6s
  Xdebug: [Step Debug] Time-out connecting to debugging client, waited: 200 ms. Tried: localhost:9003 (through xdebug.client_host/xdebug.client_port).
  2026-09-29 16:23:38 /api/storefront .......................................................................... ~ 6s
  Xdebug: [Step Debug] Time-out connecting to debugging client, waited: 200 ms. Tried: localhost:9003 (through xdebug.client_host/xdebug.client_port).
  2026-09-29 16:24:38 /api/storefront .......................................................................... ~ 6s
  Xdebug: [Step Debug] Time-out connecting to debugging client, waited: 200 ms. Tried: localhost:9003 (through xdebug.client_host/xdebug.client_port).
  2026-09-29 16:25:38 /api/storefront .......................................................................... ~ 7s
  Xdebug: [Step Debug] Time-out connecting to debugging client, waited: 200 ms. Tried: localhost:9003 (through xdebug.client_host/xdebug.client_port).
  2026-09-29 16:26:38 /api/storefront .......................................................................... ~ 6s
  Xdebug: [Step Debug] Time-out connecting to debugging client, waited: 200 ms. Tried: localhost:9003 (through xdebug.client_host/xdebug.client_port).
  2026-09-29 16:27:38 /api/storefront .......................................................................... ~ 6s
  Xdebug: [Step Debug] Time-out connecting to debugging client, waited: 200 ms. Tried: localhost:9003 (through xdebug.client_host/xdebug.client_port).
  2026-09-29 16:28:38 /api/storefront .......................................................................... ~ 6s
  Xdebug: [Step Debug] Time-out connecting to debugging client, waited: 200 ms. Tried: localhost:9003 (through xdebug.client_host/xdebug.client_port).
  2026-09-29 16:29:38 /api/storefront .......................................................................... ~ 6s
  Xdebug: [Step Debug] Time-out connecting to debugging client, waited: 200 ms. Tried: localhost:9003 (through xdebug.client_host/xdebug.client_port).
  2026-09-29 16:30:38 /api/storefront .......................................................................... ~ 6s
  Xdebug: [Step Debug] Time-out connecting to debugging client, waited: 200 ms. Tried: localhost:9003 (through xdebug.client_host/xdebug.client_port).
  2026-09-29 16:31:38 /api/storefront .......................................................................... ~ 6s
  Xdebug: [Step Debug] Time-out connecting to debugging client, waited: 200 ms. Tried: localhost:9003 (through xdebug.client_host/xdebug.client_port).
  2026-09-29 16:32:38 /api/storefront .......................................................................... ~ 6s
  Xdebug: [Step Debug] Time-out connecting to debugging client, waited: 200 ms. Tried: localhost:9003 (through xdebug.client_host/xdebug.client_port).
  2026-09-29 16:33:38 /api/storefront .......................................................................... ~ 6s
  Xdebug: [Step Debug] Time-out connecting to debugging client, waited: 200 ms. Tried: localhost:9003 (through xdebug.client_host/xdebug.client_port).
  2026-09-29 16:34:38 /api/storefront .......................................................................... ~ 6s
  Xdebug: [Step Debug] Time-out connecting to debugging client, waited: 200 ms. Tried: localhost:9003 (through xdebug.client_host/xdebug.client_port).
  2026-09-29 16:35:38 /api/storefront .......................................................................... ~ 6s
  Xdebug: [Step Debug] Time-out connecting to debugging client, waited: 200 ms. Tried: localhost:9003 (through xdebug.client_host/xdebug.client_port).
  2026-09-29 16:36:38 /api/storefront .......................................................................... ~ 6s
  Xdebug: [Step Debug] Time-out connecting to debugging client, waited: 200 ms. Tried: localhost:9003 (through xdebug.client_host/xdebug.client_port).
  2026-09-29 16:37:38 /api/storefront .......................................................................... ~ 6s
  Xdebug: [Step Debug] Time-out connecting to debugging client, waited: 200 ms. Tried: localhost:9003 (through xdebug.client_host/xdebug.client_port).
  2026-09-29 16:38:38 /api/storefront .......................................................................... ~ 6s
  Xdebug: [Step Debug] Time-out connecting to debugging client, waited: 200 ms. Tried: localhost:9003 (through xdebug.client_host/xdebug.client_port).
  2026-09-29 16:39:38 /api/storefront .......................................................................... ~ 6s
  Xdebug: [Step Debug] Time-out connecting to debugging client, waited: 200 ms. Tried: localhost:9003 (through xdebug.client_host/xdebug.client_port).
  2026-09-29 16:40:38 /api/storefront .......................................................................... ~ 6s
  Xdebug: [Step Debug] Time-out connecting to debugging client, waited: 200 ms. Tried: localhost:9003 (through xdebug.client_host/xdebug.client_port).
  2026-09-29 16:41:38 /api/storefront .......................................................................... ~ 6s
  Xdebug: [Step Debug] Time-out connecting to debugging client, waited: 200 ms. Tried: localhost:9003 (through xdebug.client_host/xdebug.client_port).
  2026-09-29 16:42:38 /api/storefront .......................................................................... ~ 7s
  Xdebug: [Step Debug] Time-out connecting to debugging client, waited: 200 ms. Tried: localhost:9003 (through xdebug.client_host/xdebug.client_port).
  2026-09-29 16:43:38 /api/storefront .......................................................................... ~ 6s
  Xdebug: [Step Debug] Time-out connecting to debugging client, waited: 200 ms. Tried: localhost:9003 (through xdebug.client_host/xdebug.client_port).
  2026-09-29 16:44:38 /api/storefront .......................................................................... ~ 6s
  Xdebug: [Step Debug] Time-out connecting to debugging client, waited: 200 ms. Tried: localhost:9003 (through xdebug.client_host/xdebug.client_port).
  2026-09-29 16:45:38 /api/storefront .......................................................................... ~ 6s
  Xdebug: [Step Debug] Time-out connecting to debugging client, waited: 200 ms. Tried: localhost:9003 (through xdebug.client_host/xdebug.client_port).
  2026-09-29 16:46:38 /api/storefront .......................................................................... ~ 6s
  Xdebug: [Step Debug] Time-out connecting to debugging client, waited: 200 ms. Tried: localhost:9003 (through xdebug.client_host/xdebug.client_port).
  2026-09-29 16:47:38 /api/storefront .......................................................................... ~ 6s
  Xdebug: [Step Debug] Time-out connecting to debugging client, waited: 200 ms. Tried: localhost:9003 (through xdebug.client_host/xdebug.client_port).
  2026-09-29 16:48:38 /api/storefront .......................................................................... ~ 6s
  Xdebug: [Step Debug] Time-out connecting to debugging client, waited: 200 ms. Tried: localhost:9003 (through xdebug.client_host/xdebug.client_port).
  2026-09-29 16:49:38 /api/storefront .......................................................................... ~ 6s
  Xdebug: [Step Debug] Time-out connecting to debugging client, waited: 200 ms. Tried: localhost:9003 (through xdebug.client_host/xdebug.client_port).
  2026-09-29 16:50:38 /api/storefront .......................................................................... ~ 6s
  Xdebug: [Step Debug] Time-out connecting to debugging client, waited: 200 ms. Tried: localhost:9003 (through xdebug.client_host/xdebug.client_port).
  2026-09-29 16:51:38 /api/storefront .......................................................................... ~ 6s
  Xdebug: [Step Debug] Time-out connecting to debugging client, waited: 200 ms. Tried: localhost:9003 (through xdebug.client_host/xdebug.client_port).
  2026-09-29 16:52:38 /api/storefront .......................................................................... ~ 6s
  Xdebug: [Step Debug] Time-out connecting to debugging client, waited: 200 ms. Tried: localhost:9003 (through xdebug.client_host/xdebug.client_port).
  2026-09-29 16:53:38 /api/storefront .......................................................................... ~ 6s
  Xdebug: [Step Debug] Time-out connecting to debugging client, waited: 200 ms. Tried: localhost:9003 (through xdebug.client_host/xdebug.client_port).
  2026-09-29 16:54:38 /api/storefront .......................................................................... ~ 6s
  Xdebug: [Step Debug] Time-out connecting to debugging client, waited: 200 ms. Tried: localhost:9003 (through xdebug.client_host/xdebug.client_port).
  2026-09-29 16:55:38 /api/storefront .......................................................................... ~ 6s
  Xdebug: [Step Debug] Time-out connecting to debugging client, waited: 200 ms. Tried: localhost:9003 (through xdebug.client_host/xdebug.client_port).
  2026-09-29 16:56:38 /api/storefront .......................................................................... ~ 6s
  Xdebug: [Step Debug] Time-out connecting to debugging client, waited: 200 ms. Tried: localhost:9003 (through xdebug.client_host/xdebug.client_port).
  2026-09-29 16:57:38 /api/storefront .......................................................................... ~ 6s
  Xdebug: [Step Debug] Time-out connecting to debugging client, waited: 200 ms. Tried: localhost:9003 (through xdebug.client_host/xdebug.client_port).
  2026-09-29 16:58:38 /api/storefront .......................................................................... ~ 6s
  Xdebug: [Step Debug] Time-out connecting to debugging client, waited: 200 ms. Tried: localhost:9003 (through xdebug.client_host/xdebug.client_port).
  2026-09-29 16:59:38 /api/storefront .......................................................................... ~ 6s
  Xdebug: [Step Debug] Time-out connecting to debugging client, waited: 200 ms. Tried: localhost:9003 (through xdebug.client_host/xdebug.client_port).
  2026-09-29 17:00:38 /api/storefront .......................................................................... ~ 6s
  Xdebug: [Step Debug] Time-out connecting to debugging client, waited: 200 ms. Tried: localhost:9003 (through xdebug.client_host/xdebug.client_port).
  2026-09-29 17:01:38 /api/storefront .......................................................................... ~ 6s
  Xdebug: [Step Debug] Time-out connecting to debugging client, waited: 200 ms. Tried: localhost:9003 (through xdebug.client_host/xdebug.client_port).
  2026-09-29 17:02:38 /api/storefront .......................................................................... ~ 6s
  Xdebug: [Step Debug] Time-out connecting to debugging client, waited: 200 ms. Tried: localhost:9003 (through xdebug.client_host/xdebug.client_port).
  2026-09-29 17:03:38 /api/storefront .......................................................................... ~ 6s
  Xdebug: [Step Debug] Time-out connecting to debugging client, waited: 200 ms. Tried: localhost:9003 (through xdebug.client_host/xdebug.client_port).
  2026-09-29 17:04:38 /api/storefront .......................................................................... ~ 6s
  Xdebug: [Step Debug] Time-out connecting to debugging client, waited: 200 ms. Tried: localhost:9003 (through xdebug.client_host/xdebug.client_port).
  2026-09-29 17:05:38 /api/storefront .......................................................................... ~ 6s
  Xdebug: [Step Debug] Time-out connecting to debugging client, waited: 200 ms. Tried: localhost:9003 (through xdebug.client_host/xdebug.client_port).
  2026-09-29 17:06:38 /api/storefront .......................................................................... ~ 6s
  Xdebug: [Step Debug] Time-out connecting to debugging client, waited: 200 ms. Tried: localhost:9003 (through xdebug.client_host/xdebug.client_port).
  2026-09-29 17:07:38 /api/storefront .......................................................................... ~ 6s
  Xdebug: [Step Debug] Time-out connecting to debugging client, waited: 200 ms. Tried: localhost:9003 (through xdebug.client_host/xdebug.client_port).
  2026-09-29 17:08:38 /api/storefront .......................................................................... ~ 6s
  Xdebug: [Step Debug] Time-out connecting to debugging client, waited: 200 ms. Tried: localhost:9003 (through xdebug.client_host/xdebug.client_port).
  2026-09-29 17:09:38 /api/storefront .......................................................................... ~ 6s
  Xdebug: [Step Debug] Time-out connecting to debugging client, waited: 200 ms. Tried: localhost:9003 (through xdebug.client_host/xdebug.client_port).
  2026-09-29 17:10:38 /api/storefront .......................................................................... ~ 6s
  Xdebug: [Step Debug] Time-out connecting to debugging client, waited: 200 ms. Tried: localhost:9003 (through xdebug.client_host/xdebug.client_port).
  2026-09-29 17:11:38 /api/storefront .......................................................................... ~ 6s
  Xdebug: [Step Debug] Time-out connecting to debugging client, waited: 200 ms. Tried: localhost:9003 (through xdebug.client_host/xdebug.client_port).
  2026-09-29 17:12:38 /api/storefront .......................................................................... ~ 6s
  Xdebug: [Step Debug] Time-out connecting to debugging client, waited: 200 ms. Tried: localhost:9003 (through xdebug.client_host/xdebug.client_port).
  2026-09-29 17:13:38 /api/storefront .......................................................................... ~ 6s
  Xdebug: [Step Debug] Time-out connecting to debugging client, waited: 200 ms. Tried: localhost:9003 (through xdebug.client_host/xdebug.client_port).
  2026-09-29 17:14:38 /api/storefront .......................................................................... ~ 6s
  Xdebug: [Step Debug] Time-out connecting to debugging client, waited: 200 ms. Tried: localhost:9003 (through xdebug.client_host/xdebug.client_port).
  2026-09-29 17:15:38 /api/storefront .......................................................................... ~ 6s
  Xdebug: [Step Debug] Time-out connecting to debugging client, waited: 200 ms. Tried: localhost:9003 (through xdebug.client_host/xdebug.client_port).
  2026-09-29 17:16:38 /api/storefront .......................................................................... ~ 6s
  Xdebug: [Step Debug] Time-out connecting to debugging client, waited: 200 ms. Tried: localhost:9003 (through xdebug.client_host/xdebug.client_port).
  2026-09-29 17:17:38 /api/storefront .......................................................................... ~ 6s
  Xdebug: [Step Debug] Time-out connecting to debugging client, waited: 200 ms. Tried: localhost:9003 (through xdebug.client_host/xdebug.client_port).
  2026-09-29 17:18:38 /api/storefront .......................................................................... ~ 6s
  Xdebug: [Step Debug] Time-out connecting to debugging client, waited: 200 ms. Tried: localhost:9003 (through xdebug.client_host/xdebug.client_port).
  2026-09-29 17:19:38 /api/storefront .......................................................................... ~ 6s
  Xdebug: [Step Debug] Time-out connecting to debugging client, waited: 200 ms. Tried: localhost:9003 (through xdebug.client_host/xdebug.client_port).
  2026-09-29 17:20:38 /api/storefront .......................................................................... ~ 6s
  Xdebug: [Step Debug] Time-out connecting to debugging client, waited: 200 ms. Tried: localhost:9003 (through xdebug.client_host/xdebug.client_port).
  2026-09-29 17:21:38 /api/storefront .......................................................................... ~ 6s
  Xdebug: [Step Debug] Time-out connecting to debugging client, waited: 200 ms. Tried: localhost:9003 (through xdebug.client_host/xdebug.client_port).
  2026-09-29 17:22:38 /api/storefront .......................................................................... ~ 6s
  Xdebug: [Step Debug] Time-out connecting to debugging client, waited: 200 ms. Tried: localhost:9003 (through xdebug.client_host/xdebug.client_port).
  2026-09-29 17:23:38 /api/storefront .......................................................................... ~ 6s
  Xdebug: [Step Debug] Time-out connecting to debugging client, waited: 200 ms. Tried: localhost:9003 (through xdebug.client_host/xdebug.client_port).
  2026-09-29 17:24:38 /api/storefront .......................................................................... ~ 6s
  Xdebug: [Step Debug] Time-out connecting to debugging client, waited: 200 ms. Tried: localhost:9003 (through xdebug.client_host/xdebug.client_port).
  2026-09-29 17:25:38 /api/storefront .......................................................................... ~ 6s
  Xdebug: [Step Debug] Time-out connecting to debugging client, waited: 200 ms. Tried: localhost:9003 (through xdebug.client_host/xdebug.client_port).
  2026-09-29 17:26:38 /api/storefront .......................................................................... ~ 6s
  Xdebug: [Step Debug] Time-out connecting to debugging client, waited: 200 ms. Tried: localhost:9003 (through xdebug.client_host/xdebug.client_port).
  2026-09-29 17:27:38 /api/storefront .......................................................................... ~ 6s
  Xdebug: [Step Debug] Time-out connecting to debugging client, waited: 200 ms. Tried: localhost:9003 (through xdebug.client_host/xdebug.client_port).
  2026-09-29 17:28:38 /api/storefront .......................................................................... ~ 6s
  Xdebug: [Step Debug] Time-out connecting to debugging client, waited: 200 ms. Tried: localhost:9003 (through xdebug.client_host/xdebug.client_port).
  2026-09-29 17:29:38 /api/storefront .......................................................................... ~ 6s
  Xdebug: [Step Debug] Time-out connecting to debugging client, waited: 200 ms. Tried: localhost:9003 (through xdebug.client_host/xdebug.client_port).
  2026-09-29 17:30:38 /api/storefront .......................................................................... ~ 6s
  Xdebug: [Step Debug] Time-out connecting to debugging client, waited: 200 ms. Tried: localhost:9003 (through xdebug.client_host/xdebug.client_port).
  2026-09-29 17:31:38 /api/storefront .......................................................................... ~ 6s
  Xdebug: [Step Debug] Time-out connecting to debugging client, waited: 200 ms. Tried: localhost:9003 (through xdebug.client_host/xdebug.client_port).
  2026-09-29 17:32:38 /api/storefront .......................................................................... ~ 6s
  Xdebug: [Step Debug] Time-out connecting to debugging client, waited: 200 ms. Tried: localhost:9003 (through xdebug.client_host/xdebug.client_port).
  2026-09-29 17:33:38 /api/storefront .......................................................................... ~ 6s
  Xdebug: [Step Debug] Time-out connecting to debugging client, waited: 200 ms. Tried: localhost:9003 (through xdebug.client_host/xdebug.client_port).
  2026-09-29 17:34:38 /api/storefront .......................................................................... ~ 6s
  Xdebug: [Step Debug] Time-out connecting to debugging client, waited: 200 ms. Tried: localhost:9003 (through xdebug.client_host/xdebug.client_port).
  2026-09-29 17:35:38 /api/storefront .......................................................................... ~ 6s
  Xdebug: [Step Debug] Time-out connecting to debugging client, waited: 200 ms. Tried: localhost:9003 (through xdebug.client_host/xdebug.client_port).
  2026-09-29 17:36:38 /api/storefront .......................................................................... ~ 6s
  Xdebug: [Step Debug] Time-out connecting to debugging client, waited: 200 ms. Tried: localhost:9003 (through xdebug.client_host/xdebug.client_port).
  2026-09-29 17:37:38 /api/storefront .......................................................................... ~ 6s
  Xdebug: [Step Debug] Time-out connecting to debugging client, waited: 200 ms. Tried: localhost:9003 (through xdebug.client_host/xdebug.client_port).
  2026-09-29 17:38:38 /api/storefront .......................................................................... ~ 6s
  Xdebug: [Step Debug] Time-out connecting to debugging client, waited: 200 ms. Tried: localhost:9003 (through xdebug.client_host/xdebug.client_port).
  2026-09-29 17:39:38 /api/storefront .......................................................................... ~ 6s
  Xdebug: [Step Debug] Time-out connecting to debugging client, waited: 200 ms. Tried: localhost:9003 (through xdebug.client_host/xdebug.client_port).
  2026-09-29 17:40:38 /api/storefront .......................................................................... ~ 6s
  Xdebug: [Step Debug] Time-out connecting to debugging client, waited: 200 ms. Tried: localhost:9003 (through xdebug.client_host/xdebug.client_port).
  2026-09-29 17:41:38 /api/storefront .......................................................................... ~ 6s
  Xdebug: [Step Debug] Time-out connecting to debugging client, waited: 200 ms. Tried: localhost:9003 (through xdebug.client_host/xdebug.client_port).
  2026-09-29 17:42:38 /api/storefront .......................................................................... ~ 7s
  Xdebug: [Step Debug] Time-out connecting to debugging client, waited: 200 ms. Tried: localhost:9003 (through xdebug.client_host/xdebug.client_port).
  2026-09-29 17:43:38 /api/storefront .......................................................................... ~ 6s
  Xdebug: [Step Debug] Time-out connecting to debugging client, waited: 200 ms. Tried: localhost:9003 (through xdebug.client_host/xdebug.client_port).
  2026-09-29 17:44:38 /api/storefront .......................................................................... ~ 6s
  Xdebug: [Step Debug] Time-out connecting to debugging client, waited: 200 ms. Tried: localhost:9003 (through xdebug.client_host/xdebug.client_port).
  2026-09-29 17:45:38 /api/storefront .......................................................................... ~ 6s
  Xdebug: [Step Debug] Time-out connecting to debugging client, waited: 200 ms. Tried: localhost:9003 (through xdebug.client_host/xdebug.client_port).
  2026-09-29 17:46:38 /api/storefront .......................................................................... ~ 6s
  Xdebug: [Step Debug] Time-out connecting to debugging client, waited: 200 ms. Tried: localhost:9003 (through xdebug.client_host/xdebug.client_port).
  2026-09-29 17:47:38 /api/storefront .......................................................................... ~ 6s
  Xdebug: [Step Debug] Time-out connecting to debugging client, waited: 200 ms. Tried: localhost:9003 (through xdebug.client_host/xdebug.client_port).
  2026-09-29 17:48:38 /api/storefront .......................................................................... ~ 6s
  Xdebug: [Step Debug] Time-out connecting to debugging client, waited: 200 ms. Tried: localhost:9003 (through xdebug.client_host/xdebug.client_port).
  2026-09-29 17:49:38 /api/storefront .......................................................................... ~ 6s
  Xdebug: [Step Debug] Time-out connecting to debugging client, waited: 200 ms. Tried: localhost:9003 (through xdebug.client_host/xdebug.client_port).
  2026-09-29 17:50:38 /api/storefront .......................................................................... ~ 6s
  Xdebug: [Step Debug] Time-out connecting to debugging client, waited: 200 ms. Tried: localhost:9003 (through xdebug.client_host/xdebug.client_port).
  2026-09-29 17:51:38 /api/storefront .......................................................................... ~ 6s
  Xdebug: [Step Debug] Time-out connecting to debugging client, waited: 200 ms. Tried: localhost:9003 (through xdebug.client_host/xdebug.client_port).
  2026-09-29 17:52:38 /api/storefront .......................................................................... ~ 6s
  Xdebug: [Step Debug] Time-out connecting to debugging client, waited: 200 ms. Tried: localhost:9003 (through xdebug.client_host/xdebug.client_port).
  2026-09-29 17:53:38 /api/storefront .......................................................................... ~ 6s
  Xdebug: [Step Debug] Time-out connecting to debugging client, waited: 200 ms. Tried: localhost:9003 (through xdebug.client_host/xdebug.client_port).
  2026-09-29 17:54:38 /api/storefront .......................................................................... ~ 6s
  Xdebug: [Step Debug] Time-out connecting to debugging client, waited: 200 ms. Tried: localhost:9003 (through xdebug.client_host/xdebug.client_port).
  2026-09-29 17:55:38 /api/storefront .......................................................................... ~ 6s
  Xdebug: [Step Debug] Time-out connecting to debugging client, waited: 200 ms. Tried: localhost:9003 (through xdebug.client_host/xdebug.client_port).
  2026-09-29 17:56:38 /api/storefront .......................................................................... ~ 6s
  Xdebug: [Step Debug] Time-out connecting to debugging client, waited: 200 ms. Tried: localhost:9003 (through xdebug.client_host/xdebug.client_port).
  2026-09-29 17:57:38 /api/storefront .......................................................................... ~ 6s
  Xdebug: [Step Debug] Time-out connecting to debugging client, waited: 200 ms. Tried: localhost:9003 (through xdebug.client_host/xdebug.client_port).
  2026-09-29 17:58:38 /api/storefront .......................................................................... ~ 6s
  Xdebug: [Step Debug] Time-out connecting to debugging client, waited: 200 ms. Tried: localhost:9003 (through xdebug.client_host/xdebug.client_port).
  2026-09-29 17:59:38 /api/storefront .......................................................................... ~ 6s
  Xdebug: [Step Debug] Time-out connecting to debugging client, waited: 200 ms. Tried: localhost:9003 (through xdebug.client_host/xdebug.client_port).
  2026-09-29 18:00:38 /api/storefront .......................................................................... ~ 6s
  Xdebug: [Step Debug] Time-out connecting to debugging client, waited: 200 ms. Tried: localhost:9003 (through xdebug.client_host/xdebug.client_port).
  2026-09-29 18:01:38 /api/storefront .......................................................................... ~ 6s
  Xdebug: [Step Debug] Time-out connecting to debugging client, waited: 200 ms. Tried: localhost:9003 (through xdebug.client_host/xdebug.client_port).
  2026-09-29 18:02:38 /api/storefront .......................................................................... ~ 6s
  Xdebug: [Step Debug] Time-out connecting to debugging client, waited: 200 ms. Tried: localhost:9003 (through xdebug.client_host/xdebug.client_port).
  2026-09-29 18:03:38 /api/storefront .......................................................................... ~ 6s
  Xdebug: [Step Debug] Time-out connecting to debugging client, waited: 200 ms. Tried: localhost:9003 (through xdebug.client_host/xdebug.client_port).
  2026-09-29 18:04:38 /api/storefront .......................................................................... ~ 6s
  Xdebug: [Step Debug] Time-out connecting to debugging client, waited: 200 ms. Tried: localhost:9003 (through xdebug.client_host/xdebug.client_port).
  2026-09-29 18:05:38 /api/storefront .......................................................................... ~ 6s
  Xdebug: [Step Debug] Time-out connecting to debugging client, waited: 200 ms. Tried: localhost:9003 (through xdebug.client_host/xdebug.client_port).
  2026-09-29 18:06:38 /api/storefront .......................................................................... ~ 6s
  Xdebug: [Step Debug] Time-out connecting to debugging client, waited: 200 ms. Tried: localhost:9003 (through xdebug.client_host/xdebug.client_port).
  2026-09-29 18:07:38 /api/storefront .......................................................................... ~ 6s
  Xdebug: [Step Debug] Time-out connecting to debugging client, waited: 200 ms. Tried: localhost:9003 (through xdebug.client_host/xdebug.client_port).
  2026-09-29 18:08:38 /api/storefront .......................................................................... ~ 6s
  Xdebug: [Step Debug] Time-out connecting to debugging client, waited: 200 ms. Tried: localhost:9003 (through xdebug.client_host/xdebug.client_port).
  2026-09-29 18:09:38 /api/storefront .......................................................................... ~ 6s
  Xdebug: [Step Debug] Time-out connecting to debugging client, waited: 200 ms. Tried: localhost:9003 (through xdebug.client_host/xdebug.client_port).
  2026-09-29 18:10:38 /api/storefront .......................................................................... ~ 6s
  Xdebug: [Step Debug] Time-out connecting to debugging client, waited: 200 ms. Tried: localhost:9003 (through xdebug.client_host/xdebug.client_port).
  2026-09-29 18:11:38 /api/storefront .......................................................................... ~ 6s
  Xdebug: [Step Debug] Time-out connecting to debugging client, waited: 200 ms. Tried: localhost:9003 (through xdebug.client_host/xdebug.client_port).
  2026-09-29 18:12:38 /api/storefront .......................................................................... ~ 6s
  Xdebug: [Step Debug] Time-out connecting to debugging client, waited: 200 ms. Tried: localhost:9003 (through xdebug.client_host/xdebug.client_port).
  2026-09-29 18:13:38 /api/storefront .......................................................................... ~ 6s
  Xdebug: [Step Debug] Time-out connecting to debugging client, waited: 200 ms. Tried: localhost:9003 (through xdebug.client_host/xdebug.client_port).
  2026-09-29 18:14:38 /api/storefront .......................................................................... ~ 6s
  Xdebug: [Step Debug] Time-out connecting to debugging client, waited: 200 ms. Tried: localhost:9003 (through xdebug.client_host/xdebug.client_port).
  2026-09-29 18:15:38 /api/storefront .......................................................................... ~ 6s
  Xdebug: [Step Debug] Time-out connecting to debugging client, waited: 200 ms. Tried: localhost:9003 (through xdebug.client_host/xdebug.client_port).
  2026-09-29 18:16:38 /api/storefront .......................................................................... ~ 6s
  Xdebug: [Step Debug] Time-out connecting to debugging client, waited: 200 ms. Tried: localhost:9003 (through xdebug.client_host/xdebug.client_port).
  2026-09-29 18:17:38 /api/storefront .......................................................................... ~ 6s
  Xdebug: [Step Debug] Time-out connecting to debugging client, waited: 200 ms. Tried: localhost:9003 (through xdebug.client_host/xdebug.client_port).
  2026-09-29 18:18:38 /api/storefront .......................................................................... ~ 6s
  Xdebug: [Step Debug] Time-out connecting to debugging client, waited: 200 ms. Tried: localhost:9003 (through xdebug.client_host/xdebug.client_port).
  2026-09-29 18:19:38 /api/storefront .......................................................................... ~ 6s
  Xdebug: [Step Debug] Time-out connecting to debugging client, waited: 200 ms. Tried: localhost:9003 (through xdebug.client_host/xdebug.client_port).
  2026-09-29 18:20:38 /api/storefront .......................................................................... ~ 6s
  Xdebug: [Step Debug] Time-out connecting to debugging client, waited: 200 ms. Tried: localhost:9003 (through xdebug.client_host/xdebug.client_port).
  2026-09-29 18:21:38 /api/storefront .......................................................................... ~ 6s
  Xdebug: [Step Debug] Time-out connecting to debugging client, waited: 200 ms. Tried: localhost:9003 (through xdebug.client_host/xdebug.client_port).
  2026-09-29 18:22:38 /api/storefront .......................................................................... ~ 6s
  Xdebug: [Step Debug] Time-out connecting to debugging client, waited: 200 ms. Tried: localhost:9003 (through xdebug.client_host/xdebug.client_port).
  2026-09-29 18:23:38 /api/storefront .......................................................................... ~ 6s
  Xdebug: [Step Debug] Time-out connecting to debugging client, waited: 200 ms. Tried: localhost:9003 (through xdebug.client_host/xdebug.client_port).
  2026-09-29 18:24:38 /api/storefront .......................................................................... ~ 6s
  Xdebug: [Step Debug] Time-out connecting to debugging client, waited: 200 ms. Tried: localhost:9003 (through xdebug.client_host/xdebug.client_port).
  2026-09-29 18:25:38 /api/storefront .......................................................................... ~ 6s
  Xdebug: [Step Debug] Time-out connecting to debugging client, waited: 200 ms. Tried: localhost:9003 (through xdebug.client_host/xdebug.client_port).
  2026-09-29 18:26:38 /api/storefront .......................................................................... ~ 6s
  Xdebug: [Step Debug] Time-out connecting to debugging client, waited: 200 ms. Tried: localhost:9003 (through xdebug.client_host/xdebug.client_port).
  2026-09-29 18:27:38 /api/storefront .......................................................................... ~ 6s
  Xdebug: [Step Debug] Time-out connecting to debugging client, waited: 200 ms. Tried: localhost:9003 (through xdebug.client_host/xdebug.client_port).
  2026-09-29 18:28:38 /api/storefront .......................................................................... ~ 6s
  Xdebug: [Step Debug] Time-out connecting to debugging client, waited: 200 ms. Tried: localhost:9003 (through xdebug.client_host/xdebug.client_port).
  2026-09-29 18:29:38 /api/storefront .......................................................................... ~ 6s
  Xdebug: [Step Debug] Time-out connecting to debugging client, waited: 200 ms. Tried: localhost:9003 (through xdebug.client_host/xdebug.client_port).
  2026-09-29 18:30:38 /api/storefront .......................................................................... ~ 6s
  Xdebug: [Step Debug] Time-out connecting to debugging client, waited: 200 ms. Tried: localhost:9003 (through xdebug.client_host/xdebug.client_port).
  2026-09-29 18:31:38 /api/storefront .......................................................................... ~ 6s
  Xdebug: [Step Debug] Time-out connecting to debugging client, waited: 200 ms. Tried: localhost:9003 (through xdebug.client_host/xdebug.client_port).
  2026-09-29 18:32:38 /api/storefront .......................................................................... ~ 7s
  Xdebug: [Step Debug] Time-out connecting to debugging client, waited: 200 ms. Tried: localhost:9003 (through xdebug.client_host/xdebug.client_port).
  2026-09-29 18:33:38 /api/storefront ......................................................................... ~ 11s
  Xdebug: [Step Debug] Time-out connecting to debugging client, waited: 200 ms. Tried: localhost:9003 (through xdebug.client_host/xdebug.client_port).
  2026-09-29 18:33:49 /api/admin/orders ....................................................................... ~ 12s
  Xdebug: [Step Debug] Time-out connecting to debugging client, waited: 200 ms. Tried: localhost:9003 (through xdebug.client_host/xdebug.client_port).
  2026-09-29 18:33:49 /api/admin/orders ....................................................................... ~ 13s
  Xdebug: [Step Debug] Time-out connecting to debugging client, waited: 200 ms. Tried: localhost:9003 (through xdebug.client_host/xdebug.client_port).
  2026-09-29 18:34:02 /api/admin/settings ...................................................................... ~ 2s
  Xdebug: [Step Debug] Time-out connecting to debugging client, waited: 200 ms. Tried: localhost:9003 (through xdebug.client_host/xdebug.client_port).
  2026-09-29 18:34:03 /api/admin/menu .......................................................................... ~ 7s
  Xdebug: [Step Debug] Time-out connecting to debugging client, waited: 200 ms. Tried: localhost:9003 (through xdebug.client_host/xdebug.client_port).
  2026-09-29 18:34:04 /api/storefront ......................................................................... ~ 18s
  Xdebug: [Step Debug] Time-out connecting to debugging client, waited: 200 ms. Tried: localhost:9003 (through xdebug.client_host/xdebug.client_port).
  2026-09-29 18:34:11 /api/admin/orders ....................................................................... ~ 16s
  Xdebug: [Step Debug] Time-out connecting to debugging client, waited: 200 ms. Tried: localhost:9003 (through xdebug.client_host/xdebug.client_port).
  2026-09-29 18:34:23 /api/admin/settings ...................................................................... ~ 6s
  Xdebug: [Step Debug] Time-out connecting to debugging client, waited: 200 ms. Tried: localhost:9003 (through xdebug.client_host/xdebug.client_port).
  2026-09-29 18:34:28 /api/admin/menu .......................................................................... ~ 7s
  Xdebug: [Step Debug] Time-out connecting to debugging client, waited: 200 ms. Tried: localhost:9003 (through xdebug.client_host/xdebug.client_port).
  2026-09-29 18:34:29 /api/storefront ......................................................................... ~ 14s
  Xdebug: [Step Debug] Time-out connecting to debugging client, waited: 200 ms. Tried: localhost:9003 (through xdebug.client_host/xdebug.client_port).
  2026-09-29 18:34:43 /api/storefront .......................................................................... ~ 8s
  Xdebug: [Step Debug] Time-out connecting to debugging client, waited: 200 ms. Tried: localhost:9003 (through xdebug.client_host/xdebug.client_port).
  2026-09-29 18:35:38 /api/storefront ......................................................................... ~ 14s
  Xdebug: [Step Debug] Time-out connecting to debugging client, waited: 200 ms. Tried: localhost:9003 (through xdebug.client_host/xdebug.client_port).
  2026-09-29 18:36:38 /api/storefront .......................................................................... ~ 8s
  Xdebug: [Step Debug] Time-out connecting to debugging client, waited: 200 ms. Tried: localhost:9003 (through xdebug.client_host/xdebug.client_port).
  2026-09-29 18:37:38 /api/storefront ......................................................................... ~ 12s
  Xdebug: [Step Debug] Time-out connecting to debugging client, waited: 200 ms. Tried: localhost:9003 (through xdebug.client_host/xdebug.client_port).
  2026-09-29 18:38:38 /api/storefront .......................................................................... ~ 8s
  Xdebug: [Step Debug] Time-out connecting to debugging client, waited: 200 ms. Tried: localhost:9003 (through xdebug.client_host/xdebug.client_port).
  2026-09-29 18:39:38 /api/storefront .......................................................................... ~ 6s
  Xdebug: [Step Debug] Time-out connecting to debugging client, waited: 200 ms. Tried: localhost:9003 (through xdebug.client_host/xdebug.client_port).
  2026-09-29 18:40:38 /api/storefront .......................................................................... ~ 6s
  Xdebug: [Step Debug] Time-out connecting to debugging client, waited: 200 ms. Tried: localhost:9003 (through xdebug.client_host/xdebug.client_port).
  2026-09-29 18:41:38 /api/storefront ......................................................................... ~ 12s
  Xdebug: [Step Debug] Time-out connecting to debugging client, waited: 200 ms. Tried: localhost:9003 (through xdebug.client_host/xdebug.client_port).
  2026-09-29 18:42:38 /api/storefront .......................................................................... ~ 7s
  Xdebug: [Step Debug] Time-out connecting to debugging client, waited: 200 ms. Tried: localhost:9003 (through xdebug.client_host/xdebug.client_port).
  2026-09-29 18:43:38 /api/storefront .......................................................................... ~ 7s
  Xdebug: [Step Debug] Time-out connecting to debugging client, waited: 200 ms. Tried: localhost:9003 (through xdebug.client_host/xdebug.client_port).
  2026-09-29 18:44:38 /api/storefront .......................................................................... ~ 7s
  Xdebug: [Step Debug] Time-out connecting to debugging client, waited: 200 ms. Tried: localhost:9003 (through xdebug.client_host/xdebug.client_port).
  2026-09-29 18:45:38 /api/storefront .......................................................................... ~ 7s
  Xdebug: [Step Debug] Time-out connecting to debugging client, waited: 200 ms. Tried: localhost:9003 (through xdebug.client_host/xdebug.client_port).
  2026-09-29 18:46:38 /api/storefront .......................................................................... ~ 6s
  Xdebug: [Step Debug] Time-out connecting to debugging client, waited: 200 ms. Tried: localhost:9003 (through xdebug.client_host/xdebug.client_port).
  2026-09-29 18:47:38 /api/storefront .......................................................................... ~ 7s
  Xdebug: [Step Debug] Time-out connecting to debugging client, waited: 200 ms. Tried: localhost:9003 (through xdebug.client_host/xdebug.client_port).
  2026-09-29 18:48:38 /api/storefront .......................................................................... ~ 6s
  Xdebug: [Step Debug] Time-out connecting to debugging client, waited: 200 ms. Tried: localhost:9003 (through xdebug.client_host/xdebug.client_port).
  2026-09-29 18:49:38 /api/storefront .......................................................................... ~ 6s
  Xdebug: [Step Debug] Time-out connecting to debugging client, waited: 200 ms. Tried: localhost:9003 (through xdebug.client_host/xdebug.client_port).
  2026-09-29 18:50:38 /api/storefront .......................................................................... ~ 6s
  Xdebug: [Step Debug] Time-out connecting to debugging client, waited: 200 ms. Tried: localhost:9003 (through xdebug.client_host/xdebug.client_port).
  2026-09-29 18:51:38 /api/storefront .......................................................................... ~ 6s
  Xdebug: [Step Debug] Time-out connecting to debugging client, waited: 200 ms. Tried: localhost:9003 (through xdebug.client_host/xdebug.client_port).
  2026-09-29 18:52:38 /api/storefront .......................................................................... ~ 6s
  Xdebug: [Step Debug] Time-out connecting to debugging client, waited: 200 ms. Tried: localhost:9003 (through xdebug.client_host/xdebug.client_port).
  2026-09-29 18:53:38 /api/storefront .......................................................................... ~ 6s
  Xdebug: [Step Debug] Time-out connecting to debugging client, waited: 200 ms. Tried: localhost:9003 (through xdebug.client_host/xdebug.client_port).
  2026-09-29 18:54:38 /api/storefront .......................................................................... ~ 6s
  Xdebug: [Step Debug] Time-out connecting to debugging client, waited: 200 ms. Tried: localhost:9003 (through xdebug.client_host/xdebug.client_port).
  2026-09-29 18:55:38 /api/storefront .......................................................................... ~ 6s
  Xdebug: [Step Debug] Time-out connecting to debugging client, waited: 200 ms. Tried: localhost:9003 (through xdebug.client_host/xdebug.client_port).
  2026-09-29 18:56:38 /api/storefront .......................................................................... ~ 6s
  Xdebug: [Step Debug] Time-out connecting to debugging client, waited: 200 ms. Tried: localhost:9003 (through xdebug.client_host/xdebug.client_port).
  2026-09-29 18:57:38 /api/storefront .......................................................................... ~ 6s
  Xdebug: [Step Debug] Time-out connecting to debugging client, waited: 200 ms. Tried: localhost:9003 (through xdebug.client_host/xdebug.client_port).
  2026-09-29 18:58:38 /api/storefront .......................................................................... ~ 7s
  Xdebug: [Step Debug] Time-out connecting to debugging client, waited: 200 ms. Tried: localhost:9003 (through xdebug.client_host/xdebug.client_port).
  2026-09-29 18:59:38 /api/storefront .......................................................................... ~ 6s
  Xdebug: [Step Debug] Time-out connecting to debugging client, waited: 200 ms. Tried: localhost:9003 (through xdebug.client_host/xdebug.client_port).
  2026-09-29 19:00:38 /api/storefront .......................................................................... ~ 6s
  Xdebug: [Step Debug] Time-out connecting to debugging client, waited: 200 ms. Tried: localhost:9003 (through xdebug.client_host/xdebug.client_port).
  2026-09-29 19:01:38 /api/storefront .......................................................................... ~ 6s
  Xdebug: [Step Debug] Time-out connecting to debugging client, waited: 200 ms. Tried: localhost:9003 (through xdebug.client_host/xdebug.client_port).
  2026-09-29 19:02:38 /api/storefront .......................................................................... ~ 6s
  Xdebug: [Step Debug] Time-out connecting to debugging client, waited: 200 ms. Tried: localhost:9003 (through xdebug.client_host/xdebug.client_port).
  2026-09-29 19:03:38 /api/storefront .......................................................................... ~ 6s
  Xdebug: [Step Debug] Time-out connecting to debugging client, waited: 200 ms. Tried: localhost:9003 (through xdebug.client_host/xdebug.client_port).
  2026-09-29 19:04:38 /api/storefront .......................................................................... ~ 6s
  Xdebug: [Step Debug] Time-out connecting to debugging client, waited: 200 ms. Tried: localhost:9003 (through xdebug.client_host/xdebug.client_port).
  2026-09-29 19:05:38 /api/storefront .......................................................................... ~ 7s
  Xdebug: [Step Debug] Time-out connecting to debugging client, waited: 200 ms. Tried: localhost:9003 (through xdebug.client_host/xdebug.client_port).
  2026-09-29 19:06:38 /api/storefront .......................................................................... ~ 6s
  Xdebug: [Step Debug] Time-out connecting to debugging client, waited: 200 ms. Tried: localhost:9003 (through xdebug.client_host/xdebug.client_port).
  2026-09-29 19:07:38 /api/storefront .......................................................................... ~ 6s
  Xdebug: [Step Debug] Time-out connecting to debugging client, waited: 200 ms. Tried: localhost:9003 (through xdebug.client_host/xdebug.client_port).
  2026-09-29 19:08:38 /api/storefront .......................................................................... ~ 6s
  Xdebug: [Step Debug] Time-out connecting to debugging client, waited: 200 ms. Tried: localhost:9003 (through xdebug.client_host/xdebug.client_port).
  2026-09-29 19:09:38 /api/storefront .......................................................................... ~ 7s
  Xdebug: [Step Debug] Time-out connecting to debugging client, waited: 200 ms. Tried: localhost:9003 (through xdebug.client_host/xdebug.client_port).
  2026-09-29 19:10:38 /api/storefront .......................................................................... ~ 6s
  Xdebug: [Step Debug] Time-out connecting to debugging client, waited: 200 ms. Tried: localhost:9003 (through xdebug.client_host/xdebug.client_port).
  2026-09-29 19:11:38 /api/storefront .......................................................................... ~ 6s
  Xdebug: [Step Debug] Time-out connecting to debugging client, waited: 200 ms. Tried: localhost:9003 (through xdebug.client_host/xdebug.client_port).
  2026-09-29 19:12:38 /api/storefront .......................................................................... ~ 6s
  Xdebug: [Step Debug] Time-out connecting to debugging client, waited: 200 ms. Tried: localhost:9003 (through xdebug.client_host/xdebug.client_port).
  2026-09-29 19:13:38 /api/storefront .......................................................................... ~ 7s
  Xdebug: [Step Debug] Time-out connecting to debugging client, waited: 200 ms. Tried: localhost:9003 (through xdebug.client_host/xdebug.client_port).
  2026-09-29 19:14:38 /api/storefront .......................................................................... ~ 7s
  Xdebug: [Step Debug] Time-out connecting to debugging client, waited: 200 ms. Tried: localhost:9003 (through xdebug.client_host/xdebug.client_port).
  2026-09-29 19:15:38 /api/storefront .......................................................................... ~ 6s
  Xdebug: [Step Debug] Time-out connecting to debugging client, waited: 200 ms. Tried: localhost:9003 (through xdebug.client_host/xdebug.client_port).
  2026-09-29 19:16:38 /api/storefront .......................................................................... ~ 7s
  Xdebug: [Step Debug] Time-out connecting to debugging client, waited: 200 ms. Tried: localhost:9003 (through xdebug.client_host/xdebug.client_port).
  2026-09-29 19:17:38 /api/storefront .......................................................................... ~ 7s
  Xdebug: [Step Debug] Time-out connecting to debugging client, waited: 200 ms. Tried: localhost:9003 (through xdebug.client_host/xdebug.client_port).
  2026-09-29 19:18:38 /api/storefront .......................................................................... ~ 6s
  Xdebug: [Step Debug] Time-out connecting to debugging client, waited: 200 ms. Tried: localhost:9003 (through xdebug.client_host/xdebug.client_port).
  2026-09-29 19:19:38 /api/storefront .......................................................................... ~ 6s
  Xdebug: [Step Debug] Time-out connecting to debugging client, waited: 200 ms. Tried: localhost:9003 (through xdebug.client_host/xdebug.client_port).
  2026-09-29 19:20:38 /api/storefront .......................................................................... ~ 6s
  Xdebug: [Step Debug] Time-out connecting to debugging client, waited: 200 ms. Tried: localhost:9003 (through xdebug.client_host/xdebug.client_port).
  2026-09-29 19:21:45 /api/storefront .......................................................................... ~ 6s
  Xdebug: [Step Debug] Time-out connecting to debugging client, waited: 200 ms. Tried: localhost:9003 (through xdebug.client_host/xdebug.client_port).
  2026-09-29 19:22:45 /api/storefront .......................................................................... ~ 6s
  Xdebug: [Step Debug] Time-out connecting to debugging client, waited: 200 ms. Tried: localhost:9003 (through xdebug.client_host/xdebug.client_port).
  2026-09-29 19:23:45 /api/storefront .......................................................................... ~ 6s
  Xdebug: [Step Debug] Time-out connecting to debugging client, waited: 200 ms. Tried: localhost:9003 (through xdebug.client_host/xdebug.client_port).
  2026-09-29 19:24:45 /api/storefront .......................................................................... ~ 6s
  Xdebug: [Step Debug] Time-out connecting to debugging client, waited: 200 ms. Tried: localhost:9003 (through xdebug.client_host/xdebug.client_port).
  2026-09-29 19:25:45 /api/storefront .......................................................................... ~ 6s
  Xdebug: [Step Debug] Time-out connecting to debugging client, waited: 200 ms. Tried: localhost:9003 (through xdebug.client_host/xdebug.client_port).
  2026-09-29 19:26:45 /api/storefront .......................................................................... ~ 6s
  Xdebug: [Step Debug] Time-out connecting to debugging client, waited: 200 ms. Tried: localhost:9003 (through xdebug.client_host/xdebug.client_port).
  2026-09-29 19:27:43 /api/storefront .......................................................................... ~ 6s
  Xdebug: [Step Debug] Time-out connecting to debugging client, waited: 200 ms. Tried: localhost:9003 (through xdebug.client_host/xdebug.client_port).
  2026-09-29 19:27:50 /api/storefront .......................................................................... ~ 6s
  Xdebug: [Step Debug] Time-out connecting to debugging client, waited: 200 ms. Tried: localhost:9003 (through xdebug.client_host/xdebug.client_port).
  2026-09-29 19:28:44 /api/storefront .......................................................................... ~ 6s
  Xdebug: [Step Debug] Time-out connecting to debugging client, waited: 200 ms. Tried: localhost:9003 (through xdebug.client_host/xdebug.client_port).
  2026-09-29 19:29:20 /api/storefront .......................................................................... ~ 6s
  Xdebug: [Step Debug] Time-out connecting to debugging client, waited: 200 ms. Tried: localhost:9003 (through xdebug.client_host/xdebug.client_port).
  2026-09-29 19:29:27 /api/storefront .......................................................................... ~ 6s
  Xdebug: [Step Debug] Time-out connecting to debugging client, waited: 200 ms. Tried: localhost:9003 (through xdebug.client_host/xdebug.client_port).
  2026-09-29 19:29:43 /api/storefront .......................................................................... ~ 6s
  Xdebug: [Step Debug] Time-out connecting to debugging client, waited: 200 ms. Tried: localhost:9003 (through xdebug.client_host/xdebug.client_port).
  2026-09-29 19:30:43 /api/storefront .......................................................................... ~ 6s
  Xdebug: [Step Debug] Time-out connecting to debugging client, waited: 200 ms. Tried: localhost:9003 (through xdebug.client_host/xdebug.client_port).
  2026-09-29 19:31:43 /api/storefront .......................................................................... ~ 6s
  Xdebug: [Step Debug] Time-out connecting to debugging client, waited: 200 ms. Tried: localhost:9003 (through xdebug.client_host/xdebug.client_port).
  2026-09-29 19:32:44 /api/storefront .......................................................................... ~ 6s
  Xdebug: [Step Debug] Time-out connecting to debugging client, waited: 200 ms. Tried: localhost:9003 (through xdebug.client_host/xdebug.client_port).
  2026-09-29 19:33:44 /api/storefront .......................................................................... ~ 6s
  Xdebug: [Step Debug] Time-out connecting to debugging client, waited: 200 ms. Tried: localhost:9003 (through xdebug.client_host/xdebug.client_port).
  2026-09-29 19:34:44 /api/storefront .......................................................................... ~ 6s
  Xdebug: [Step Debug] Time-out connecting to debugging client, waited: 200 ms. Tried: localhost:9003 (through xdebug.client_host/xdebug.client_port).
  2026-09-29 19:35:44 /api/storefront .......................................................................... ~ 6s
  Xdebug: [Step Debug] Time-out connecting to debugging client, waited: 200 ms. Tried: localhost:9003 (through xdebug.client_host/xdebug.client_port).
  2026-09-29 19:36:44 /api/storefront .......................................................................... ~ 6s
  Xdebug: [Step Debug] Time-out connecting to debugging client, waited: 200 ms. Tried: localhost:9003 (through xdebug.client_host/xdebug.client_port).
  2026-09-29 19:37:45 /api/storefront .......................................................................... ~ 6s
  Xdebug: [Step Debug] Time-out connecting to debugging client, waited: 200 ms. Tried: localhost:9003 (through xdebug.client_host/xdebug.client_port).
  2026-09-29 19:38:45 /api/storefront .......................................................................... ~ 6s
  Xdebug: [Step Debug] Time-out connecting to debugging client, waited: 200 ms. Tried: localhost:9003 (through xdebug.client_host/xdebug.client_port).
  2026-09-29 19:39:45 /api/storefront .......................................................................... ~ 6s
  Xdebug: [Step Debug] Time-out connecting to debugging client, waited: 200 ms. Tried: localhost:9003 (through xdebug.client_host/xdebug.client_port).
  2026-09-29 19:40:45 /api/storefront .......................................................................... ~ 6s
  Xdebug: [Step Debug] Time-out connecting to debugging client, waited: 200 ms. Tried: localhost:9003 (through xdebug.client_host/xdebug.client_port).
  2026-09-29 19:41:45 /api/storefront .......................................................................... ~ 5s
  Xdebug: [Step Debug] Time-out connecting to debugging client, waited: 200 ms. Tried: localhost:9003 (through xdebug.client_host/xdebug.client_port).
  2026-09-29 19:42:45 /api/storefront .......................................................................... ~ 6s
  Xdebug: [Step Debug] Time-out connecting to debugging client, waited: 200 ms. Tried: localhost:9003 (through xdebug.client_host/xdebug.client_port).
  2026-09-29 19:43:45 /api/storefront .......................................................................... ~ 6s
  Xdebug: [Step Debug] Time-out connecting to debugging client, waited: 200 ms. Tried: localhost:9003 (through xdebug.client_host/xdebug.client_port).
  2026-09-29 19:44:45 /api/storefront .......................................................................... ~ 6s
  Xdebug: [Step Debug] Time-out connecting to debugging client, waited: 200 ms. Tried: localhost:9003 (through xdebug.client_host/xdebug.client_port).
  2026-09-29 19:45:04 /api/admin/orders ........................................................................ ~ 1s
  Xdebug: [Step Debug] Time-out connecting to debugging client, waited: 200 ms. Tried: localhost:9003 (through xdebug.client_host/xdebug.client_port).
  2026-09-29 19:45:05 /api/storefront .......................................................................... ~ 6s
  Xdebug: [Step Debug] Time-out connecting to debugging client, waited: 200 ms. Tried: localhost:9003 (through xdebug.client_host/xdebug.client_port).
  2026-09-29 19:45:05 /api/admin/menu ......................................................................... ~ 12s
  Xdebug: [Step Debug] Time-out connecting to debugging client, waited: 200 ms. Tried: localhost:9003 (through xdebug.client_host/xdebug.client_port).
  2026-09-29 19:45:12 /api/admin/settings ...................................................................... ~ 7s
  Xdebug: [Step Debug] Time-out connecting to debugging client, waited: 200 ms. Tried: localhost:9003 (through xdebug.client_host/xdebug.client_port).
  2026-09-29 19:45:18 /api/storefront .......................................................................... ~ 7s
  Xdebug: [Step Debug] Time-out connecting to debugging client, waited: 200 ms. Tried: localhost:9003 (through xdebug.client_host/xdebug.client_port).
  2026-09-29 19:45:19 /api/admin/orders ........................................................................ ~ 7s
  Xdebug: [Step Debug] Time-out connecting to debugging client, waited: 200 ms. Tried: localhost:9003 (through xdebug.client_host/xdebug.client_port).
  2026-09-29 19:45:25 /api/admin/menu .......................................................................... ~ 7s
  Xdebug: [Step Debug] Time-out connecting to debugging client, waited: 200 ms. Tried: localhost:9003 (through xdebug.client_host/xdebug.client_port).
  2026-09-29 19:45:26 /api/admin/settings ...................................................................... ~ 7s
  Xdebug: [Step Debug] Time-out connecting to debugging client, waited: 200 ms. Tried: localhost:9003 (through xdebug.client_host/xdebug.client_port).
  2026-09-29 19:45:32 /api/media/01a0da49-8e7c-73b7-b3e8-dfc8d35c49da/ef04e23b-292a-4d1f-a3df-97f027eeb584.png . ~ 2s
  Xdebug: [Step Debug] Time-out connecting to debugging client, waited: 200 ms. Tried: localhost:9003 (through xdebug.client_host/xdebug.client_port).
  2026-09-29 19:45:33 /api/admin/orders ........................................................................ ~ 2s
  Xdebug: [Step Debug] Time-out connecting to debugging client, waited: 200 ms. Tried: localhost:9003 (through xdebug.client_host/xdebug.client_port).
  2026-09-29 19:45:36 /api/admin/orders ........................................................................ ~ 1s
  Xdebug: [Step Debug] Time-out connecting to debugging client, waited: 200 ms. Tried: localhost:9003 (through xdebug.client_host/xdebug.client_port).
  2026-09-29 19:45:44 /api/admin/orders ........................................................................ ~ 1s
  Xdebug: [Step Debug] Time-out connecting to debugging client, waited: 200 ms. Tried: localhost:9003 (through xdebug.client_host/xdebug.client_port).
  2026-09-29 19:45:45 /api/storefront .......................................................................... ~ 6s
  Xdebug: [Step Debug] Time-out connecting to debugging client, waited: 200 ms. Tried: localhost:9003 (through xdebug.client_host/xdebug.client_port).
  2026-09-29 19:45:52 /api/admin/orders ........................................................................ ~ 1s
  Xdebug: [Step Debug] Time-out connecting to debugging client, waited: 200 ms. Tried: localhost:9003 (through xdebug.client_host/xdebug.client_port).
  2026-09-29 19:46:00 /api/admin/orders ........................................................................ ~ 1s
  Xdebug: [Step Debug] Time-out connecting to debugging client, waited: 200 ms. Tried: localhost:9003 (through xdebug.client_host/xdebug.client_port).
  2026-09-29 19:46:45 /api/storefront .......................................................................... ~ 6s
  Xdebug: [Step Debug] Time-out connecting to debugging client, waited: 200 ms. Tried: localhost:9003 (through xdebug.client_host/xdebug.client_port).
  2026-09-29 19:46:51 /api/admin/orders ........................................................................ ~ 1s
  Xdebug: [Step Debug] Time-out connecting to debugging client, waited: 200 ms. Tried: localhost:9003 (through xdebug.client_host/xdebug.client_port).
  2026-09-29 19:47:45 /api/storefront .......................................................................... ~ 6s
  Xdebug: [Step Debug] Time-out connecting to debugging client, waited: 200 ms. Tried: localhost:9003 (through xdebug.client_host/xdebug.client_port).
  2026-09-29 19:47:52 /api/admin/orders ........................................................................ ~ 1s
  Xdebug: [Step Debug] Time-out connecting to debugging client, waited: 200 ms. Tried: localhost:9003 (through xdebug.client_host/xdebug.client_port).
  2026-09-29 19:48:45 /api/admin/orders ........................................................................ ~ 1s
  Xdebug: [Step Debug] Time-out connecting to debugging client, waited: 200 ms. Tried: localhost:9003 (through xdebug.client_host/xdebug.client_port).
  2026-09-29 19:48:46 /api/storefront .......................................................................... ~ 6s
  Xdebug: [Step Debug] Time-out connecting to debugging client, waited: 200 ms. Tried: localhost:9003 (through xdebug.client_host/xdebug.client_port).
  2026-09-29 19:49:45 /api/storefront .......................................................................... ~ 6s
  Xdebug: [Step Debug] Time-out connecting to debugging client, waited: 200 ms. Tried: localhost:9003 (through xdebug.client_host/xdebug.client_port).
  2026-09-29 19:49:51 /api/admin/orders ........................................................................ ~ 1s
  Xdebug: [Step Debug] Time-out connecting to debugging client, waited: 200 ms. Tried: localhost:9003 (through xdebug.client_host/xdebug.client_port).
  2026-09-29 19:50:45 /api/storefront .......................................................................... ~ 6s
  Xdebug: [Step Debug] Time-out connecting to debugging client, waited: 200 ms. Tried: localhost:9003 (through xdebug.client_host/xdebug.client_port).
  2026-09-29 19:50:52 /api/admin/orders ........................................................................ ~ 1s
  Xdebug: [Step Debug] Time-out connecting to debugging client, waited: 200 ms. Tried: localhost:9003 (through xdebug.client_host/xdebug.client_port).
  2026-09-29 19:51:45 /api/storefront .......................................................................... ~ 6s
  Xdebug: [Step Debug] Time-out connecting to debugging client, waited: 200 ms. Tried: localhost:9003 (through xdebug.client_host/xdebug.client_port).
  2026-09-29 19:51:51 /api/admin/orders ........................................................................ ~ 1s
  Xdebug: [Step Debug] Time-out connecting to debugging client, waited: 200 ms. Tried: localhost:9003 (through xdebug.client_host/xdebug.client_port).
  2026-09-29 19:52:45 /api/storefront .......................................................................... ~ 6s
  Xdebug: [Step Debug] Time-out connecting to debugging client, waited: 200 ms. Tried: localhost:9003 (through xdebug.client_host/xdebug.client_port).
  2026-09-29 19:52:45 /api/admin/orders ........................................................................ ~ 7s
  Xdebug: [Step Debug] Time-out connecting to debugging client, waited: 200 ms. Tried: localhost:9003 (through xdebug.client_host/xdebug.client_port).
  2026-09-29 19:53:45 /api/storefront .......................................................................... ~ 6s
  Xdebug: [Step Debug] Time-out connecting to debugging client, waited: 200 ms. Tried: localhost:9003 (through xdebug.client_host/xdebug.client_port).
  2026-09-29 19:53:51 /api/admin/orders ........................................................................ ~ 1s
  Xdebug: [Step Debug] Time-out connecting to debugging client, waited: 200 ms. Tried: localhost:9003 (through xdebug.client_host/xdebug.client_port).
  2026-09-29 19:54:45 /api/storefront .......................................................................... ~ 6s
  Xdebug: [Step Debug] Time-out connecting to debugging client, waited: 200 ms. Tried: localhost:9003 (through xdebug.client_host/xdebug.client_port).
  2026-09-29 19:54:52 /api/admin/orders ........................................................................ ~ 1s
  Xdebug: [Step Debug] Time-out connecting to debugging client, waited: 200 ms. Tried: localhost:9003 (through xdebug.client_host/xdebug.client_port).
  2026-09-29 19:55:45 /api/storefront .......................................................................... ~ 6s
  Xdebug: [Step Debug] Time-out connecting to debugging client, waited: 200 ms. Tried: localhost:9003 (through xdebug.client_host/xdebug.client_port).
  2026-09-29 19:55:51 /api/admin/orders ........................................................................ ~ 1s
  Xdebug: [Step Debug] Time-out connecting to debugging client, waited: 200 ms. Tried: localhost:9003 (through xdebug.client_host/xdebug.client_port).
  2026-09-29 19:56:45 /api/storefront .......................................................................... ~ 6s
  Xdebug: [Step Debug] Time-out connecting to debugging client, waited: 200 ms. Tried: localhost:9003 (through xdebug.client_host/xdebug.client_port).
  2026-09-29 19:56:45 /api/admin/orders ........................................................................ ~ 7s
  Xdebug: [Step Debug] Time-out connecting to debugging client, waited: 200 ms. Tried: localhost:9003 (through xdebug.client_host/xdebug.client_port).
  2026-09-29 19:57:45 /api/storefront .......................................................................... ~ 6s
  Xdebug: [Step Debug] Time-out connecting to debugging client, waited: 200 ms. Tried: localhost:9003 (through xdebug.client_host/xdebug.client_port).
  2026-09-29 19:57:45 /api/admin/orders ........................................................................ ~ 7s
  Xdebug: [Step Debug] Time-out connecting to debugging client, waited: 200 ms. Tried: localhost:9003 (through xdebug.client_host/xdebug.client_port).
  2026-09-29 19:58:45 /api/storefront .......................................................................... ~ 6s
  Xdebug: [Step Debug] Time-out connecting to debugging client, waited: 200 ms. Tried: localhost:9003 (through xdebug.client_host/xdebug.client_port).
  2026-09-29 19:58:45 /api/admin/orders ........................................................................ ~ 7s
  Xdebug: [Step Debug] Time-out connecting to debugging client, waited: 200 ms. Tried: localhost:9003 (through xdebug.client_host/xdebug.client_port).
  2026-09-29 19:59:45 /api/admin/orders ........................................................................ ~ 1s
  Xdebug: [Step Debug] Time-out connecting to debugging client, waited: 200 ms. Tried: localhost:9003 (through xdebug.client_host/xdebug.client_port).
  2026-09-29 19:59:45 /api/storefront .......................................................................... ~ 7s
  Xdebug: [Step Debug] Time-out connecting to debugging client, waited: 200 ms. Tried: localhost:9003 (through xdebug.client_host/xdebug.client_port).
  2026-09-29 20:00:45 /api/storefront .......................................................................... ~ 6s
  Xdebug: [Step Debug] Time-out connecting to debugging client, waited: 200 ms. Tried: localhost:9003 (through xdebug.client_host/xdebug.client_port).
  2026-09-29 20:01:45 /api/storefront .......................................................................... ~ 6s
  Xdebug: [Step Debug] Time-out connecting to debugging client, waited: 200 ms. Tried: localhost:9003 (through xdebug.client_host/xdebug.client_port).
  2026-09-29 20:02:45 /api/storefront .......................................................................... ~ 6s
  Xdebug: [Step Debug] Time-out connecting to debugging client, waited: 200 ms. Tried: localhost:9003 (through xdebug.client_host/xdebug.client_port).
  2026-09-29 20:03:45 /api/storefront .......................................................................... ~ 6s
  Xdebug: [Step Debug] Time-out connecting to debugging client, waited: 200 ms. Tried: localhost:9003 (through xdebug.client_host/xdebug.client_port).
  2026-09-29 20:04:45 /api/storefront .......................................................................... ~ 6s
  Xdebug: [Step Debug] Time-out connecting to debugging client, waited: 200 ms. Tried: localhost:9003 (through xdebug.client_host/xdebug.client_port).
  2026-09-29 20:05:45 /api/storefront .......................................................................... ~ 6s
  Xdebug: [Step Debug] Time-out connecting to debugging client, waited: 200 ms. Tried: localhost:9003 (through xdebug.client_host/xdebug.client_port).
  2026-09-29 20:06:45 /api/storefront .......................................................................... ~ 6s
  Xdebug: [Step Debug] Time-out connecting to debugging client, waited: 200 ms. Tried: localhost:9003 (through xdebug.client_host/xdebug.client_port).
  2026-09-29 20:07:40 /api/storefront .......................................................................... ~ 9s
  Xdebug: [Step Debug] Time-out connecting to debugging client, waited: 200 ms. Tried: localhost:9003 (through xdebug.client_host/xdebug.client_port).
  2026-09-29 20:07:49 /api/admin/orders ........................................................................ ~ 1s
  Xdebug: [Step Debug] Time-out connecting to debugging client, waited: 200 ms. Tried: localhost:9003 (through xdebug.client_host/xdebug.client_port).
  2026-09-29 20:07:49 /api/storefront .......................................................................... ~ 7s
  Xdebug: [Step Debug] Time-out connecting to debugging client, waited: 200 ms. Tried: localhost:9003 (through xdebug.client_host/xdebug.client_port).
  2026-09-29 20:07:50 /api/admin/menu ......................................................................... ~ 12s
  Xdebug: [Step Debug] Time-out connecting to debugging client, waited: 200 ms. Tried: localhost:9003 (through xdebug.client_host/xdebug.client_port).
  2026-09-29 20:07:56 /api/admin/settings ...................................................................... ~ 7s
  2026-09-29 20:08:02 .......................................................................................... ~ 1s
  2026-09-29 20:08:03 ...................................................................................... ~ 3.01ms
  Xdebug: [Step Debug] Time-out connecting to debugging client, waited: 200 ms. Tried: localhost:9003 (through xdebug.client_host/xdebug.client_port).
  2026-09-29 20:08:03 /api/storefront .......................................................................... ~ 6s
  Xdebug: [Step Debug] Time-out connecting to debugging client, waited: 200 ms. Tried: localhost:9003 (through xdebug.client_host/xdebug.client_port).
  2026-09-29 20:08:45 /api/storefront .......................................................................... ~ 6s
  Xdebug: [Step Debug] Time-out connecting to debugging client, waited: 200 ms. Tried: localhost:9003 (through xdebug.client_host/xdebug.client_port).
  2026-09-29 20:09:45 /api/storefront .......................................................................... ~ 5s
  Xdebug: [Step Debug] Time-out connecting to debugging client, waited: 200 ms. Tried: localhost:9003 (through xdebug.client_host/xdebug.client_port).
  2026-09-29 20:10:45 /api/storefront .......................................................................... ~ 6s
  Xdebug: [Step Debug] Time-out connecting to debugging client, waited: 200 ms. Tried: localhost:9003 (through xdebug.client_host/xdebug.client_port).
  2026-09-29 20:11:45 /api/storefront .......................................................................... ~ 5s
  Xdebug: [Step Debug] Time-out connecting to debugging client, waited: 200 ms. Tried: localhost:9003 (through xdebug.client_host/xdebug.client_port).
  2026-09-29 20:12:45 /api/storefront .......................................................................... ~ 6s
  Xdebug: [Step Debug] Time-out connecting to debugging client, waited: 200 ms. Tried: localhost:9003 (through xdebug.client_host/xdebug.client_port).
  2026-09-29 20:13:45 /api/storefront .......................................................................... ~ 6s
  Xdebug: [Step Debug] Time-out connecting to debugging client, waited: 200 ms. Tried: localhost:9003 (through xdebug.client_host/xdebug.client_port).
  2026-09-29 20:14:45 /api/storefront .......................................................................... ~ 6s
  Xdebug: [Step Debug] Time-out connecting to debugging client, waited: 200 ms. Tried: localhost:9003 (through xdebug.client_host/xdebug.client_port).
  2026-09-29 20:15:45 /api/storefront .......................................................................... ~ 6s
  Xdebug: [Step Debug] Time-out connecting to debugging client, waited: 200 ms. Tried: localhost:9003 (through xdebug.client_host/xdebug.client_port).
  2026-09-29 20:16:45 /api/storefront .......................................................................... ~ 6s
  Xdebug: [Step Debug] Time-out connecting to debugging client, waited: 200 ms. Tried: localhost:9003 (through xdebug.client_host/xdebug.client_port).
  2026-09-29 20:17:45 /api/storefront .......................................................................... ~ 6s
  Xdebug: [Step Debug] Time-out connecting to debugging client, waited: 200 ms. Tried: localhost:9003 (through xdebug.client_host/xdebug.client_port).
  2026-09-29 20:18:45 /api/storefront .......................................................................... ~ 6s
  Xdebug: [Step Debug] Time-out connecting to debugging client, waited: 200 ms. Tried: localhost:9003 (through xdebug.client_host/xdebug.client_port).
  2026-09-29 20:19:45 /api/storefront .......................................................................... ~ 6s
  Xdebug: [Step Debug] Time-out connecting to debugging client, waited: 200 ms. Tried: localhost:9003 (through xdebug.client_host/xdebug.client_port).
  2026-09-29 20:20:45 /api/storefront .......................................................................... ~ 6s
  Xdebug: [Step Debug] Time-out connecting to debugging client, waited: 200 ms. Tried: localhost:9003 (through xdebug.client_host/xdebug.client_port).
  2026-09-29 20:21:45 /api/storefront .......................................................................... ~ 6s
  Xdebug: [Step Debug] Time-out connecting to debugging client, waited: 200 ms. Tried: localhost:9003 (through xdebug.client_host/xdebug.client_port).
  2026-09-29 20:22:45 /api/storefront .......................................................................... ~ 7s
  Xdebug: [Step Debug] Time-out connecting to debugging client, waited: 200 ms. Tried: localhost:9003 (through xdebug.client_host/xdebug.client_port).
  2026-09-29 20:23:45 /api/storefront .......................................................................... ~ 6s
  Xdebug: [Step Debug] Time-out connecting to debugging client, waited: 200 ms. Tried: localhost:9003 (through xdebug.client_host/xdebug.client_port).
  2026-09-29 20:24:45 /api/storefront .......................................................................... ~ 7s
  Xdebug: [Step Debug] Time-out connecting to debugging client, waited: 200 ms. Tried: localhost:9003 (through xdebug.client_host/xdebug.client_port).
  2026-09-29 20:25:45 /api/storefront .......................................................................... ~ 6s
  Xdebug: [Step Debug] Time-out connecting to debugging client, waited: 200 ms. Tried: localhost:9003 (through xdebug.client_host/xdebug.client_port).
  2026-09-29 20:26:45 /api/storefront .......................................................................... ~ 7s
  Xdebug: [Step Debug] Time-out connecting to debugging client, waited: 200 ms. Tried: localhost:9003 (through xdebug.client_host/xdebug.client_port).
  2026-09-29 20:27:45 /api/storefront .......................................................................... ~ 6s
  Xdebug: [Step Debug] Time-out connecting to debugging client, waited: 200 ms. Tried: localhost:9003 (through xdebug.client_host/xdebug.client_port).
  2026-09-29 20:28:45 /api/storefront .......................................................................... ~ 6s
  Xdebug: [Step Debug] Time-out connecting to debugging client, waited: 200 ms. Tried: localhost:9003 (through xdebug.client_host/xdebug.client_port).
  2026-09-29 20:29:45 /api/storefront .......................................................................... ~ 6s
  Xdebug: [Step Debug] Time-out connecting to debugging client, waited: 200 ms. Tried: localhost:9003 (through xdebug.client_host/xdebug.client_port).
  2026-09-29 20:30:45 /api/storefront .......................................................................... ~ 6s
  Xdebug: [Step Debug] Time-out connecting to debugging client, waited: 200 ms. Tried: localhost:9003 (through xdebug.client_host/xdebug.client_port).
  2026-09-29 20:31:45 /api/storefront .......................................................................... ~ 6s
  Xdebug: [Step Debug] Time-out connecting to debugging client, waited: 200 ms. Tried: localhost:9003 (through xdebug.client_host/xdebug.client_port).
  2026-09-29 20:32:45 /api/storefront .......................................................................... ~ 6s
  Xdebug: [Step Debug] Time-out connecting to debugging client, waited: 200 ms. Tried: localhost:9003 (through xdebug.client_host/xdebug.client_port).
  2026-09-29 20:33:45 /api/storefront .......................................................................... ~ 5s
  Xdebug: [Step Debug] Time-out connecting to debugging client, waited: 200 ms. Tried: localhost:9003 (through xdebug.client_host/xdebug.client_port).
  2026-09-29 20:34:45 /api/storefront .......................................................................... ~ 6s
  Xdebug: [Step Debug] Time-out connecting to debugging client, waited: 200 ms. Tried: localhost:9003 (through xdebug.client_host/xdebug.client_port).
  2026-09-29 20:35:45 /api/storefront .......................................................................... ~ 6s
  Xdebug: [Step Debug] Time-out connecting to debugging client, waited: 200 ms. Tried: localhost:9003 (through xdebug.client_host/xdebug.client_port).
  2026-09-29 20:36:45 /api/storefront .......................................................................... ~ 6s
  Xdebug: [Step Debug] Time-out connecting to debugging client, waited: 200 ms. Tried: localhost:9003 (through xdebug.client_host/xdebug.client_port).
  2026-09-29 20:37:45 /api/storefront .......................................................................... ~ 5s
  Xdebug: [Step Debug] Time-out connecting to debugging client, waited: 200 ms. Tried: localhost:9003 (through xdebug.client_host/xdebug.client_port).
  2026-09-29 20:38:45 /api/storefront .......................................................................... ~ 6s
  Xdebug: [Step Debug] Time-out connecting to debugging client, waited: 200 ms. Tried: localhost:9003 (through xdebug.client_host/xdebug.client_port).
  2026-09-29 20:39:45 /api/storefront .......................................................................... ~ 6s
  Xdebug: [Step Debug] Time-out connecting to debugging client, waited: 200 ms. Tried: localhost:9003 (through xdebug.client_host/xdebug.client_port).
  2026-09-29 20:40:45 /api/storefront .......................................................................... ~ 6s
  Xdebug: [Step Debug] Time-out connecting to debugging client, waited: 200 ms. Tried: localhost:9003 (through xdebug.client_host/xdebug.client_port).
  2026-09-29 20:41:45 /api/storefront .......................................................................... ~ 6s
  Xdebug: [Step Debug] Time-out connecting to debugging client, waited: 200 ms. Tried: localhost:9003 (through xdebug.client_host/xdebug.client_port).
  2026-09-29 20:42:45 /api/storefront .......................................................................... ~ 5s
  Xdebug: [Step Debug] Time-out connecting to debugging client, waited: 200 ms. Tried: localhost:9003 (through xdebug.client_host/xdebug.client_port).
  2026-09-29 20:43:45 /api/storefront .......................................................................... ~ 6s
  Xdebug: [Step Debug] Time-out connecting to debugging client, waited: 200 ms. Tried: localhost:9003 (through xdebug.client_host/xdebug.client_port).
  2026-09-29 20:44:45 /api/storefront .......................................................................... ~ 6s
  Xdebug: [Step Debug] Time-out connecting to debugging client, waited: 200 ms. Tried: localhost:9003 (through xdebug.client_host/xdebug.client_port).
  2026-09-29 20:45:45 /api/storefront .......................................................................... ~ 6s
  Xdebug: [Step Debug] Time-out connecting to debugging client, waited: 200 ms. Tried: localhost:9003 (through xdebug.client_host/xdebug.client_port).
  2026-09-29 20:46:45 /api/storefront .......................................................................... ~ 6s
  Xdebug: [Step Debug] Time-out connecting to debugging client, waited: 200 ms. Tried: localhost:9003 (through xdebug.client_host/xdebug.client_port).
  2026-09-29 20:47:45 /api/storefront .......................................................................... ~ 5s
  Xdebug: [Step Debug] Time-out connecting to debugging client, waited: 200 ms. Tried: localhost:9003 (through xdebug.client_host/xdebug.client_port).
  2026-09-29 20:48:45 /api/storefront .......................................................................... ~ 5s
  Xdebug: [Step Debug] Time-out connecting to debugging client, waited: 200 ms. Tried: localhost:9003 (through xdebug.client_host/xdebug.client_port).
  2026-09-29 20:49:45 /api/storefront .......................................................................... ~ 6s
  Xdebug: [Step Debug] Time-out connecting to debugging client, waited: 200 ms. Tried: localhost:9003 (through xdebug.client_host/xdebug.client_port).
  2026-09-29 20:50:45 /api/storefront .......................................................................... ~ 6s
  Xdebug: [Step Debug] Time-out connecting to debugging client, waited: 200 ms. Tried: localhost:9003 (through xdebug.client_host/xdebug.client_port).
  2026-09-29 20:51:45 /api/storefront .......................................................................... ~ 5s
  Xdebug: [Step Debug] Time-out connecting to debugging client, waited: 200 ms. Tried: localhost:9003 (through xdebug.client_host/xdebug.client_port).
  2026-09-29 20:52:45 /api/storefront .......................................................................... ~ 6s
  Xdebug: [Step Debug] Time-out connecting to debugging client, waited: 200 ms. Tried: localhost:9003 (through xdebug.client_host/xdebug.client_port).
  2026-09-29 20:53:45 /api/storefront .......................................................................... ~ 5s
  Xdebug: [Step Debug] Time-out connecting to debugging client, waited: 200 ms. Tried: localhost:9003 (through xdebug.client_host/xdebug.client_port).
  2026-09-29 20:54:45 /api/storefront .......................................................................... ~ 6s
  Xdebug: [Step Debug] Time-out connecting to debugging client, waited: 200 ms. Tried: localhost:9003 (through xdebug.client_host/xdebug.client_port).
  2026-09-29 20:55:45 /api/storefront .......................................................................... ~ 6s
  Xdebug: [Step Debug] Time-out connecting to debugging client, waited: 200 ms. Tried: localhost:9003 (through xdebug.client_host/xdebug.client_port).
  2026-09-29 20:56:45 /api/storefront .......................................................................... ~ 6s
  Xdebug: [Step Debug] Time-out connecting to debugging client, waited: 200 ms. Tried: localhost:9003 (through xdebug.client_host/xdebug.client_port).
  2026-09-29 20:57:45 /api/storefront .......................................................................... ~ 5s
  Xdebug: [Step Debug] Time-out connecting to debugging client, waited: 200 ms. Tried: localhost:9003 (through xdebug.client_host/xdebug.client_port).
  2026-09-29 20:58:45 /api/storefront .......................................................................... ~ 6s
  Xdebug: [Step Debug] Time-out connecting to debugging client, waited: 200 ms. Tried: localhost:9003 (through xdebug.client_host/xdebug.client_port).
  2026-09-29 20:59:45 /api/storefront .......................................................................... ~ 6s
  Xdebug: [Step Debug] Time-out connecting to debugging client, waited: 200 ms. Tried: localhost:9003 (through xdebug.client_host/xdebug.client_port).
  2026-09-29 21:00:45 /api/storefront .......................................................................... ~ 6s
  Xdebug: [Step Debug] Time-out connecting to debugging client, waited: 200 ms. Tried: localhost:9003 (through xdebug.client_host/xdebug.client_port).
  2026-09-29 21:01:45 /api/storefront .......................................................................... ~ 6s
  Xdebug: [Step Debug] Time-out connecting to debugging client, waited: 200 ms. Tried: localhost:9003 (through xdebug.client_host/xdebug.client_port).
  2026-09-29 21:02:45 /api/storefront ......................................................................... ~ 13s
  Xdebug: [Step Debug] Time-out connecting to debugging client, waited: 200 ms. Tried: localhost:9003 (through xdebug.client_host/xdebug.client_port).
  2026-09-29 21:03:45 /api/storefront .......................................................................... ~ 6s
  Xdebug: [Step Debug] Time-out connecting to debugging client, waited: 200 ms. Tried: localhost:9003 (through xdebug.client_host/xdebug.client_port).
  2026-09-29 21:04:45 /api/storefront .......................................................................... ~ 5s
  Xdebug: [Step Debug] Time-out connecting to debugging client, waited: 200 ms. Tried: localhost:9003 (through xdebug.client_host/xdebug.client_port).
  2026-09-29 21:05:45 /api/storefront .......................................................................... ~ 6s
  Xdebug: [Step Debug] Time-out connecting to debugging client, waited: 200 ms. Tried: localhost:9003 (through xdebug.client_host/xdebug.client_port).
  2026-09-29 21:06:45 /api/storefront .......................................................................... ~ 6s
  Xdebug: [Step Debug] Time-out connecting to debugging client, waited: 200 ms. Tried: localhost:9003 (through xdebug.client_host/xdebug.client_port).
  2026-09-29 21:07:45 /api/storefront .......................................................................... ~ 6s
  Xdebug: [Step Debug] Time-out connecting to debugging client, waited: 200 ms. Tried: localhost:9003 (through xdebug.client_host/xdebug.client_port).
  2026-09-29 21:08:45 /api/storefront .......................................................................... ~ 6s
  Xdebug: [Step Debug] Time-out connecting to debugging client, waited: 200 ms. Tried: localhost:9003 (through xdebug.client_host/xdebug.client_port).
  2026-09-29 21:09:45 /api/storefront .......................................................................... ~ 6s
  Xdebug: [Step Debug] Time-out connecting to debugging client, waited: 200 ms. Tried: localhost:9003 (through xdebug.client_host/xdebug.client_port).
  2026-09-29 21:10:45 /api/storefront .......................................................................... ~ 6s
  Xdebug: [Step Debug] Time-out connecting to debugging client, waited: 200 ms. Tried: localhost:9003 (through xdebug.client_host/xdebug.client_port).
  2026-09-29 21:11:45 /api/storefront .......................................................................... ~ 6s
  Xdebug: [Step Debug] Time-out connecting to debugging client, waited: 200 ms. Tried: localhost:9003 (through xdebug.client_host/xdebug.client_port).
  2026-09-29 21:12:45 /api/storefront .......................................................................... ~ 5s
  Xdebug: [Step Debug] Time-out connecting to debugging client, waited: 200 ms. Tried: localhost:9003 (through xdebug.client_host/xdebug.client_port).
  2026-09-29 21:13:45 /api/storefront .......................................................................... ~ 6s
  Xdebug: [Step Debug] Time-out connecting to debugging client, waited: 200 ms. Tried: localhost:9003 (through xdebug.client_host/xdebug.client_port).
  2026-09-29 21:14:45 /api/storefront .......................................................................... ~ 5s
  Xdebug: [Step Debug] Time-out connecting to debugging client, waited: 200 ms. Tried: localhost:9003 (through xdebug.client_host/xdebug.client_port).
  2026-09-29 21:15:45 /api/storefront .......................................................................... ~ 6s
  Xdebug: [Step Debug] Time-out connecting to debugging client, waited: 200 ms. Tried: localhost:9003 (through xdebug.client_host/xdebug.client_port).
  2026-09-29 21:16:45 /api/storefront .......................................................................... ~ 5s
  Xdebug: [Step Debug] Time-out connecting to debugging client, waited: 200 ms. Tried: localhost:9003 (through xdebug.client_host/xdebug.client_port).
  2026-09-29 21:17:45 /api/storefront .......................................................................... ~ 6s
  Xdebug: [Step Debug] Time-out connecting to debugging client, waited: 200 ms. Tried: localhost:9003 (through xdebug.client_host/xdebug.client_port).
  2026-09-29 21:18:45 /api/storefront .......................................................................... ~ 6s
  Xdebug: [Step Debug] Time-out connecting to debugging client, waited: 200 ms. Tried: localhost:9003 (through xdebug.client_host/xdebug.client_port).
  2026-09-29 21:19:45 /api/storefront .......................................................................... ~ 5s
  Xdebug: [Step Debug] Time-out connecting to debugging client, waited: 200 ms. Tried: localhost:9003 (through xdebug.client_host/xdebug.client_port).
  2026-09-29 21:20:45 /api/storefront .......................................................................... ~ 6s
  Xdebug: [Step Debug] Time-out connecting to debugging client, waited: 200 ms. Tried: localhost:9003 (through xdebug.client_host/xdebug.client_port).
  2026-09-29 21:21:45 /api/storefront .......................................................................... ~ 6s
  Xdebug: [Step Debug] Time-out connecting to debugging client, waited: 200 ms. Tried: localhost:9003 (through xdebug.client_host/xdebug.client_port).
  2026-09-29 21:22:45 /api/storefront .......................................................................... ~ 5s
  Xdebug: [Step Debug] Time-out connecting to debugging client, waited: 200 ms. Tried: localhost:9003 (through xdebug.client_host/xdebug.client_port).
  2026-09-29 21:23:45 /api/storefront .......................................................................... ~ 6s
  Xdebug: [Step Debug] Time-out connecting to debugging client, waited: 200 ms. Tried: localhost:9003 (through xdebug.client_host/xdebug.client_port).
  2026-09-29 21:24:45 /api/storefront .......................................................................... ~ 6s
  Xdebug: [Step Debug] Time-out connecting to debugging client, waited: 200 ms. Tried: localhost:9003 (through xdebug.client_host/xdebug.client_port).
  2026-09-29 21:25:45 /api/storefront .......................................................................... ~ 6s
  Xdebug: [Step Debug] Time-out connecting to debugging client, waited: 200 ms. Tried: localhost:9003 (through xdebug.client_host/xdebug.client_port).
  2026-09-29 21:26:45 /api/storefront .......................................................................... ~ 6s
  Xdebug: [Step Debug] Time-out connecting to debugging client, waited: 200 ms. Tried: localhost:9003 (through xdebug.client_host/xdebug.client_port).
  2026-09-29 21:27:45 /api/storefront .......................................................................... ~ 8s
  Xdebug: [Step Debug] Time-out connecting to debugging client, waited: 200 ms. Tried: localhost:9003 (through xdebug.client_host/xdebug.client_port).
  2026-09-29 21:28:45 /api/storefront .......................................................................... ~ 6s
  Xdebug: [Step Debug] Time-out connecting to debugging client, waited: 200 ms. Tried: localhost:9003 (through xdebug.client_host/xdebug.client_port).
  2026-09-29 21:29:45 /api/storefront .......................................................................... ~ 6s
  Xdebug: [Step Debug] Time-out connecting to debugging client, waited: 200 ms. Tried: localhost:9003 (through xdebug.client_host/xdebug.client_port).
  2026-09-29 21:30:45 /api/storefront .......................................................................... ~ 6s
  Xdebug: [Step Debug] Time-out connecting to debugging client, waited: 200 ms. Tried: localhost:9003 (through xdebug.client_host/xdebug.client_port).
  2026-09-29 21:31:45 /api/storefront .......................................................................... ~ 6s
  Xdebug: [Step Debug] Time-out connecting to debugging client, waited: 200 ms. Tried: localhost:9003 (through xdebug.client_host/xdebug.client_port).
  2026-09-29 21:32:45 /api/storefront .......................................................................... ~ 6s
  Xdebug: [Step Debug] Time-out connecting to debugging client, waited: 200 ms. Tried: localhost:9003 (through xdebug.client_host/xdebug.client_port).
  2026-09-29 21:33:45 /api/storefront .......................................................................... ~ 6s
  Xdebug: [Step Debug] Time-out connecting to debugging client, waited: 200 ms. Tried: localhost:9003 (through xdebug.client_host/xdebug.client_port).
  2026-09-29 21:34:45 /api/storefront .......................................................................... ~ 6s
  Xdebug: [Step Debug] Time-out connecting to debugging client, waited: 200 ms. Tried: localhost:9003 (through xdebug.client_host/xdebug.client_port).
  2026-09-29 21:35:45 /api/storefront .......................................................................... ~ 6s
  Xdebug: [Step Debug] Time-out connecting to debugging client, waited: 200 ms. Tried: localhost:9003 (through xdebug.client_host/xdebug.client_port).
  2026-09-29 21:36:45 /api/storefront .......................................................................... ~ 7s
  Xdebug: [Step Debug] Time-out connecting to debugging client, waited: 200 ms. Tried: localhost:9003 (through xdebug.client_host/xdebug.client_port).
  2026-09-29 21:37:45 /api/storefront .......................................................................... ~ 6s
  Xdebug: [Step Debug] Time-out connecting to debugging client, waited: 200 ms. Tried: localhost:9003 (through xdebug.client_host/xdebug.client_port).
  2026-09-29 21:38:45 /api/storefront .......................................................................... ~ 6s
  Xdebug: [Step Debug] Time-out connecting to debugging client, waited: 200 ms. Tried: localhost:9003 (through xdebug.client_host/xdebug.client_port).
  2026-09-29 21:39:45 /api/storefront .......................................................................... ~ 6s
  Xdebug: [Step Debug] Time-out connecting to debugging client, waited: 200 ms. Tried: localhost:9003 (through xdebug.client_host/xdebug.client_port).
  2026-09-29 21:40:45 /api/storefront .......................................................................... ~ 6s
  Xdebug: [Step Debug] Time-out connecting to debugging client, waited: 200 ms. Tried: localhost:9003 (through xdebug.client_host/xdebug.client_port).
  2026-09-29 21:41:45 /api/storefront .......................................................................... ~ 6s
  Xdebug: [Step Debug] Time-out connecting to debugging client, waited: 200 ms. Tried: localhost:9003 (through xdebug.client_host/xdebug.client_port).
  2026-09-29 21:42:45 /api/storefront .......................................................................... ~ 6s
  Xdebug: [Step Debug] Time-out connecting to debugging client, waited: 200 ms. Tried: localhost:9003 (through xdebug.client_host/xdebug.client_port).
  2026-09-29 21:43:45 /api/storefront .......................................................................... ~ 6s
  Xdebug: [Step Debug] Time-out connecting to debugging client, waited: 200 ms. Tried: localhost:9003 (through xdebug.client_host/xdebug.client_port).
  2026-09-29 21:44:45 /api/storefront .......................................................................... ~ 6s
  Xdebug: [Step Debug] Time-out connecting to debugging client, waited: 200 ms. Tried: localhost:9003 (through xdebug.client_host/xdebug.client_port).
  2026-09-29 21:45:45 /api/storefront .......................................................................... ~ 6s
  Xdebug: [Step Debug] Time-out connecting to debugging client, waited: 200 ms. Tried: localhost:9003 (through xdebug.client_host/xdebug.client_port).
  2026-09-29 21:46:45 /api/storefront .......................................................................... ~ 6s
  Xdebug: [Step Debug] Time-out connecting to debugging client, waited: 200 ms. Tried: localhost:9003 (through xdebug.client_host/xdebug.client_port).
  2026-09-29 21:47:45 /api/storefront .......................................................................... ~ 6s
  Xdebug: [Step Debug] Time-out connecting to debugging client, waited: 200 ms. Tried: localhost:9003 (through xdebug.client_host/xdebug.client_port).
  2026-09-29 21:48:45 /api/storefront .......................................................................... ~ 6s
  Xdebug: [Step Debug] Time-out connecting to debugging client, waited: 200 ms. Tried: localhost:9003 (through xdebug.client_host/xdebug.client_port).
  2026-09-29 21:49:45 /api/storefront .......................................................................... ~ 6s
  Xdebug: [Step Debug] Time-out connecting to debugging client, waited: 200 ms. Tried: localhost:9003 (through xdebug.client_host/xdebug.client_port).
  2026-09-29 21:50:45 /api/storefront .......................................................................... ~ 6s
  Xdebug: [Step Debug] Time-out connecting to debugging client, waited: 200 ms. Tried: localhost:9003 (through xdebug.client_host/xdebug.client_port).
  2026-09-29 21:51:45 /api/storefront .......................................................................... ~ 6s
  Xdebug: [Step Debug] Time-out connecting to debugging client, waited: 200 ms. Tried: localhost:9003 (through xdebug.client_host/xdebug.client_port).
  2026-09-29 21:52:45 /api/storefront .......................................................................... ~ 6s
  Xdebug: [Step Debug] Time-out connecting to debugging client, waited: 200 ms. Tried: localhost:9003 (through xdebug.client_host/xdebug.client_port).
  2026-09-29 21:53:45 /api/storefront .......................................................................... ~ 6s
  Xdebug: [Step Debug] Time-out connecting to debugging client, waited: 200 ms. Tried: localhost:9003 (through xdebug.client_host/xdebug.client_port).
  2026-09-29 21:54:45 /api/storefront .......................................................................... ~ 6s
  Xdebug: [Step Debug] Time-out connecting to debugging client, waited: 200 ms. Tried: localhost:9003 (through xdebug.client_host/xdebug.client_port).
  2026-09-29 21:55:45 /api/storefront .......................................................................... ~ 6s
  Xdebug: [Step Debug] Time-out connecting to debugging client, waited: 200 ms. Tried: localhost:9003 (through xdebug.client_host/xdebug.client_port).
  2026-09-29 21:56:45 /api/storefront .......................................................................... ~ 6s
  Xdebug: [Step Debug] Time-out connecting to debugging client, waited: 200 ms. Tried: localhost:9003 (through xdebug.client_host/xdebug.client_port).
  2026-09-29 21:57:45 /api/storefront .......................................................................... ~ 6s
  Xdebug: [Step Debug] Time-out connecting to debugging client, waited: 200 ms. Tried: localhost:9003 (through xdebug.client_host/xdebug.client_port).
  2026-09-29 21:58:45 /api/storefront .......................................................................... ~ 6s
  Xdebug: [Step Debug] Time-out connecting to debugging client, waited: 200 ms. Tried: localhost:9003 (through xdebug.client_host/xdebug.client_port).
  2026-09-29 21:59:45 /api/storefront .......................................................................... ~ 9s
  Xdebug: [Step Debug] Time-out connecting to debugging client, waited: 200 ms. Tried: localhost:9003 (through xdebug.client_host/xdebug.client_port).
  2026-09-29 22:00:29 /api/storefront .......................................................................... ~ 6s
  Xdebug: [Step Debug] Time-out connecting to debugging client, waited: 200 ms. Tried: localhost:9003 (through xdebug.client_host/xdebug.client_port).
  2026-09-29 22:00:45 /api/storefront .......................................................................... ~ 6s
  Xdebug: [Step Debug] Time-out connecting to debugging client, waited: 200 ms. Tried: localhost:9003 (through xdebug.client_host/xdebug.client_port).
  2026-09-29 22:01:02 /api/media/01a0da49-8e7c-73b7-b3e8-dfc8d35c49da/0cf2e763-bbe8-481b-acd7-7c9409052281.png . ~ 1s
  Xdebug: [Step Debug] Time-out connecting to debugging client, waited: 200 ms. Tried: localhost:9003 (through xdebug.client_host/xdebug.client_port).
  2026-09-29 22:01:45 /api/storefront .......................................................................... ~ 6s
  Xdebug: [Step Debug] Time-out connecting to debugging client, waited: 200 ms. Tried: localhost:9003 (through xdebug.client_host/xdebug.client_port).
  2026-09-29 22:02:45 /api/storefront .......................................................................... ~ 6s
  Xdebug: [Step Debug] Time-out connecting to debugging client, waited: 200 ms. Tried: localhost:9003 (through xdebug.client_host/xdebug.client_port).
  2026-09-29 22:03:45 /api/storefront .......................................................................... ~ 6s
  Xdebug: [Step Debug] Time-out connecting to debugging client, waited: 200 ms. Tried: localhost:9003 (through xdebug.client_host/xdebug.client_port).
  2026-09-29 22:04:45 /api/storefront ......................................................................... ~ 16s
  Xdebug: [Step Debug] Time-out connecting to debugging client, waited: 200 ms. Tried: localhost:9003 (through xdebug.client_host/xdebug.client_port).
  2026-09-29 22:05:45 /api/storefront .......................................................................... ~ 6s
  Xdebug: [Step Debug] Time-out connecting to debugging client, waited: 200 ms. Tried: localhost:9003 (through xdebug.client_host/xdebug.client_port).
  2026-09-29 22:06:45 /api/storefront .......................................................................... ~ 6s
  Xdebug: [Step Debug] Time-out connecting to debugging client, waited: 200 ms. Tried: localhost:9003 (through xdebug.client_host/xdebug.client_port).
  2026-09-29 22:07:45 /api/storefront .......................................................................... ~ 6s
  Xdebug: [Step Debug] Time-out connecting to debugging client, waited: 200 ms. Tried: localhost:9003 (through xdebug.client_host/xdebug.client_port).
  2026-09-29 22:08:45 /api/storefront .......................................................................... ~ 6s
  Xdebug: [Step Debug] Time-out connecting to debugging client, waited: 200 ms. Tried: localhost:9003 (through xdebug.client_host/xdebug.client_port).
  2026-09-29 22:09:45 /api/storefront .......................................................................... ~ 6s
  Xdebug: [Step Debug] Time-out connecting to debugging client, waited: 200 ms. Tried: localhost:9003 (through xdebug.client_host/xdebug.client_port).
  2026-09-29 22:10:43 /api/storefront .......................................................................... ~ 6s
  Xdebug: [Step Debug] Time-out connecting to debugging client, waited: 200 ms. Tried: localhost:9003 (through xdebug.client_host/xdebug.client_port).
  2026-09-29 22:10:49 /api/storefront .......................................................................... ~ 6s
  Xdebug: [Step Debug] Time-out connecting to debugging client, waited: 200 ms. Tried: localhost:9003 (through xdebug.client_host/xdebug.client_port).
  2026-09-29 22:11:45 /api/storefront .......................................................................... ~ 6s
  Xdebug: [Step Debug] Time-out connecting to debugging client, waited: 200 ms. Tried: localhost:9003 (through xdebug.client_host/xdebug.client_port).
  2026-09-29 22:12:45 /api/storefront .......................................................................... ~ 7s
  Xdebug: [Step Debug] Time-out connecting to debugging client, waited: 200 ms. Tried: localhost:9003 (through xdebug.client_host/xdebug.client_port).
  2026-09-29 22:13:24 /api/storefront .......................................................................... ~ 6s
  Xdebug: [Step Debug] Time-out connecting to debugging client, waited: 200 ms. Tried: localhost:9003 (through xdebug.client_host/xdebug.client_port).
  2026-09-29 22:13:45 /api/storefront .......................................................................... ~ 6s
